Pair_ID,num_nodes,num_edges,density,is_connected,avg_clustering,transitivity,assortativity,max_degree,min_degree,avg_degree,avg_betweenness,avg_closeness,diameter,radius,avg_is_ligand,num_unique_residues,residue_ALA_count,residue_ARG_count,residue_ASN_count,residue_ASP_count,residue_CYS_count,residue_GLN_count,residue_GLU_count,residue_GLY_count,residue_HIS_count,residue_ILE_count,residue_LEU_count,residue_LYS_count,residue_MET_count,residue_PHE_count,residue_PRO_count,residue_SER_count,residue_THR_count,residue_TRP_count,residue_TYR_count,residue_VAL_count,node_type_1_count,node_type_2_count,node_type_4_count,node_type_5_count,node_type_6_count,node_type_7_count,node_type_8_count,node_type_10_count,node_type_16_count,node_type_17_count,node_type_32_count,node_type_33_count,node_type_34_count,node_type_36_count,node_type_38_count,node_type_39_count,avg_edge_distance,min_edge_distance,max_edge_distance,edge_type_128_count,edge_type_256_count,edge_type_384_count,edge_type_512_count,edge_type_1024_count,edge_type_1152_count,edge_type_1536_count,edge_type_1664_count,edge_type_2048_count,edge_type_2560_count,Label_gt_0,Label_gt_1pct,Label_gt_2pct,Label_gt_3pct,Label_gt_4pct,Label_gt_5pct,Label_gt_6pct,Label_gt_7pct,Label_gt_8pct,Label_gt_9pct,Label_gt_10pct,Label
3,7,7,0.3333333333333333,1,0.0,0.0,-0.48484848484848697,3,1,2.0,0.19999999999999998,0.5200989486703772,4,2,0.42857142857142855,2,0,6,0,1,0,0,0,0,0,0,0,0,0,0,0,0,0,0,0,0,0,0,0,0,0,0,0,0,1,0,6,0,0,0,0,0,5.186639575259151,4.656648039178568,5.858288726437759,0,0,0,0,4,0,0,0,3,0,0,0,0,0,0,0,0,0,0,0,0,0
4,7,7,0.3333333333333333,1,0.0,0.0,-0.48484848484848697,3,1,2.0,0.19999999999999998,0.5200989486703772,4,2,0.5714285714285714,2,0,6,0,1,0,0,0,0,0,0,0,0,0,0,0,0,0,0,0,0,0,0,0,0,0,0,0,0,1,0,6,0,0,0,0,0,5.123060036599904,4.658743756340645,5.749401201517093,0,0,0,0,4,0,0,0,3,0,0,0,0,0,0,0,0,0,0,0,0,0
10,4,3,0.5,1,0.0,0.0,-1.0,3,1,1.5,0.25,0.7000000000000001,2,1,0.25,4,0,0,0,0,0,0,0,0,0,0,1,0,1,1,0,0,0,0,1,0,0,0,0,0,0,0,4,0,0,0,0,0,0,0,0,0,3.7545178073824204,3.736515929568072,3.772466990510194,0,3,0,0,0,0,0,0,0,0,1,1,1,1,1,0,0,0,0,0,0,0
18,4,3,0.5,1,0.0,0.0,-0.4999999999999988,2,1,1.5,0.3333333333333333,0.625,3,2,0.5,2,0,0,0,0,0,0,0,0,0,1,0,0,0,3,0,0,0,0,0,0,0,0,0,0,0,0,4,0,0,0,0,0,0,0,0,0,3.6054370207714146,3.524918961722034,3.6581994929744095,0,3,0,0,0,0,0,0,0,0,1,1,1,1,1,1,1,1,1,0,0,0
22,5,4,0.4,1,0.0,0.0,-0.3333333333333333,2,1,1.6,0.3333333333333333,0.5219047619047619,4,2,0.4,3,0,0,0,0,0,0,0,0,0,0,1,0,0,3,0,0,0,0,0,1,0,0,0,0,0,0,5,0,0,0,0,0,0,0,0,0,3.574045892943459,3.5037215515741487,3.613517421882652,0,4,0,0,0,0,0,0,0,0,1,1,1,0,0,0,0,0,0,0,0,0
31,4,3,0.5,1,0.0,0.0,-1.0,3,1,1.5,0.25,0.7000000000000001,2,1,0.75,2,0,3,0,1,0,0,0,0,0,0,0,0,0,0,0,0,0,0,0,0,0,0,0,0,0,0,0,0,1,0,3,0,0,0,0,0,4.986825165128933,4.185001803046169,5.502346209629671,0,0,0,0,0,0,0,0,3,0,1,1,1,0,0,0,0,0,0,0,0,0
36,4,3,0.5,1,0.0,0.0,-1.0,3,1,1.5,0.25,0.7,2,1,0.75,2,0,3,0,0,0,0,1,0,0,0,0,0,0,0,0,0,0,0,0,0,0,0,0,0,0,0,0,0,1,0,3,0,0,0,0,0,5.4321132265179735,4.845492303648702,5.7449608250910185,0,0,0,0,0,0,0,0,3,0,1,1,1,0,0,0,0,0,0,0,0,0
46,4,3,0.5,1,0.0,0.0,-1.0,3,1,1.5,0.25,0.7000000000000001,2,1,0.25,2,0,3,0,1,0,0,0,0,0,0,0,0,0,0,0,0,0,0,0,0,0,0,0,0,0,0,0,0,1,0,3,0,0,0,0,0,5.625290929325509,5.5719121374445315,5.655452112626117,0,0,0,0,0,0,0,0,3,0,1,1,1,0,0,0,0,0,0,0,0,0
47,6,7,0.4666666666666667,1,0.0,0.0,-0.8666666666666683,4,1,2.3333333333333335,0.15,0.638888888888889,3,2,0.6666666666666666,2,0,4,0,2,0,0,0,0,0,0,0,0,0,0,0,0,0,0,0,0,0,0,0,0,0,0,0,0,2,0,4,0,0,0,0,0,4.659689286057571,3.65946970000993,5.750831543385914,0,0,0,0,0,0,0,0,7,0,1,0,0,0,0,0,0,0,0,0,0,0
49,5,4,0.4,1,0.0,0.0,-0.6666666666666666,3,1,1.6,0.26666666666666666,0.5822222222222222,3,2,0.4,4,0,0,1,2,0,0,0,0,0,0,1,1,0,0,0,0,0,0,0,0,3,0,2,0,0,0,0,0,0,0,0,0,0,0,0,0,2.8283328056208523,2.7182516996780413,2.9767804640421676,0,0,0,4,0,0,0,0,0,0,0,0,0,0,0,0,0,0,0,0,0,0
50,6,5,0.3333333333333333,1,0.0,0.0,-1.0,5,1,1.6666666666666667,0.16666666666666666,0.6296296296296297,2,1,0.8333333333333334,2,0,0,0,4,0,0,0,0,0,0,0,2,0,0,0,0,0,0,0,0,1,0,0,0,0,0,0,0,2,1,1,0,0,1,0,0,4.115476758475887,2.3658931657707205,5.717877413135183,0,0,0,1,1,0,0,0,2,1,0,0,0,0,0,0,0,0,0,0,0,0
52,7,7,0.3333333333333333,1,0.0,0.0,-0.6065573770491793,4,1,2.0,0.18095238095238095,0.544824223395652,3,2,0.5714285714285714,4,0,0,0,2,0,0,3,0,0,0,0,1,0,0,0,0,1,0,0,0,0,0,1,0,0,0,0,0,4,1,1,0,0,0,0,0,4.274563749497881,2.76573209758306,5.664312469977406,0,0,0,1,4,0,0,0,2,0,0,0,0,0,0,0,0,0,0,0,0,0
56,17,18,0.1323529411764706,1,0.0,0.0,-0.4375000000000002,6,1,2.1176470588235294,0.1411764705882353,0.3324816294156245,6,3,0.47058823529411764,8,0,4,0,2,0,0,4,0,0,0,0,2,0,0,1,2,1,1,0,0,3,0,2,0,0,0,0,0,5,1,3,0,0,3,0,0,4.3671060581339605,2.474941182419433,5.972610499649819,0,0,0,5,2,0,0,0,11,0,0,0,0,0,0,0,0,0,0,0,0,0
64,6,5,0.3333333333333333,1,0.0,0.0,-1.0,5,1,1.6666666666666667,0.16666666666666666,0.6296296296296297,2,1,0.16666666666666666,3,0,0,0,0,0,0,0,0,0,0,0,0,0,3,1,0,0,2,0,0,0,0,0,0,0,0,6,0,0,0,0,0,0,0,0,0,3.64627289734738,3.4682091085101434,3.7733683975634307,0,5,0,0,0,0,0,0,0,0,0,0,0,0,0,0,0,0,0,0,0,0
71,17,18,0.1323529411764706,1,0.0,0.0,-0.4375000000000002,6,1,2.1176470588235294,0.1411764705882353,0.3324816294156245,6,3,0.5294117647058824,8,0,4,0,2,0,0,4,0,0,0,0,2,0,0,1,2,1,1,0,0,3,0,2,0,0,0,0,0,5,1,3,0,0,3,0,0,4.355661416827424,2.51172600943027,5.931360199670932,0,0,0,5,2,0,0,0,11,0,0,0,0,0,0,0,0,0,0,0,0,0
78,6,5,0.3333333333333333,1,0.0,0.0,-1.0,5,1,1.6666666666666667,0.16666666666666666,0.6296296296296297,2,1,0.8333333333333334,3,0,0,0,0,0,0,0,0,0,0,0,0,0,3,1,0,0,2,0,0,0,0,0,0,0,0,6,0,0,0,0,0,0,0,0,0,3.630383849288471,3.494804785476969,3.7732577812283146,0,5,0,0,0,0,0,0,0,0,0,0,0,0,0,0,0,0,0,0,0,0
86,5,4,0.4,1,0.0,0.0,-1.0,4,1,1.6,0.2,0.6571428571428571,2,1,0.2,2,0,4,0,1,0,0,0,0,0,0,0,0,0,0,0,0,0,0,0,0,0,0,0,0,0,0,0,0,1,0,4,0,0,0,0,0,4.9420946779029,4.326146554901107,5.947829154059061,0,0,0,0,0,0,0,0,4,0,1,0,0,0,0,0,0,0,0,0,0,0
89,8,16,0.5714285714285714,1,0.0,0.0,,4,4,4.0,0.07142857142857142,0.7,2,2,0.5,1,0,8,0,0,0,0,0,0,0,0,0,0,0,0,0,0,0,0,0,0,0,0,0,0,0,0,0,0,0,0,8,0,0,0,0,0,4.560767783483199,3.00421057177092,5.8740657398090645,0,0,0,0,16,0,0,0,0,0,0,0,0,0,0,0,0,0,0,0,0,0
92,4,3,0.5,1,0.0,0.0,-0.4999999999999988,2,1,1.5,0.3333333333333333,0.625,3,2,0.5,2,0,0,0,0,0,0,0,0,0,2,0,0,0,0,0,0,0,0,2,0,0,0,0,0,0,0,4,0,0,0,0,0,0,0,0,0,3.721879724444531,3.657418286871404,3.787301404155686,0,3,0,0,0,0,0,0,0,0,1,1,1,1,1,1,1,1,1,0,0,0
95,4,3,0.5,1,0.0,0.0,-1.0,3,1,1.5,0.25,0.7000000000000001,2,1,0.25,2,0,3,0,1,0,0,0,0,0,0,0,0,0,0,0,0,0,0,0,0,0,0,0,0,0,0,0,0,1,0,3,0,0,0,0,0,4.97460787208455,4.599048947696322,5.24682559109008,0,0,0,0,0,0,0,0,3,0,1,1,1,0,0,0,0,0,0,0,0,0
101,7,6,0.2857142857142857,1,0.0,0.0,-0.49999999999999944,4,1,1.7142857142857142,0.21904761904761902,0.5019980019980019,4,2,0.42857142857142855,2,0,5,0,2,0,0,0,0,0,0,0,0,0,0,0,0,0,0,0,0,0,0,0,0,0,0,0,0,2,0,5,0,0,0,0,0,5.149897268815681,4.103224325550603,5.871110738114632,0,0,0,0,1,0,0,0,5,0,0,0,0,0,0,0,0,0,0,0,0,0
104,8,8,0.2857142857142857,1,0.0,0.0,-0.4444444444444444,4,1,2.0,0.1964285714285714,0.478698752228164,4,2,0.375,2,0,0,0,0,0,0,0,0,0,3,0,0,0,0,0,0,0,0,5,0,0,0,0,0,0,0,8,0,0,0,0,0,0,0,0,0,3.638879359914742,3.5259828715489365,3.795685505958857,0,8,0,0,0,0,0,0,0,0,0,0,0,0,0,0,0,0,0,0,0,0
106,6,5,0.3333333333333333,1,0.0,0.0,-0.7391304347826096,4,1,1.6666666666666667,0.21666666666666667,0.5625,3,2,0.3333333333333333,2,0,5,0,1,0,0,0,0,0,0,0,0,0,0,0,0,0,0,0,0,0,0,0,0,0,0,0,0,1,0,5,0,0,0,0,0,5.068266578231173,4.274913271633224,5.942565157883522,0,0,0,0,1,0,0,0,4,0,0,0,0,0,0,0,0,0,0,0,0,0
109,4,3,0.5,1,0.0,0.0,-1.0,3,1,1.5,0.25,0.7,2,1,0.25,2,0,0,0,0,0,0,2,0,0,0,0,2,0,0,0,0,0,0,0,0,1,0,0,0,0,0,0,0,2,0,0,0,0,1,0,0,3.5154687487330705,2.551473060146345,4.681997777412054,0,0,0,1,0,0,0,0,2,0,0,0,0,0,0,0,0,0,0,0,0,0
112,6,5,0.3333333333333333,1,0.0,0.0,-0.250000000000004,2,1,1.6666666666666667,0.3333333333333333,0.4478114478114478,5,3,0.5,2,0,0,0,0,0,0,4,0,0,0,0,0,0,0,0,2,0,0,0,0,0,0,2,0,0,0,0,0,2,2,0,0,0,0,0,0,4.153709091961749,2.506153883390277,5.856805042852557,0,0,0,2,3,0,0,0,0,0,0,0,0,0,0,0,0,0,0,0,0,0
120,6,5,0.3333333333333333,1,0.0,0.0,-0.7391304347826096,4,1,1.6666666666666667,0.21666666666666667,0.5625,3,2,0.3333333333333333,2,0,3,0,0,0,0,3,0,0,0,0,0,0,0,0,0,0,0,0,0,0,0,0,0,0,0,0,0,3,0,3,0,0,0,0,0,5.466794177954243,4.666401675145202,5.872628863067755,0,0,0,0,2,0,0,0,3,0,0,0,0,0,0,0,0,0,0,0,0,0
122,4,3,0.5,1,0.0,0.0,-1.0,3,1,1.5,0.25,0.7000000000000001,2,1,0.75,2,0,0,0,0,0,0,2,0,0,0,0,2,0,0,0,0,0,0,0,0,1,0,0,0,0,0,0,0,2,0,0,0,0,1,0,0,4.012412889797916,2.4577028921992508,5.383094282190058,0,0,0,1,0,0,0,0,2,0,0,0,0,0,0,0,0,0,0,0,0,0
125,9,10,0.2777777777777778,1,0.0,0.0,-0.6897506925207757,6,1,2.2222222222222223,0.1349206349206349,0.532646220881515,3,2,0.6666666666666666,4,0,4,0,0,0,0,3,0,0,0,0,1,1,0,0,0,0,0,0,0,0,0,1,0,0,0,0,0,2,1,5,0,0,0,0,0,4.869658249821994,2.929132490434258,5.989517522289334,0,0,0,1,2,0,0,0,7,0,0,0,0,0,0,0,0,0,0,0,0,0
127,5,4,0.4,1,0.0,0.0,-0.6666666666666666,3,1,1.6,0.26666666666666666,0.5822222222222223,3,2,0.4,3,0,0,0,0,0,0,2,0,0,0,0,2,0,0,0,1,0,0,0,0,1,0,1,0,0,0,0,0,1,1,0,0,0,1,0,0,3.178441704843917,2.5418230446396386,4.251444844738491,0,0,0,2,0,0,0,0,2,0,0,0,0,0,0,0,0,0,0,0,0,0
130,6,6,0.4,1,0.0,0.0,-0.09090909090909247,3,1,2.0,0.2333333333333333,0.5366855366855368,4,2,0.5,2,0,0,0,0,0,0,4,0,0,0,0,0,0,0,0,2,0,0,0,0,0,0,2,0,0,0,0,0,1,3,0,0,0,0,0,0,3.9451726485663077,2.6359494265151358,5.910838747923106,0,0,0,3,3,0,0,0,0,0,0,0,0,0,0,0,0,0,0,0,0,0
139,4,3,0.5,1,0.0,0.0,-0.4999999999999988,2,1,1.5,0.3333333333333333,0.625,3,2,0.5,3,0,0,0,0,0,0,1,0,0,0,1,0,2,0,0,0,0,0,0,0,0,0,0,0,0,0,4,0,0,0,0,0,0,0,0,0,3.5205649954694525,3.212160958634156,3.7695131501713472,0,3,0,0,0,0,0,0,0,0,1,1,1,1,1,1,1,1,1,0,0,0
141,5,4,0.4,1,0.0,0.0,-0.6666666666666666,3,1,1.6,0.26666666666666666,0.5822222222222223,3,2,0.6,4,0,0,0,0,0,0,2,0,0,0,0,1,0,0,0,1,1,0,0,0,1,0,0,1,0,0,0,0,1,1,0,0,0,1,0,0,3.1949940074393375,2.6417980417084794,4.216124446787631,0,0,0,2,0,0,0,0,1,1,0,0,0,0,0,0,0,0,0,0,0,0
164,11,11,0.2,1,0.0,0.0,-0.6673684210526317,6,1,2.0,0.1393939393939394,0.46071428571428574,4,2,0.6363636363636364,2,0,0,0,0,0,0,2,0,9,0,0,0,0,0,0,0,0,0,0,0,1,4,0,0,0,0,0,0,2,0,1,0,0,1,0,2,3.61518812127059,2.392519432116289,5.3075000469426845,4,0,0,1,2,0,0,1,3,0,0,0,0,0,0,0,0,0,0,0,0,0
169,8,7,0.25,1,0.0,0.0,-0.2352941176470586,3,1,1.75,0.23809523809523808,0.4319760101010101,5,3,0.5,4,0,3,1,2,0,0,2,0,0,0,0,0,0,0,0,0,0,0,0,0,0,0,1,0,0,0,0,0,3,1,3,0,0,0,0,0,5.084456990297663,2.8895637259619154,5.987415645556751,0,0,0,1,0,0,0,0,6,0,0,0,0,0,0,0,0,0,0,0,0,0
176,4,3,0.5,1,0.0,0.0,-1.0,3,1,1.5,0.25,0.7,2,1,0.75,2,0,0,0,0,0,0,0,0,0,2,0,0,0,0,0,0,0,0,2,0,0,0,0,0,0,0,4,0,0,0,0,0,0,0,0,0,3.6632686776651835,3.626009020224169,3.7083449771007664,0,3,0,0,0,0,0,0,0,0,1,1,1,1,1,0,0,0,0,0,0,0
177,8,9,0.32142857142857145,1,0.0,0.0,-0.6822429906542058,4,1,2.25,0.1607142857142857,0.5276635129576306,4,2,0.375,2,0,0,0,0,0,0,2,0,6,0,0,0,0,0,0,0,0,0,0,0,1,1,0,0,0,0,0,0,1,1,1,0,1,2,0,0,4.135546227823536,2.410549937142733,5.687095998860436,1,0,0,1,3,0,0,0,3,1,0,0,0,0,0,0,0,0,0,0,0,0
180,5,4,0.4,1,0.0,0.0,-0.6666666666666666,3,1,1.6,0.26666666666666666,0.5822222222222223,3,2,0.4,3,0,1,0,0,0,0,3,0,0,0,0,1,0,0,0,0,0,0,0,0,0,0,0,0,0,0,0,0,3,0,2,0,0,0,0,0,4.719570973384338,3.4978045101808077,5.987332250345128,0,0,0,0,0,0,0,0,4,0,0,0,0,0,0,0,0,0,0,0,0,0
184,9,13,0.3611111111111111,1,0.0,0.0,-0.5402843601895733,5,1,2.888888888888889,0.11904761904761904,0.5620198247649228,3,2,0.5555555555555556,2,0,7,0,2,0,0,0,0,0,0,0,0,0,0,0,0,0,0,0,0,0,0,0,0,0,0,0,0,1,1,6,0,0,1,0,0,4.391366282977802,2.8114937221858143,5.684599739330153,0,0,0,0,5,0,0,0,7,1,0,0,0,0,0,0,0,0,0,0,0,0
190,8,13,0.4642857142857143,1,0.0,0.0,-0.44444444444444586,4,1,3.25,0.10714285714285712,0.6234375,3,2,0.5,2,0,6,0,2,0,0,0,0,0,0,0,0,0,0,0,0,0,0,0,0,0,0,0,0,0,0,0,0,1,1,5,0,0,1,0,0,4.28866209266221,2.8422135194252984,5.955456248046545,0,0,0,0,5,0,0,0,7,1,0,0,0,0,0,0,0,0,0,0,0,0
191,4,3,0.5,1,0.0,0.0,-1.0,3,1,1.5,0.25,0.7,2,1,0.25,1,0,0,0,0,0,0,0,0,0,4,0,0,0,0,0,0,0,0,0,0,0,0,0,0,0,0,4,0,0,0,0,0,0,0,0,0,3.5637831908325155,3.4512093261356585,3.746497923151605,0,3,0,0,0,0,0,0,0,0,1,1,1,1,1,0,0,0,0,0,0,0
202,4,3,0.5,1,0.0,0.0,-0.4999999999999988,2,1,1.5,0.3333333333333333,0.625,3,2,0.5,3,0,0,0,0,0,0,0,0,0,0,1,0,2,0,0,0,0,0,0,1,0,0,0,0,0,0,4,0,0,0,0,0,0,0,0,0,3.507493344156744,3.2843021822449523,3.655598213422927,0,3,0,0,0,0,0,0,0,0,1,1,1,1,1,1,1,1,1,0,0,0
213,4,3,0.5,1,0.0,0.0,-1.0,3,1,1.5,0.25,0.7000000000000001,2,1,0.75,1,0,0,0,0,0,0,0,0,0,0,4,0,0,0,0,0,0,0,0,0,0,0,0,0,0,0,4,0,0,0,0,0,0,0,0,0,3.408670728062473,3.195147660042422,3.760124662035375,0,3,0,0,0,0,0,0,0,0,1,1,1,1,1,0,0,0,0,0,0,0
222,4,3,0.5,1,0.0,0.0,-0.4999999999999988,2,1,1.5,0.3333333333333333,0.625,3,2,0.5,1,0,0,0,0,0,0,0,0,0,4,0,0,0,0,0,0,0,0,0,0,0,0,0,0,0,0,4,0,0,0,0,0,0,0,0,0,3.55574799482074,3.3805269762861228,3.6477299033077526,0,3,0,0,0,0,0,0,0,0,1,1,1,1,1,1,1,1,1,0,0,0
226,5,6,0.6,1,0.0,0.0,-1.0,3,2,2.4,0.13333333333333336,0.72,2,2,0.6,3,0,0,0,2,0,0,0,0,2,0,0,1,0,0,0,0,0,0,0,0,0,0,0,0,0,0,0,0,2,0,3,0,0,0,0,0,4.551324781654605,3.446547776974035,5.623175365819855,0,0,0,0,0,0,0,0,6,0,1,0,0,0,0,0,0,0,0,0,0,0
229,20,38,0.2,1,0.0,0.0,0.11894007828967004,7,1,3.8,0.09970760233918127,0.37324109367714126,7,4,0.45,4,0,14,0,4,0,0,1,0,0,0,0,0,0,0,0,0,1,0,0,0,0,0,1,0,0,0,0,0,4,1,14,0,0,0,0,0,5.331668790242409,2.7793696354464497,5.965875675876912,0,0,0,1,18,0,0,0,19,0,0,0,0,0,0,0,0,0,0,0,0,0
231,4,3,0.5,1,0.0,0.0,-1.0,3,1,1.5,0.25,0.7,2,1,0.75,2,0,0,0,0,0,0,0,0,0,0,0,0,1,3,0,0,0,0,0,0,0,0,0,0,0,0,4,0,0,0,0,0,0,0,0,0,3.5831699577677014,3.3835884008873864,3.7953585421816856,0,3,0,0,0,0,0,0,0,0,1,1,1,1,1,0,0,0,0,0,0,0
236,6,5,0.3333333333333333,1,0.0,0.0,-0.6666666666666673,3,1,1.6666666666666667,0.2833333333333334,0.4900793650793651,4,2,0.3333333333333333,4,0,3,0,1,0,1,0,0,0,0,0,0,0,0,0,0,0,1,0,0,1,0,1,0,0,0,0,0,1,0,2,0,0,1,0,0,4.476226602864305,2.6388433315875393,5.962207607266888,0,0,0,2,0,0,0,0,3,0,0,0,0,0,0,0,0,0,0,0,0,0
240,6,8,0.5333333333333333,1,0.0,0.0,-1.0,4,2,2.6666666666666665,0.1166666666666667,0.6944444444444445,2,2,0.6666666666666666,2,0,4,0,2,0,0,0,0,0,0,0,0,0,0,0,0,0,0,0,0,0,0,0,0,0,0,0,0,1,1,2,0,0,2,0,0,3.140916290795888,2.6266407068413824,4.0913087448032055,0,0,0,0,0,0,0,0,6,2,0,0,0,0,0,0,0,0,0,0,0,0
242,21,34,0.1619047619047619,1,0.0,0.0,-0.015127388535033384,6,1,3.238095238095238,0.10325814536340851,0.3512316808718227,6,3,0.42857142857142855,4,0,12,0,5,0,0,2,0,0,0,0,2,0,0,0,0,0,0,0,0,2,0,0,0,0,0,0,0,6,0,11,0,0,2,0,0,4.82472875505926,2.687054497777561,5.902146388083511,0,0,0,2,11,0,0,0,21,0,0,0,0,0,0,0,0,0,0,0,0,0
245,11,17,0.3090909090909091,1,0.0,0.0,-0.20948616600790881,5,2,3.090909090909091,0.12323232323232322,0.4863801085655856,5,3,0.45454545454545453,2,0,7,0,4,0,0,0,0,0,0,0,0,0,0,0,0,0,0,0,0,0,0,0,0,0,0,0,0,3,1,6,0,0,1,0,0,4.775425731547597,2.8623107841274495,5.767496562465868,0,0,0,0,4,0,0,0,12,1,0,0,0,0,0,0,0,0,0,0,0,0
246,6,8,0.5333333333333333,1,0.0,0.0,-1.0,4,2,2.6666666666666665,0.1166666666666667,0.6944444444444445,2,2,0.6666666666666666,2,0,4,0,0,0,0,2,0,0,0,0,0,0,0,0,0,0,0,0,0,0,0,0,0,0,0,0,0,2,0,4,0,0,0,0,0,5.111824342352655,4.521916382481181,5.694737198827514,0,0,0,0,0,0,0,0,8,0,1,0,0,0,0,0,0,0,0,0,0,0
247,5,4,0.4,1,0.0,0.0,-0.6666666666666666,3,1,1.6,0.26666666666666666,0.5822222222222223,3,2,0.4,2,0,2,0,0,0,0,0,0,0,0,0,0,0,3,0,0,0,0,0,0,0,0,0,0,0,0,5,0,0,0,0,0,0,0,0,0,3.7059064770632713,3.652340469272818,3.777970258417592,0,4,0,0,0,0,0,0,0,0,1,1,1,1,0,0,0,0,0,0,0,0
250,5,4,0.4,1,0.0,0.0,-0.6666666666666666,3,1,1.6,0.26666666666666666,0.5822222222222222,3,2,0.6,4,0,2,0,1,0,0,0,0,0,1,0,0,1,0,0,0,0,0,0,0,0,0,0,0,0,0,5,0,0,0,0,0,0,0,0,0,3.545144617000785,3.4161078485443137,3.5967411113685155,0,4,0,0,0,0,0,0,0,0,1,1,1,1,0,0,0,0,0,0,0,0
251,6,8,0.5333333333333333,1,0.0,0.0,-1.0,4,2,2.6666666666666665,0.1166666666666667,0.6944444444444445,2,2,0.6666666666666666,2,0,4,0,2,0,0,0,0,0,0,0,0,0,0,0,0,0,0,0,0,0,0,0,0,0,0,0,0,1,1,3,0,0,1,0,0,3.594300784490791,2.5847301769408055,4.7049326692691285,0,0,0,0,0,0,0,0,7,1,1,1,1,0,0,0,0,0,0,0,0,0
255,5,4,0.4,1,0.0,0.0,-0.6666666666666666,3,1,1.6,0.26666666666666666,0.5822222222222221,3,2,0.4,1,0,5,0,0,0,0,0,0,0,0,0,0,0,0,0,0,0,0,0,0,0,0,0,0,0,0,0,0,0,0,5,0,0,0,0,0,5.189304500361976,4.303981613157022,5.666270703951693,0,0,0,0,4,0,0,0,0,0,0,0,0,0,0,0,0,0,0,0,0,0
259,6,8,0.5333333333333333,1,0.0,0.0,-1.0,4,2,2.6666666666666665,0.1166666666666667,0.6944444444444445,2,2,0.3333333333333333,2,0,4,0,2,0,0,0,0,0,0,0,0,0,0,0,0,0,0,0,0,0,0,0,0,0,0,0,0,1,1,3,0,0,1,0,0,3.923209491646463,2.859388018824066,5.13783473060931,0,0,0,0,0,0,0,0,7,1,1,1,1,0,0,0,0,0,0,0,0,0
262,6,8,0.5333333333333333,1,0.0,0.0,-1.0,4,2,2.6666666666666665,0.11666666666666668,0.6944444444444445,2,2,0.6666666666666666,2,0,4,0,2,0,0,0,0,0,0,0,0,0,0,0,0,0,0,0,0,0,0,0,0,0,0,0,0,1,1,3,0,0,1,0,0,4.381250451794161,2.8878413217654084,5.758136835916392,0,0,0,0,0,0,0,0,7,1,1,1,1,0,0,0,0,0,0,0,0,0
265,5,4,0.4,1,0.0,0.0,-0.3333333333333333,2,1,1.6,0.3333333333333333,0.5219047619047619,4,2,0.4,2,0,0,0,2,0,0,0,0,3,0,0,0,0,0,0,0,0,0,0,0,0,0,0,0,0,0,0,0,2,0,3,0,0,0,0,0,5.658742338541944,5.356862728096991,5.967517418531133,0,0,0,0,1,0,0,0,3,0,0,0,0,0,0,0,0,0,0,0,0,0
269,8,15,0.5357142857142857,1,0.0,0.0,-0.25000000000001804,4,3,3.75,0.08333333333333334,0.6708333333333333,3,2,0.5,1,0,8,0,0,0,0,0,0,0,0,0,0,0,0,0,0,0,0,0,0,0,0,0,0,0,0,0,0,0,0,8,0,0,0,0,0,4.40125529031077,2.7234733728431992,5.508464323083694,0,0,0,0,15,0,0,0,0,0,0,0,0,0,0,0,0,0,0,0,0,0
274,6,8,0.5333333333333333,1,0.0,0.0,-1.0,4,2,2.6666666666666665,0.11666666666666668,0.6944444444444445,2,2,0.3333333333333333,2,0,4,0,2,0,0,0,0,0,0,0,0,0,0,0,0,0,0,0,0,0,0,0,0,0,0,0,0,0,2,2,0,0,2,0,0,3.6930684131341365,2.6292258388353837,5.009371393377873,0,0,0,0,0,0,0,0,6,2,0,0,0,0,0,0,0,0,0,0,0,0
275,8,16,0.5714285714285714,1,0.0,0.0,,4,4,4.0,0.07142857142857142,0.7,2,2,0.5,1,0,8,0,0,0,0,0,0,0,0,0,0,0,0,0,0,0,0,0,0,0,0,0,0,0,0,0,0,0,0,8,0,0,0,0,0,4.416324139759238,3.942224530217768,5.182756402056499,0,0,0,0,16,0,0,0,0,0,0,0,0,0,0,0,0,0,0,0,0,0
276,8,13,0.4642857142857143,1,0.0,0.0,-0.44444444444444586,4,1,3.25,0.10714285714285712,0.6234375,3,2,0.5,1,0,8,0,0,0,0,0,0,0,0,0,0,0,0,0,0,0,0,0,0,0,0,0,0,0,0,0,0,0,0,8,0,0,0,0,0,4.738220330899133,4.027864552409186,5.855258024402877,0,0,0,0,13,0,0,0,0,0,0,0,0,0,0,0,0,0,0,0,0,0
277,4,4,0.6666666666666666,1,0.0,0.0,,2,2,2.0,0.16666666666666666,0.75,2,2,0.5,1,0,0,0,0,0,0,4,0,0,0,0,0,0,0,0,0,0,0,0,0,0,0,0,0,0,0,0,0,4,0,0,0,0,0,0,0,5.018070713830048,4.079087997837948,5.724112991382772,0,0,0,0,4,0,0,0,0,0,1,1,0,0,0,0,0,0,0,0,0,0
278,8,7,0.25,1,0.0,0.0,-0.4933333333333329,4,1,1.75,0.20238095238095238,0.4732638888888889,4,2,0.5,1,0,0,0,0,0,0,8,0,0,0,0,0,0,0,0,0,0,0,0,0,0,0,0,0,0,0,0,0,8,0,0,0,0,0,0,0,5.331226338993952,4.284854569542604,5.97542238966336,0,0,0,0,7,0,0,0,0,0,0,0,0,0,0,0,0,0,0,0,0,0
279,6,8,0.5333333333333333,1,0.0,0.0,-1.0,4,2,2.6666666666666665,0.1166666666666667,0.6944444444444445,2,2,0.3333333333333333,2,0,4,0,2,0,0,0,0,0,0,0,0,0,0,0,0,0,0,0,0,0,0,0,0,0,0,0,0,1,1,3,0,0,1,0,0,4.322191179626155,2.6452964155571865,5.953482598999406,0,0,0,0,0,0,0,0,7,1,1,1,1,0,0,0,0,0,0,0,0,0
281,4,3,0.5,1,0.0,0.0,-1.0,3,1,1.5,0.25,0.7000000000000001,2,1,0.25,2,0,1,0,3,0,0,0,0,0,0,0,0,0,0,0,0,0,0,0,0,1,0,0,0,0,0,0,0,2,0,0,0,0,1,0,0,4.463722370423841,2.8252350829533177,5.405604150338449,0,0,0,1,0,0,0,0,2,0,0,0,0,0,0,0,0,0,0,0,0,0
282,4,3,0.5,1,0.0,0.0,-0.4999999999999988,2,1,1.5,0.3333333333333333,0.625,3,2,0.5,1,0,0,0,0,0,0,0,0,4,0,0,0,0,0,0,0,0,0,0,0,0,0,0,0,0,0,0,0,0,0,4,0,0,0,0,0,4.838953752179804,3.6878026463568236,5.437003936749446,0,0,0,0,3,0,0,0,0,0,1,1,0,0,0,0,0,0,0,0,0,0
284,4,3,0.5,1,0.0,0.0,-1.0,3,1,1.5,0.25,0.7000000000000001,2,1,0.75,2,0,1,0,3,0,0,0,0,0,0,0,0,0,0,0,0,0,0,0,0,1,0,0,0,0,0,0,0,2,0,0,0,0,1,0,0,4.397170438290371,2.7290953822230732,5.2501430680965155,0,0,0,1,0,0,0,0,2,0,0,0,0,0,0,0,0,0,0,0,0,0
288,6,8,0.5333333333333333,1,0.0,0.0,-1.0,4,2,2.6666666666666665,0.1166666666666667,0.6944444444444445,2,2,0.6666666666666666,2,0,4,0,2,0,0,0,0,0,0,0,0,0,0,0,0,0,0,0,0,0,0,0,0,0,0,0,0,1,1,3,0,0,1,0,0,4.186030148608298,2.711491895946324,5.593244529364556,0,0,0,0,0,0,0,0,7,1,1,1,1,0,0,0,0,0,0,0,0,0
294,4,3,0.5,1,0.0,0.0,-1.0,3,1,1.5,0.25,0.7000000000000001,2,1,0.25,2,0,1,0,0,0,0,0,0,0,0,0,0,0,3,0,0,0,0,0,0,0,0,0,0,0,0,4,0,0,0,0,0,0,0,0,0,3.5295375867403096,3.204956475627398,3.7387339879832924,0,3,0,0,0,0,0,0,0,0,1,1,1,1,1,0,0,0,0,0,0,0
298,8,7,0.25,1,0.0,0.0,-0.33333333333333387,3,1,1.75,0.2857142857142857,0.3859107905982906,6,3,0.5,1,0,0,0,0,0,0,0,0,0,0,0,0,0,8,0,0,0,0,0,0,0,0,0,0,0,0,6,2,0,0,0,0,0,0,0,0,3.6479963302854523,3.454146805772215,3.7727420796135167,0,6,1,0,0,0,0,0,0,0,0,0,0,0,0,0,0,0,0,0,0,0
307,6,7,0.4666666666666667,1,0.0,0.0,-0.8666666666666683,4,1,2.3333333333333335,0.15,0.638888888888889,3,2,0.3333333333333333,3,0,3,0,0,0,0,2,0,0,0,0,1,0,0,0,0,0,0,0,0,0,0,0,0,0,0,0,0,2,0,4,0,0,0,0,0,5.084549167149599,3.7793223463985415,5.901089079781027,0,0,0,0,0,0,0,0,7,0,1,0,0,0,0,0,0,0,0,0,0,0
308,12,12,0.18181818181818182,1,0.0,0.0,-0.5000000000000007,3,1,2.0,0.21212121212121213,0.3336834733893557,7,4,0.5,2,0,8,0,0,0,0,4,0,0,0,0,0,0,0,0,0,0,0,0,0,0,0,0,0,0,0,0,0,4,0,8,0,0,0,0,0,5.098804811460803,4.158036972286117,5.996463235014801,0,0,0,0,4,0,0,0,8,0,0,0,0,0,0,0,0,0,0,0,0,0
313,6,7,0.4666666666666667,1,0.0,0.0,-0.8666666666666683,4,1,2.3333333333333335,0.15,0.638888888888889,3,2,0.6666666666666666,3,0,3,0,0,0,0,2,0,0,0,0,1,0,0,0,0,0,0,0,0,0,0,0,0,0,0,0,0,2,0,4,0,0,0,0,0,5.082683064836426,3.775081729406381,5.9017040326120265,0,0,0,0,0,0,0,0,7,0,1,0,0,0,0,0,0,0,0,0,0,0
317,6,7,0.4666666666666667,1,0.0,0.0,-0.8666666666666683,4,1,2.3333333333333335,0.15,0.638888888888889,3,2,0.3333333333333333,3,0,3,0,0,0,0,2,0,0,0,0,1,0,0,0,0,0,0,0,0,0,0,0,0,0,0,0,0,2,0,4,0,0,0,0,0,5.084640785020734,3.7788835174544313,5.90108904972159,0,0,0,0,0,0,0,0,7,0,1,0,0,0,0,0,0,0,0,0,0,0
318,12,12,0.18181818181818182,1,0.0,0.0,-0.5000000000000007,3,1,2.0,0.21212121212121213,0.3336834733893557,7,4,0.5,2,0,8,0,0,0,0,4,0,0,0,0,0,0,0,0,0,0,0,0,0,0,0,0,0,0,0,0,0,4,0,8,0,0,0,0,0,5.098947235386956,4.158036787338468,5.997079190829105,0,0,0,0,4,0,0,0,8,0,0,0,0,0,0,0,0,0,0,0,0,0
323,6,7,0.4666666666666667,1,0.0,0.0,-0.8666666666666683,4,1,2.3333333333333335,0.15,0.638888888888889,3,2,0.6666666666666666,3,0,3,0,0,0,0,2,0,0,0,0,1,0,0,0,0,0,0,0,0,0,0,0,0,0,0,0,0,2,0,4,0,0,0,0,0,5.083015422767078,3.775081662713825,5.901501321976862,0,0,0,0,0,0,0,0,7,0,1,0,0,0,0,0,0,0,0,0,0,0
328,8,9,0.32142857142857145,1,0.0,0.0,-0.6666666666666672,5,1,2.25,0.1488095238095238,0.5468280085927144,3,2,0.375,4,0,3,0,2,0,0,0,0,2,0,0,1,0,0,0,0,0,0,0,0,0,0,0,0,0,0,0,0,1,1,5,0,0,1,0,0,4.722240193627808,2.7030414526213313,5.925326895078609,0,0,0,0,4,0,0,0,4,1,0,0,0,0,0,0,0,0,0,0,0,0
333,5,5,0.5,1,0.0,0.0,-0.6666666666666623,3,1,2.0,0.19999999999999998,0.6409523809523809,3,2,0.4,3,0,0,0,2,0,0,0,0,2,0,0,1,0,0,0,0,0,0,0,0,0,0,0,0,0,0,0,0,1,1,2,0,0,1,0,0,4.432754070098069,2.5932310318371603,5.984350351166351,0,0,0,0,0,0,0,0,4,1,0,0,0,0,0,0,0,0,0,0,0,0
344,7,11,0.5238095238095238,1,0.0,0.0,-0.6739130434782586,4,2,3.142857142857143,0.10476190476190476,0.6636363636363637,3,2,0.5714285714285714,3,0,4,0,0,0,0,2,0,1,0,0,0,0,0,0,0,0,0,0,0,0,0,0,0,0,0,0,0,1,1,4,0,0,1,0,0,4.340573810423168,2.800898781958899,5.8852235980523995,0,0,0,0,3,0,0,0,7,1,0,0,0,0,0,0,0,0,0,0,0,0
347,4,4,0.6666666666666666,1,0.0,0.0,,2,2,2.0,0.16666666666666666,0.75,2,2,0.5,2,0,0,0,0,0,0,2,0,0,0,0,2,0,0,0,0,0,0,0,0,0,0,0,0,0,0,0,0,2,0,2,0,0,0,0,0,4.267463907607107,3.738993469937105,4.945273349128114,0,0,0,0,0,0,0,0,4,0,1,1,0,0,0,0,0,0,0,0,0,0
350,11,16,0.2909090909090909,1,0.0,0.0,-0.2,5,1,2.909090909090909,0.13939393939393943,0.46040061831464824,5,3,0.45454545454545453,4,0,7,0,0,0,0,2,0,0,0,0,1,0,0,0,0,0,0,1,0,0,0,1,0,0,0,0,0,1,1,8,0,0,0,0,0,5.0605540544127035,2.831531811013595,5.981638855605992,0,0,0,1,9,0,0,0,6,0,0,0,0,0,0,0,0,0,0,0,0,0
358,6,8,0.5333333333333333,1,0.0,0.0,-1.0,4,2,2.6666666666666665,0.1166666666666667,0.6944444444444445,2,2,0.3333333333333333,2,0,4,0,2,0,0,0,0,0,0,0,0,0,0,0,0,0,0,0,0,0,0,0,0,0,0,0,0,1,1,3,0,0,1,0,0,3.806757615441329,2.8902224370696947,5.0316568718066375,0,0,0,0,0,0,0,0,7,1,1,1,1,0,0,0,0,0,0,0,0,0
359,6,8,0.5333333333333333,1,0.0,0.0,-1.0,4,2,2.6666666666666665,0.1166666666666667,0.6944444444444445,2,2,0.6666666666666666,2,0,4,0,2,0,0,0,0,0,0,0,0,0,0,0,0,0,0,0,0,0,0,0,0,0,0,0,0,0,2,2,0,0,2,0,0,3.7483275278015773,2.8530769365655337,5.029688252468933,0,0,0,0,0,0,0,0,6,2,0,0,0,0,0,0,0,0,0,0,0,0
361,9,13,0.3611111111111111,1,0.0,0.0,-0.5402843601895733,5,1,2.888888888888889,0.11904761904761901,0.5620198247649228,3,2,0.5555555555555556,2,0,7,0,2,0,0,0,0,0,0,0,0,0,0,0,0,0,0,0,0,0,0,0,0,0,0,0,0,1,1,6,0,0,1,0,0,4.34671000738925,2.772733483501099,5.450945807984861,0,0,0,0,5,0,0,0,7,1,0,0,0,0,0,0,0,0,0,0,0,0
366,9,13,0.3611111111111111,1,0.0,0.0,-0.5402843601895733,5,1,2.888888888888889,0.11904761904761901,0.5620198247649228,3,2,0.4444444444444444,2,0,7,0,2,0,0,0,0,0,0,0,0,0,0,0,0,0,0,0,0,0,0,0,0,0,0,0,0,1,1,6,0,0,1,0,0,4.523083314632518,2.965996893106301,5.919994495887577,0,0,0,0,5,0,0,0,7,1,0,0,0,0,0,0,0,0,0,0,0,0
382,9,13,0.3611111111111111,1,0.0,0.0,-0.5402843601895733,5,1,2.888888888888889,0.11904761904761904,0.5620198247649228,3,2,0.5555555555555556,2,0,7,0,2,0,0,0,0,0,0,0,0,0,0,0,0,0,0,0,0,0,0,0,0,0,0,0,0,1,1,6,0,0,1,0,0,4.410350085851514,2.851978881630793,5.704962675441613,0,0,0,0,5,0,0,0,7,1,0,0,0,0,0,0,0,0,0,0,0,0
388,9,15,0.4166666666666667,1,0.0,0.0,-0.5316901408450714,5,2,3.3333333333333335,0.10317460317460317,0.5959143253260899,3,2,0.4444444444444444,2,0,7,0,2,0,0,0,0,0,0,0,0,0,0,0,0,0,0,0,0,0,0,0,0,0,0,0,0,2,0,7,0,0,0,0,0,4.510082303699643,3.19939143074637,5.823223800101388,0,0,0,0,7,0,0,0,8,0,0,0,0,0,0,0,0,0,0,0,0,0
406,9,13,0.3611111111111111,1,0.0,0.0,-0.5402843601895733,5,1,2.888888888888889,0.11904761904761904,0.5620198247649228,3,2,0.5555555555555556,2,0,7,0,2,0,0,0,0,0,0,0,0,0,0,0,0,0,0,0,0,0,0,0,0,0,0,0,0,0,2,5,0,0,2,0,0,4.305233797371349,2.7337942109757996,5.760917925416522,0,0,0,0,5,0,0,0,6,2,0,0,0,0,0,0,0,0,0,0,0,0
410,4,3,0.5,1,0.0,0.0,-0.4999999999999988,2,1,1.5,0.3333333333333333,0.625,3,2,0.5,2,0,0,0,0,0,0,0,0,0,0,2,0,0,0,0,0,2,0,0,0,0,0,0,0,0,0,4,0,0,0,0,0,0,0,0,0,3.7215329565575908,3.618108114570445,3.792539595340611,0,3,0,0,0,0,0,0,0,0,1,1,1,1,1,1,1,1,1,0,0,0
411,9,13,0.3611111111111111,1,0.0,0.0,-0.5402843601895733,5,1,2.888888888888889,0.11904761904761904,0.5620198247649228,3,2,0.4444444444444444,2,0,7,0,2,0,0,0,0,0,0,0,0,0,0,0,0,0,0,0,0,0,0,0,0,0,0,0,0,1,1,6,0,0,1,0,0,4.3700338711506355,2.707139932309762,5.7827044006986705,0,0,0,0,5,0,0,0,7,1,0,0,0,0,0,0,0,0,0,0,0,0
428,9,13,0.3611111111111111,1,0.0,0.0,-0.5402843601895733,5,1,2.888888888888889,0.11904761904761901,0.5620198247649228,3,2,0.5555555555555556,2,0,7,0,2,0,0,0,0,0,0,0,0,0,0,0,0,0,0,0,0,0,0,0,0,0,0,0,0,0,2,5,0,0,2,0,0,4.327358047523646,2.6719076543515015,5.672762148604684,0,0,0,0,5,0,0,0,6,2,0,0,0,0,0,0,0,0,0,0,0,0
431,4,3,0.5,1,0.0,0.0,-0.4999999999999988,2,1,1.5,0.3333333333333333,0.625,3,2,0.5,2,0,0,0,0,0,0,0,0,0,0,2,0,0,0,0,0,2,0,0,0,0,0,0,0,0,0,4,0,0,0,0,0,0,0,0,0,3.759524485878051,3.73987092530293,3.794029318746244,0,3,0,0,0,0,0,0,0,0,1,1,1,1,1,1,1,1,1,0,0,0
432,9,13,0.3611111111111111,1,0.0,0.0,-0.5402843601895733,5,1,2.888888888888889,0.11904761904761904,0.5620198247649228,3,2,0.4444444444444444,2,0,7,0,2,0,0,0,0,0,0,0,0,0,0,0,0,0,0,0,0,0,0,0,0,0,0,0,0,0,2,5,0,0,2,0,0,4.332499159808494,2.7543719804688176,5.858382344150006,0,0,0,0,5,0,0,0,6,2,0,0,0,0,0,0,0,0,0,0,0,0
447,4,3,0.5,1,0.0,0.0,-0.4999999999999988,2,1,1.5,0.3333333333333333,0.625,3,2,0.5,3,0,2,0,0,0,0,1,0,0,0,0,1,0,0,0,0,0,0,0,0,0,0,0,0,0,0,0,0,1,0,3,0,0,0,0,0,5.90581495447359,5.7308849602080985,5.996169603367978,0,0,0,0,2,0,0,0,1,0,0,0,0,0,0,0,0,0,0,0,0,0
448,8,12,0.42857142857142855,1,0.0,0.0,-0.7032258064516119,5,1,3.0,0.11309523809523805,0.6083527583527584,3,2,0.625,4,0,4,0,0,0,0,2,0,1,0,0,1,0,0,0,0,0,0,0,0,0,0,0,0,0,0,0,0,1,1,5,0,0,1,0,0,4.486767446763294,2.9633764325032526,5.6575618054274175,0,0,0,0,3,0,0,0,8,1,0,0,0,0,0,0,0,0,0,0,0,0
451,4,4,0.6666666666666666,1,0.0,0.0,,2,2,2.0,0.16666666666666666,0.75,2,2,0.5,2,0,0,0,0,0,0,2,0,0,0,0,2,0,0,0,0,0,0,0,0,0,0,0,0,0,0,0,0,2,0,2,0,0,0,0,0,4.78192932511799,3.9327291682989727,5.793204674761547,0,0,0,0,0,0,0,0,4,0,1,1,0,0,0,0,0,0,0,0,0,0
454,10,12,0.26666666666666666,1,0.0,0.0,-0.38461538461538797,4,1,2.4,0.1833333333333333,0.42330853502925675,5,3,0.5,3,0,7,0,0,0,0,2,0,0,0,0,0,0,0,0,0,0,0,1,0,0,0,1,0,0,0,0,0,1,1,7,0,0,0,0,0,4.926422318161132,2.7039168596006573,5.607793697892181,0,0,0,1,5,0,0,0,6,0,0,0,0,0,0,0,0,0,0,0,0,0
469,5,4,0.4,1,0.0,0.0,-0.6666666666666666,3,1,1.6,0.26666666666666666,0.5822222222222223,3,2,0.6,4,0,0,0,2,0,0,1,0,0,0,0,1,0,0,0,0,0,0,1,0,0,0,1,0,0,0,0,0,2,1,1,0,0,0,0,0,4.9168532504434275,2.556270419816677,5.901586464743598,0,0,0,1,2,0,0,0,1,0,0,0,0,0,0,0,0,0,0,0,0,0
472,5,4,0.4,1,0.0,0.0,-0.6666666666666666,3,1,1.6,0.26666666666666666,0.5822222222222223,3,2,0.4,4,0,0,0,0,0,0,0,0,0,0,2,0,0,1,0,0,0,0,1,1,0,0,0,0,0,0,5,0,0,0,0,0,0,0,0,0,3.661293092604298,3.5514168496362966,3.76885369842337,0,4,0,0,0,0,0,0,0,0,1,1,1,1,0,0,0,0,0,0,0,0
479,4,3,0.5,1,0.0,0.0,-0.4999999999999988,2,1,1.5,0.3333333333333333,0.625,3,2,0.5,2,0,0,0,0,0,0,2,0,0,0,0,0,0,0,0,2,0,0,0,0,2,0,2,0,0,0,0,0,0,0,0,0,0,0,0,0,2.8319343918746642,2.6190682774148546,2.995842048628019,0,0,0,3,0,0,0,0,0,0,1,1,0,0,0,0,0,0,0,0,0,0
492,4,3,0.5,1,0.0,0.0,-0.4999999999999988,2,1,1.5,0.3333333333333333,0.625,3,2,0.5,2,0,0,0,0,0,0,0,0,0,0,0,0,0,2,0,0,0,0,0,2,0,0,0,0,0,0,4,0,0,0,0,0,0,0,0,0,3.650836399559814,3.6339346054578643,3.6709899355550375,0,3,0,0,0,0,0,0,0,0,1,1,1,1,1,1,1,1,1,0,0,0
495,5,4,0.4,1,0.0,0.0,-0.6666666666666666,3,1,1.6,0.26666666666666666,0.5822222222222223,3,2,0.6,4,0,0,0,0,0,0,0,0,0,0,1,0,0,1,0,0,0,0,2,1,0,0,0,0,0,0,5,0,0,0,0,0,0,0,0,0,3.4886084859455075,3.1920086140527095,3.767832784001511,0,4,0,0,0,0,0,0,0,0,1,1,1,1,0,0,0,0,0,0,0,0
499,5,4,0.4,1,0.0,0.0,-0.3333333333333333,2,1,1.6,0.3333333333333333,0.5219047619047619,4,2,0.4,3,0,0,0,1,0,0,2,0,0,0,0,0,0,0,0,2,0,0,0,0,1,0,2,0,0,0,0,0,1,1,0,0,0,0,0,0,3.283237959771671,2.756574846937619,4.797883220478261,0,0,0,3,1,0,0,0,0,0,0,0,0,0,0,0,0,0,0,0,0,0
503,4,3,0.5,1,0.0,0.0,-1.0,3,1,1.5,0.25,0.7,2,1,0.75,3,0,0,0,0,0,2,0,0,0,0,0,0,0,0,0,1,0,0,1,0,1,0,1,2,0,0,0,0,0,0,0,0,0,0,0,0,2.800669593811372,2.496523388188364,2.9618497283426777,0,0,0,3,0,0,0,0,0,0,0,0,0,0,0,0,0,0,0,0,0,0
505,4,3,0.5,1,0.0,0.0,-1.0,3,1,1.5,0.25,0.7000000000000001,2,1,0.75,3,0,0,0,2,0,0,0,0,0,0,0,1,0,1,0,0,0,0,0,0,1,0,0,0,0,0,0,0,2,0,0,0,0,1,0,0,3.772974622775404,2.768808121659533,5.294145712416959,0,0,0,1,0,0,0,0,2,0,0,0,0,0,0,0,0,0,0,0,0,0
507,5,6,0.6,1,0.0,0.0,-1.0,3,2,2.4,0.13333333333333336,0.72,2,2,0.4,2,0,0,0,0,0,0,4,0,0,0,0,1,0,0,0,0,0,0,0,0,0,0,0,0,0,0,0,0,4,0,1,0,0,0,0,0,4.500057225854921,3.101166596034486,5.436301301534796,0,0,0,0,4,0,0,0,2,0,0,0,0,0,0,0,0,0,0,0,0,0
510,6,5,0.3333333333333333,1,0.0,0.0,-0.7391304347826096,4,1,1.6666666666666667,0.21666666666666667,0.5625,3,2,0.3333333333333333,2,0,4,0,2,0,0,0,0,0,0,0,0,0,0,0,0,0,0,0,0,0,0,0,0,0,0,0,0,2,0,4,0,0,0,0,0,4.580232064399812,3.430291492654693,5.566482639800701,0,0,0,0,0,0,0,0,5,0,1,1,0,0,0,0,0,0,0,0,0,0
512,5,6,0.6,1,0.0,0.0,-1.0,3,2,2.4,0.13333333333333333,0.72,2,2,0.6,2,0,0,0,0,0,0,4,0,0,0,0,1,0,0,0,0,0,0,0,0,0,0,0,0,0,0,0,0,4,0,1,0,0,0,0,0,4.588762366211001,3.2576636124071077,5.440611338088027,0,0,0,0,4,0,0,0,2,0,0,0,0,0,0,0,0,0,0,0,0,0
515,4,3,0.5,1,0.0,0.0,-0.4999999999999988,2,1,1.5,0.3333333333333333,0.625,3,2,0.5,2,0,0,0,0,0,0,3,0,0,0,0,1,0,0,0,0,0,0,0,0,0,0,0,0,0,0,0,0,3,0,1,0,0,0,0,0,4.734525032394129,4.267335503701524,5.401441466053298,0,0,0,0,2,0,0,0,1,0,0,0,0,0,0,0,0,0,0,0,0,0
518,6,5,0.3333333333333333,1,0.0,0.0,-0.7391304347826096,4,1,1.6666666666666667,0.21666666666666667,0.5625,3,2,0.6666666666666666,2,0,4,0,0,0,0,2,0,0,0,0,0,0,0,0,0,0,0,0,0,0,0,0,0,0,0,0,0,2,0,4,0,0,0,0,0,4.863409526676156,3.4689066672252067,5.682908264781417,0,0,0,0,0,0,0,0,5,0,1,1,0,0,0,0,0,0,0,0,0,0
520,10,10,0.2222222222222222,1,0.0,0.0,-0.37440758293838905,5,1,2.0,0.175,0.4363149350649351,5,3,0.6,1,0,0,0,0,0,0,0,0,0,0,0,0,0,0,0,0,0,0,10,0,0,1,0,0,0,0,5,4,0,0,0,0,0,0,0,0,3.6078065227957787,3.3939038950001286,3.799338806425508,1,7,2,0,0,0,0,0,0,0,0,0,0,0,0,0,0,0,0,0,0,0
522,4,3,0.5,1,0.0,0.0,-0.4999999999999988,2,1,1.5,0.3333333333333333,0.625,3,2,0.5,2,0,0,0,0,0,0,2,0,2,0,0,0,0,0,0,0,0,0,0,0,0,0,0,0,0,0,0,0,2,0,2,0,0,0,0,0,4.510744990580393,3.4958920567493745,5.505075985789708,0,0,0,0,0,0,0,0,3,0,1,1,0,0,0,0,0,0,0,0,0,0
523,6,5,0.3333333333333333,1,0.0,0.0,-1.0,5,1,1.6666666666666667,0.16666666666666666,0.6296296296296297,2,1,0.16666666666666666,3,0,3,0,2,0,0,0,0,0,0,0,1,0,0,0,0,0,0,0,0,0,0,0,0,0,0,0,0,2,0,4,0,0,0,0,0,4.945953979297791,3.4914323864601533,5.798623978635965,0,0,0,0,3,0,0,0,2,0,0,0,0,0,0,0,0,0,0,0,0,0
526,6,5,0.3333333333333333,1,0.0,0.0,-0.3333333333333341,3,1,1.6666666666666667,0.26666666666666666,0.5081955081955082,4,2,0.5,4,0,0,1,2,0,0,1,0,0,0,0,2,0,0,0,0,0,0,0,0,1,0,0,0,0,0,0,0,3,0,1,0,0,1,0,0,3.8921380151024842,2.546043798739779,5.741630059871198,0,0,0,1,2,0,0,0,2,0,0,0,0,0,0,0,0,0,0,0,0,0
527,5,4,0.4,1,0.0,0.0,-0.6666666666666666,3,1,1.6,0.26666666666666666,0.5822222222222223,3,2,0.4,2,0,0,0,0,0,0,0,0,0,2,0,0,0,0,0,0,0,0,3,0,0,0,0,0,0,0,5,0,0,0,0,0,0,0,0,0,3.55897650472222,3.232510228380907,3.6750931524312773,0,4,0,0,0,0,0,0,0,0,1,1,1,1,0,0,0,0,0,0,0,0
530,6,5,0.3333333333333333,1,0.0,0.0,-0.3333333333333341,3,1,1.6666666666666667,0.26666666666666666,0.5081955081955082,4,2,0.5,4,0,0,1,2,0,0,1,0,0,0,0,2,0,0,0,0,0,0,0,0,1,0,0,0,0,0,0,0,2,1,0,0,0,2,0,0,3.988441634454894,2.7267931031142996,5.193320262400052,0,0,0,1,2,0,0,0,1,1,0,0,0,0,0,0,0,0,0,0,0,0
531,5,4,0.4,1,0.0,0.0,-0.6666666666666666,3,1,1.6,0.26666666666666666,0.5822222222222222,3,2,0.6,4,0,0,0,2,0,1,0,0,0,0,0,1,0,0,0,1,0,0,0,0,1,0,1,0,0,0,0,0,1,1,0,0,0,1,0,0,3.9941687947344704,2.384460823219148,5.9837439926866605,0,0,0,2,0,0,0,0,2,0,0,0,0,0,0,0,0,0,0,0,0,0
538,5,4,0.4,1,0.0,0.0,-0.6666666666666666,3,1,1.6,0.26666666666666666,0.5822222222222221,3,2,0.4,2,0,3,0,2,0,0,0,0,0,0,0,0,0,0,0,0,0,0,0,0,0,0,0,0,0,0,0,0,2,0,3,0,0,0,0,0,4.844874045547479,4.107105388159674,5.191898862374666,0,0,0,0,0,0,0,0,4,0,0,0,0,0,0,0,0,0,0,0,0,0
541,7,11,0.5238095238095238,1,0.0,0.0,-0.6739130434782586,4,2,3.142857142857143,0.10476190476190479,0.6636363636363637,3,2,0.42857142857142855,3,0,4,0,0,0,0,2,0,0,0,0,1,0,0,0,0,0,0,0,0,0,0,0,0,0,0,0,0,2,0,5,0,0,0,0,0,4.86073945322498,3.062624908984471,5.88453511661826,0,0,0,0,4,0,0,0,7,0,0,0,0,0,0,0,0,0,0,0,0,0
542,6,5,0.3333333333333333,1,0.0,0.0,-1.0,5,1,1.6666666666666667,0.16666666666666666,0.6296296296296297,2,1,0.8333333333333334,3,0,3,0,0,0,0,2,0,0,0,0,1,0,0,0,0,0,0,0,0,0,0,0,0,0,0,0,0,1,1,3,0,0,1,0,0,4.617596063318787,2.740246588060219,5.997414540531345,0,0,0,0,3,0,0,0,1,1,0,0,0,0,0,0,0,0,0,0,0,0
544,7,11,0.5238095238095238,1,0.0,0.0,-0.6739130434782586,4,2,3.142857142857143,0.10476190476190476,0.6636363636363637,3,2,0.5714285714285714,3,0,4,0,0,0,0,2,0,0,0,0,1,0,0,0,0,0,0,0,0,0,0,0,0,0,0,0,0,2,0,5,0,0,0,0,0,4.851998679829904,3.0464066560771927,5.880968593846315,0,0,0,0,4,0,0,0,7,0,0,0,0,0,0,0,0,0,0,0,0,0
547,5,4,0.4,1,0.0,0.0,-0.6666666666666666,3,1,1.6,0.26666666666666666,0.5822222222222222,3,2,0.6,2,0,3,0,2,0,0,0,0,0,0,0,0,0,0,0,0,0,0,0,0,0,0,0,0,0,0,0,0,2,0,3,0,0,0,0,0,4.9211384066054595,4.196757068103173,5.2759977514114995,0,0,0,0,0,0,0,0,4,0,0,0,0,0,0,0,0,0,0,0,0,0
555,4,3,0.5,1,0.0,0.0,-1.0,3,1,1.5,0.25,0.7000000000000001,2,1,0.75,3,0,0,0,0,0,0,0,0,0,1,1,0,0,0,0,0,0,0,2,0,0,0,0,0,0,0,4,0,0,0,0,0,0,0,0,0,3.6592363159220174,3.522139864800847,3.78403817393139,0,3,0,0,0,0,0,0,0,0,1,1,1,1,1,0,0,0,0,0,0,0
563,6,8,0.5333333333333333,1,0.0,0.0,-1.0,4,2,2.6666666666666665,0.1166666666666667,0.6944444444444445,2,2,0.3333333333333333,2,0,4,0,0,0,0,0,0,2,0,0,0,0,0,0,0,0,0,0,0,0,0,0,0,0,0,0,0,0,0,6,0,0,0,0,0,4.5558000654724955,3.731088073486783,5.885579077010172,0,0,0,0,8,0,0,0,0,0,0,0,0,0,0,0,0,0,0,0,0,0
565,4,3,0.5,1,0.0,0.0,-0.4999999999999988,2,1,1.5,0.3333333333333333,0.625,3,2,0.5,3,0,0,0,0,0,0,0,0,0,0,2,0,0,0,1,0,0,0,1,0,0,0,0,0,0,0,4,0,0,0,0,0,0,0,0,0,3.69369548226375,3.550223391572555,3.7845799795579222,0,3,0,0,0,0,0,0,0,0,1,1,1,1,1,1,1,1,1,0,0,0
575,4,3,0.5,1,0.0,0.0,-0.4999999999999988,2,1,1.5,0.3333333333333333,0.625,3,2,0.5,3,0,0,0,0,0,0,0,0,0,0,2,0,0,0,1,0,0,0,1,0,0,0,0,0,0,0,4,0,0,0,0,0,0,0,0,0,3.6396096865051066,3.6246221391622178,3.6576055716247526,0,3,0,0,0,0,0,0,0,0,1,1,1,1,1,1,1,1,1,0,0,0
582,6,8,0.5333333333333333,1,0.0,0.0,-1.0,4,2,2.6666666666666665,0.11666666666666668,0.6944444444444445,2,2,0.6666666666666666,2,0,4,0,0,0,0,0,0,2,0,0,0,0,0,0,0,0,0,0,0,0,0,0,0,0,0,0,0,0,0,6,0,0,0,0,0,4.53862546692216,3.770826380563062,5.791447244772399,0,0,0,0,8,0,0,0,0,0,0,0,0,0,0,0,0,0,0,0,0,0
585,6,5,0.3333333333333333,1,0.0,0.0,-1.0,5,1,1.6666666666666667,0.16666666666666666,0.6296296296296297,2,1,0.16666666666666666,3,0,3,0,0,0,0,2,0,0,0,0,1,0,0,0,0,0,0,0,0,0,0,0,0,0,0,0,0,1,1,3,0,0,1,0,0,4.6288285425891775,2.758557557731384,5.983180865277005,0,0,0,0,3,0,0,0,1,1,0,0,0,0,0,0,0,0,0,0,0,0
588,4,3,0.5,1,0.0,0.0,-1.0,3,1,1.5,0.25,0.7000000000000001,2,1,0.75,3,0,0,0,0,0,0,0,0,0,1,0,0,1,0,0,0,0,0,2,0,0,0,0,0,0,0,4,0,0,0,0,0,0,0,0,0,3.5580697156289935,3.428374176534157,3.7336658662373368,0,3,0,0,0,0,0,0,0,0,1,1,1,1,1,0,0,0,0,0,0,0
590,8,8,0.2857142857142857,1,0.0,0.0,-0.6296296296296297,4,1,2.0,0.16666666666666666,0.51875,3,2,0.5,1,0,0,0,0,0,0,0,0,8,0,0,0,0,0,0,0,0,0,0,0,0,0,0,0,0,0,0,0,0,0,8,0,0,0,0,0,5.055903022512018,4.350575614701229,5.502630292345841,0,0,0,0,8,0,0,0,0,0,0,0,0,0,0,0,0,0,0,0,0,0
592,5,4,0.4,1,0.0,0.0,-0.6666666666666666,3,1,1.6,0.26666666666666666,0.5822222222222222,3,2,0.6,3,0,0,0,1,0,0,3,0,0,0,0,1,0,0,0,0,0,0,0,0,0,0,0,0,0,0,0,0,4,0,1,0,0,0,0,0,4.879158192035879,3.792032529325681,5.99659071528849,0,0,0,0,2,0,0,0,2,0,0,0,0,0,0,0,0,0,0,0,0,0
594,4,3,0.5,1,0.0,0.0,-0.4999999999999988,2,1,1.5,0.3333333333333333,0.625,3,2,0.5,3,0,0,0,0,0,0,0,0,0,0,2,0,0,0,0,0,0,1,1,0,0,0,0,0,0,0,4,0,0,0,0,0,0,0,0,0,3.657251467008802,3.607302844283079,3.734782174619623,0,3,0,0,0,0,0,0,0,0,1,1,1,1,1,1,1,1,1,0,0,0
596,7,9,0.42857142857142855,1,0.0,0.0,-0.9367088607594948,5,1,2.5714285714285716,0.12380952380952381,0.6319727891156462,3,2,0.2857142857142857,3,0,4,0,0,0,0,2,0,0,0,0,0,0,0,0,0,0,0,1,0,0,0,1,0,0,0,0,0,1,1,4,0,0,0,0,0,4.489542678374405,2.5666687834232302,5.937909220835942,0,0,0,1,0,0,0,0,8,0,0,0,0,0,0,0,0,0,0,0,0,0
598,4,3,0.5,1,0.0,0.0,-1.0,3,1,1.5,0.25,0.7,2,1,0.75,2,0,0,0,0,0,0,0,0,0,0,1,0,0,0,0,0,0,0,3,0,0,0,0,0,0,0,4,0,0,0,0,0,0,0,0,0,3.71995814420649,3.6604926676456557,3.756017738142197,0,3,0,0,0,0,0,0,0,0,1,1,1,1,1,0,0,0,0,0,0,0
599,7,9,0.42857142857142855,1,0.0,0.0,-0.9367088607594948,5,1,2.5714285714285716,0.12380952380952381,0.6319727891156462,3,2,0.7142857142857143,3,0,4,0,0,0,0,2,0,0,0,0,0,0,0,0,0,0,0,1,0,0,0,1,0,0,0,0,0,1,1,4,0,0,0,0,0,4.120949376374719,2.6605189544400183,4.980484674350265,0,0,0,1,0,0,0,0,8,0,0,0,0,0,0,0,0,0,0,0,0,0
600,5,4,0.4,1,0.0,0.0,-1.0,4,1,1.6,0.2,0.6571428571428571,2,1,0.2,2,0,0,0,0,0,0,3,0,0,0,0,2,0,0,0,0,0,0,0,0,0,0,0,0,0,0,0,0,3,0,2,0,0,0,0,0,5.158134424687653,4.864599471564692,5.840425933178197,0,0,0,0,1,0,0,0,3,0,0,0,0,0,0,0,0,0,0,0,0,0
605,4,3,0.5,1,0.0,0.0,-1.0,3,1,1.5,0.25,0.7000000000000001,2,1,0.25,2,0,0,0,0,0,0,1,0,0,0,0,0,0,3,0,0,0,0,0,0,0,0,0,0,0,0,4,0,0,0,0,0,0,0,0,0,3.6657980743049605,3.5841834089834768,3.7486681344959245,0,3,0,0,0,0,0,0,0,0,1,1,1,1,1,0,0,0,0,0,0,0
609,5,4,0.4,1,0.0,0.0,-1.0,4,1,1.6,0.2,0.6571428571428571,2,1,0.2,2,0,4,0,0,0,0,1,0,0,0,0,0,0,0,0,0,0,0,0,0,0,0,0,0,0,0,0,0,1,0,4,0,0,0,0,0,5.4234461942172345,4.661649318290139,5.890460590865057,0,0,0,0,0,0,0,0,4,0,1,0,0,0,0,0,0,0,0,0,0,0
611,4,4,0.6666666666666666,1,0.0,0.0,,2,2,2.0,0.16666666666666666,0.75,2,2,0.5,1,0,0,0,4,0,0,0,0,0,0,0,0,0,0,0,0,0,0,0,0,0,0,0,0,0,0,0,0,4,0,0,0,0,0,0,0,4.609398921039657,3.6682586410010187,5.540019920685912,0,0,0,0,4,0,0,0,0,0,1,1,0,0,0,0,0,0,0,0,0,0
612,7,6,0.2857142857142857,1,0.0,0.0,-0.7142857142857144,4,1,1.7142857142857142,0.19999999999999998,0.5226321297749869,3,2,0.5714285714285714,3,0,0,0,0,0,0,4,0,0,0,0,1,0,0,0,2,0,0,0,0,0,0,2,0,0,0,0,0,2,2,0,0,0,1,0,0,3.6562367704541323,2.6075445860667124,5.081708765460822,0,0,0,2,0,0,0,0,3,1,0,0,0,0,0,0,0,0,0,0,0,0
616,6,8,0.5333333333333333,1,0.0,0.0,-1.0,4,2,2.6666666666666665,0.11666666666666668,0.6944444444444445,2,2,0.3333333333333333,2,0,4,0,2,0,0,0,0,0,0,0,0,0,0,0,0,0,0,0,0,0,0,0,0,0,0,0,0,1,1,3,0,0,1,0,0,4.11284547767854,2.804582367806873,5.350272937438205,0,0,0,0,0,0,0,0,7,1,1,1,1,0,0,0,0,0,0,0,0,0
620,4,3,0.5,1,0.0,0.0,-0.4999999999999988,2,1,1.5,0.3333333333333333,0.625,3,2,0.5,2,0,2,0,0,0,0,2,0,0,0,0,0,0,0,0,0,0,0,0,0,0,0,0,0,0,0,0,0,2,0,2,0,0,0,0,0,5.056339546246803,4.477110113364883,5.65011450624548,0,0,0,0,0,0,0,0,3,0,1,1,0,0,0,0,0,0,0,0,0,0
627,8,7,0.25,1,0.0,0.0,-0.7385620915032687,5,1,1.75,0.17261904761904762,0.5130421865715983,3,2,0.375,3,0,0,0,0,0,0,5,0,0,0,0,1,0,0,0,2,0,0,0,0,0,0,2,0,0,0,0,0,3,2,0,0,0,1,0,0,3.7030448379978895,2.6273596097286434,5.125261428378228,0,0,0,2,0,0,0,0,4,1,0,0,0,0,0,0,0,0,0,0,0,0
632,4,3,0.5,1,0.0,0.0,-0.4999999999999988,2,1,1.5,0.3333333333333333,0.625,3,2,0.5,2,0,2,0,0,0,0,2,0,0,0,0,0,0,0,0,0,0,0,0,0,0,0,0,0,0,0,0,0,2,0,2,0,0,0,0,0,5.03273017112824,4.292033268088619,5.4774496838420434,0,0,0,0,0,0,0,0,3,0,1,1,0,0,0,0,0,0,0,0,0,0
634,6,8,0.5333333333333333,1,0.0,0.0,-1.0,4,2,2.6666666666666665,0.1166666666666667,0.6944444444444445,2,2,0.6666666666666666,2,0,4,0,2,0,0,0,0,0,0,0,0,0,0,0,0,0,0,0,0,0,0,0,0,0,0,0,0,1,1,3,0,0,1,0,0,4.174530290811803,2.746107513834662,5.5290806827676455,0,0,0,0,0,0,0,0,7,1,1,1,1,0,0,0,0,0,0,0,0,0
635,6,6,0.4,1,0.0,0.0,,2,2,2.0,0.19999999999999998,0.5555555555555555,3,3,0.5,1,0,6,0,0,0,0,0,0,0,0,0,0,0,0,0,0,0,0,0,0,0,0,0,0,0,0,0,0,0,0,6,0,0,0,0,0,2.298650538802003,2.2929140995919743,2.3085929097861984,0,0,0,0,6,0,0,0,0,0,0,0,0,0,0,0,0,0,0,0,0,0
636,12,16,0.24242424242424243,1,0.0,0.0,-0.5205183585313174,5,1,2.6666666666666665,0.12878787878787878,0.4563097212813272,5,3,0.4166666666666667,3,0,8,0,3,0,0,1,0,0,0,0,0,0,0,0,0,0,0,0,0,0,0,0,0,0,0,0,0,4,0,8,0,0,0,0,0,5.071127715225639,3.3714061147695675,5.9769310141865155,0,0,0,0,5,0,0,0,11,0,0,0,0,0,0,0,0,0,0,0,0,0
637,4,4,0.6666666666666666,1,0.0,0.0,,2,2,2.0,0.16666666666666666,0.75,2,2,0.5,2,0,0,0,0,0,0,2,0,2,0,0,0,0,0,0,0,0,0,0,0,0,0,0,0,0,0,0,0,2,0,2,0,0,0,0,0,4.245530749738691,3.2760072991706757,5.145631919767568,0,0,0,0,0,0,0,0,4,0,1,1,0,0,0,0,0,0,0,0,0,0
638,12,17,0.25757575757575757,1,0.0,0.0,-0.2707070707070705,5,1,2.8333333333333335,0.13333333333333333,0.44812525437525447,5,3,0.5,3,0,0,0,0,0,0,7,0,4,0,0,1,0,0,0,0,0,0,0,0,0,0,0,0,0,0,0,0,7,0,5,0,0,0,0,0,4.92515724342045,3.5272355354595435,5.897187484184247,0,0,0,0,3,0,0,0,14,0,0,0,0,0,0,0,0,0,0,0,0,0
642,6,6,0.4,1,0.0,0.0,-0.09090909090909247,3,1,2.0,0.23333333333333336,0.5366855366855366,4,2,0.5,4,1,0,1,2,0,0,0,0,2,0,0,0,0,0,0,0,0,0,0,0,1,0,1,0,0,0,0,0,0,2,1,0,0,1,0,0,3.8119890161828898,2.6778431850741664,5.781405161394567,0,0,0,2,0,0,0,0,3,1,0,0,0,0,0,0,0,0,0,0,0,0
645,5,5,0.5,1,0.0,0.0,-0.6666666666666623,3,1,2.0,0.19999999999999998,0.6409523809523809,3,2,0.4,3,0,0,1,2,0,0,0,0,2,0,0,0,0,0,0,0,0,0,0,0,0,0,1,0,0,0,0,0,0,2,1,0,0,1,0,0,3.937504927155994,2.5537060799910636,5.581262893576559,0,0,0,1,0,0,0,0,3,1,1,1,0,0,0,0,0,0,0,0,0,0
651,4,3,0.5,1,0.0,0.0,-1.0,3,1,1.5,0.25,0.7000000000000001,2,1,0.75,2,0,3,0,0,0,0,1,0,0,0,0,0,0,0,0,0,0,0,0,0,0,0,0,0,0,0,0,0,1,0,3,0,0,0,0,0,5.110847448747257,4.661340822727432,5.436143048276579,0,0,0,0,0,0,0,0,3,0,1,1,1,0,0,0,0,0,0,0,0,0
656,5,4,0.4,1,0.0,0.0,-0.6666666666666666,3,1,1.6,0.26666666666666666,0.5822222222222222,3,2,0.4,2,0,0,0,0,0,0,0,0,0,0,3,0,0,2,0,0,0,0,0,0,0,0,0,0,0,0,5,0,0,0,0,0,0,0,0,0,3.5456073886338606,3.39445645053492,3.6999984371337855,0,4,0,0,0,0,0,0,0,0,1,1,1,1,0,0,0,0,0,0,0,0
657,8,8,0.2857142857142857,1,0.0,0.0,-0.5384615384615384,5,1,2.0,0.17261904761904762,0.5133351856262073,4,2,0.375,3,0,4,0,0,0,0,0,0,3,0,0,0,0,0,0,0,0,0,1,0,0,2,0,0,0,0,0,0,0,0,5,0,1,0,0,0,4.607956066615339,3.320424001261037,5.926050011952983,2,0,0,0,6,0,0,0,0,0,0,0,0,0,0,0,0,0,0,0,0,0
665,4,3,0.5,1,0.0,0.0,-0.4999999999999988,2,1,1.5,0.3333333333333333,0.625,3,2,0.5,2,0,0,0,0,0,0,0,0,0,0,0,0,0,2,0,0,0,0,2,0,0,0,0,0,0,0,2,2,0,0,0,0,0,0,0,0,3.534473872731765,3.448075324955046,3.6469409096808074,0,2,1,0,0,0,0,0,0,0,0,0,0,0,0,0,0,0,0,0,0,0
666,4,3,0.5,1,0.0,0.0,-0.4999999999999988,2,1,1.5,0.3333333333333333,0.625,3,2,0.5,2,0,0,0,0,0,0,0,0,0,0,0,0,0,2,0,0,0,0,2,0,0,0,0,0,0,0,4,0,0,0,0,0,0,0,0,0,3.623262474603475,3.529183558493214,3.7695205535309224,0,3,0,0,0,0,0,0,0,0,1,1,1,1,1,1,1,1,1,0,0,0
668,8,10,0.35714285714285715,1,0.0,0.0,-0.5000000000000013,4,1,2.5,0.14285714285714285,0.5552083333333333,3,2,0.5,1,0,8,0,0,0,0,0,0,0,0,0,0,0,0,0,0,0,0,0,0,0,0,0,0,0,0,0,0,0,0,8,0,0,0,0,0,5.240701411560517,3.7647301723050703,5.974646512690846,0,0,0,0,10,0,0,0,0,0,0,0,0,0,0,0,0,0,0,0,0,0
669,7,11,0.5238095238095238,1,0.0,0.0,-0.6739130434782586,4,2,3.142857142857143,0.10476190476190479,0.6636363636363635,3,2,0.5714285714285714,3,0,4,0,0,0,0,0,0,2,0,0,1,0,0,0,0,0,0,0,0,0,0,0,0,0,0,0,0,0,0,7,0,0,0,0,0,4.483060517125777,3.4788758251666723,5.8567836873469235,0,0,0,0,11,0,0,0,0,0,0,0,0,0,0,0,0,0,0,0,0,0
670,4,3,0.5,1,0.0,0.0,-1.0,3,1,1.5,0.25,0.7000000000000001,2,1,0.75,2,0,0,0,0,0,0,0,0,0,0,2,0,0,2,0,0,0,0,0,0,0,0,0,0,0,0,4,0,0,0,0,0,0,0,0,0,3.544777463724534,3.4651129821721014,3.5918112607873933,0,3,0,0,0,0,0,0,0,0,1,1,1,1,1,0,0,0,0,0,0,0
677,7,7,0.3333333333333333,1,0.0,0.0,-0.1666666666666663,3,1,2.0,0.21904761904761907,0.49730661495367373,4,2,0.5714285714285714,1,0,0,0,0,0,0,0,0,0,0,0,0,0,0,0,0,0,0,7,0,0,1,0,0,0,0,3,3,0,0,0,0,0,0,0,0,3.5864254892504386,3.4285136157666356,3.7904799075855373,2,4,1,0,0,0,0,0,0,0,0,0,0,0,0,0,0,0,0,0,0,0
682,4,3,0.5,1,0.0,0.0,-0.4999999999999988,2,1,1.5,0.3333333333333333,0.625,3,2,0.5,3,0,0,0,1,0,0,0,0,0,0,0,0,0,2,0,0,0,0,1,0,0,0,0,0,0,0,4,0,0,0,0,0,0,0,0,0,3.7918619842948886,3.7838899392005856,3.7972530219413345,0,3,0,0,0,0,0,0,0,0,1,1,1,1,1,1,1,1,1,0,0,0
685,4,3,0.5,1,0.0,0.0,-0.4999999999999988,2,1,1.5,0.3333333333333333,0.625,3,2,0.5,3,0,0,0,0,0,1,1,0,0,0,0,0,0,0,0,0,0,0,2,0,0,0,0,0,0,0,4,0,0,0,0,0,0,0,0,0,3.715344451639343,3.584354071299926,3.7981151243928455,0,3,0,0,0,0,0,0,0,0,1,1,1,1,1,1,1,1,1,0,0,0
690,4,3,0.5,1,0.0,0.0,-0.4999999999999988,2,1,1.5,0.3333333333333333,0.625,3,2,0.5,1,0,0,0,0,0,0,0,0,0,0,0,0,0,4,0,0,0,0,0,0,0,0,0,0,0,0,1,3,0,0,0,0,0,0,0,0,3.5229474163698202,3.412036099286748,3.7437039511756436,0,1,2,0,0,0,0,0,0,0,0,0,0,0,0,0,0,0,0,0,0,0
704,4,3,0.5,1,0.0,0.0,-0.4999999999999988,2,1,1.5,0.3333333333333333,0.625,3,2,0.5,3,0,0,0,1,0,0,2,0,0,0,0,1,0,0,0,0,0,0,0,0,0,0,0,0,0,0,0,0,3,0,1,0,0,0,0,0,4.063316126996123,3.215749135757885,5.123882845075313,0,0,0,0,1,0,0,0,2,0,1,1,0,0,0,0,0,0,0,0,0,0
707,9,8,0.2222222222222222,1,0.0,0.0,-0.3333333333333333,3,1,1.7777777777777777,0.2936507936507936,0.3423185158151924,7,4,0.4444444444444444,4,0,0,1,0,0,0,0,0,0,4,0,0,0,0,2,0,0,0,0,2,0,0,0,0,0,0,9,0,0,0,0,0,0,0,0,0,3.544300828669214,3.3728745032666687,3.7023724787030754,0,8,0,0,0,0,0,0,0,0,0,0,0,0,0,0,0,0,0,0,0,0
708,8,7,0.25,1,0.0,0.0,-0.33333333333333387,3,1,1.75,0.2857142857142857,0.3859107905982906,6,3,0.5,2,0,0,0,0,0,0,0,0,0,0,1,0,0,0,0,0,0,0,7,0,0,0,0,0,0,0,8,0,0,0,0,0,0,0,0,0,3.5572112057074414,3.301860196478303,3.750040447849596,0,7,0,0,0,0,0,0,0,0,0,0,0,0,0,0,0,0,0,0,0,0
712,8,16,0.5714285714285714,1,0.0,0.0,,4,4,4.0,0.07142857142857142,0.7,2,2,0.5,1,0,8,0,0,0,0,0,0,0,0,0,0,0,0,0,0,0,0,0,0,0,0,0,0,0,0,0,0,0,0,8,0,0,0,0,0,3.7280195657089634,3.109384525819243,4.527727679350292,0,0,0,0,16,0,0,0,0,0,0,0,0,0,0,0,0,0,0,0,0,0
715,6,5,0.3333333333333333,1,0.0,0.0,-0.250000000000004,2,1,1.6666666666666667,0.3333333333333333,0.4478114478114478,5,3,0.5,4,1,0,1,2,0,0,0,0,2,0,0,0,0,0,0,0,0,0,0,0,1,0,1,0,0,0,0,0,0,2,1,0,0,1,0,0,3.6248359013149196,2.8931672281459733,5.053455950037179,0,0,0,2,0,0,0,0,2,1,0,0,0,0,0,0,0,0,0,0,0,0
717,4,4,0.6666666666666666,1,0.0,0.0,,2,2,2.0,0.16666666666666666,0.75,2,2,0.5,2,0,0,0,2,0,0,0,0,2,0,0,0,0,0,0,0,0,0,0,0,0,0,0,0,0,0,0,0,1,1,1,0,0,1,0,0,4.485075469534114,2.953209416405812,5.79711679492791,0,0,0,0,0,0,0,0,3,1,0,0,0,0,0,0,0,0,0,0,0,0
728,9,13,0.3611111111111111,1,0.0,0.0,-0.5402843601895733,5,1,2.888888888888889,0.11904761904761901,0.5620198247649228,3,2,0.5555555555555556,2,0,7,0,2,0,0,0,0,0,0,0,0,0,0,0,0,0,0,0,0,0,0,0,0,0,0,0,0,0,2,5,0,0,2,0,0,4.3592959945103225,2.779558140585362,5.601746953116028,0,0,0,0,5,0,0,0,6,2,0,0,0,0,0,0,0,0,0,0,0,0
730,4,4,0.6666666666666666,1,0.0,0.0,,2,2,2.0,0.16666666666666666,0.75,2,2,0.5,1,0,0,0,4,0,0,0,0,0,0,0,0,0,0,0,0,0,0,0,0,0,0,0,0,0,0,0,0,4,0,0,0,0,0,0,0,4.446376247210721,2.9304821019802674,5.693546530792571,0,0,0,0,4,0,0,0,0,0,1,1,0,0,0,0,0,0,0,0,0,0
732,4,3,0.5,1,0.0,0.0,-0.4999999999999988,2,1,1.5,0.3333333333333333,0.625,3,2,0.5,2,0,0,0,0,0,0,0,0,0,0,2,0,0,0,0,0,2,0,0,0,0,0,0,0,0,0,4,0,0,0,0,0,0,0,0,0,3.664373579681962,3.596108618444231,3.712345202543739,0,3,0,0,0,0,0,0,0,0,1,1,1,1,1,1,1,1,1,0,0,0
733,9,13,0.3611111111111111,1,0.0,0.0,-0.5402843601895733,5,1,2.888888888888889,0.11904761904761901,0.5620198247649228,3,2,0.4444444444444444,2,0,7,0,2,0,0,0,0,0,0,0,0,0,0,0,0,0,0,0,0,0,0,0,0,0,0,0,0,0,2,5,0,0,2,0,0,4.414849128873817,2.9133653149274124,5.757440395421414,0,0,0,0,5,0,0,0,6,2,0,0,0,0,0,0,0,0,0,0,0,0
747,6,6,0.4,1,0.0,0.0,-0.09090909090909247,3,1,2.0,0.2333333333333333,0.5366855366855366,4,2,0.5,4,1,0,1,2,0,0,0,0,2,0,0,0,0,0,0,0,0,0,0,0,1,0,1,0,0,0,0,0,1,1,2,0,0,0,0,0,3.9407669845935853,2.7880044548595926,5.734076745479506,0,0,0,2,0,0,0,0,4,0,0,0,0,0,0,0,0,0,0,0,0,0
751,5,5,0.5,1,0.0,0.0,-0.6666666666666623,3,1,2.0,0.19999999999999998,0.6409523809523808,3,2,0.4,3,0,0,1,2,0,0,0,0,2,0,0,0,0,0,0,0,0,0,0,0,0,0,1,0,0,0,0,0,0,2,1,0,0,1,0,0,4.102691777539116,2.838623833927132,5.741113418811727,0,0,0,1,0,0,0,0,3,1,1,1,0,0,0,0,0,0,0,0,0,0
754,4,3,0.5,1,0.0,0.0,-1.0,3,1,1.5,0.25,0.7000000000000001,2,1,0.75,2,0,3,0,0,0,0,1,0,0,0,0,0,0,0,0,0,0,0,0,0,0,0,0,0,0,0,0,0,1,0,3,0,0,0,0,0,4.932570842745317,3.9973593574885347,5.585242790772459,0,0,0,0,0,0,0,0,3,0,1,1,1,0,0,0,0,0,0,0,0,0
755,7,10,0.47619047619047616,1,0.0,0.0,-1.0,5,2,2.857142857142857,0.10476190476190474,0.6734693877551019,2,2,0.7142857142857143,3,0,4,0,2,0,0,1,0,0,0,0,0,0,0,0,0,0,0,0,0,0,0,0,0,0,0,0,0,2,1,3,0,0,1,0,0,4.074714105496489,2.7478091236915727,5.544053886472142,0,0,0,0,2,0,0,0,7,1,0,0,0,0,0,0,0,0,0,0,0,0
756,8,7,0.25,1,0.0,0.0,-0.8007246376811596,6,1,1.75,0.15476190476190477,0.5434027777777778,3,2,0.75,3,0,0,0,0,0,0,0,0,0,0,1,0,0,6,0,0,1,0,0,0,0,0,0,0,0,0,8,0,0,0,0,0,0,0,0,0,3.6157050319718897,3.5379209199633204,3.6656383675598536,0,7,0,0,0,0,0,0,0,0,0,0,0,0,0,0,0,0,0,0,0,0
759,8,11,0.39285714285714285,1,0.0,0.0,-0.9642857142857144,6,1,2.75,0.10714285714285712,0.6239583333333334,3,2,0.25,3,0,4,0,2,0,0,2,0,0,0,0,0,0,0,0,0,0,0,0,0,0,0,0,0,0,0,0,0,4,0,4,0,0,0,0,0,4.329658670767954,3.014145421725285,5.752137758683244,0,0,0,0,3,0,0,0,8,0,0,0,0,0,0,0,0,0,0,0,0,0
762,7,12,0.5714285714285714,1,0.0,0.0,-1.0,4,3,3.4285714285714284,0.08571428571428572,0.7023809523809524,2,2,0.5714285714285714,3,0,4,0,2,0,0,0,0,0,0,0,1,0,0,0,0,0,0,0,0,0,0,0,0,0,0,0,0,2,0,5,0,0,0,0,0,4.419516616512613,3.3304656268338957,5.77566966460029,0,0,0,0,4,0,0,0,8,0,0,0,0,0,0,0,0,0,0,0,0,0
771,9,14,0.3888888888888889,1,0.0,0.0,-0.5477386934673354,5,1,3.111111111111111,0.1111111111111111,0.578276823890859,3,2,0.4444444444444444,4,0,4,0,3,0,0,0,0,0,0,0,1,0,0,0,0,0,0,0,1,1,0,0,0,0,0,0,0,3,0,4,0,0,1,0,0,4.496204187356009,2.9935557448983667,5.868346710013419,0,0,0,1,4,0,0,0,9,0,0,0,0,0,0,0,0,0,0,0,0,0
777,16,35,0.2916666666666667,1,0.0,0.0,-0.18644067796610198,6,3,4.375,0.08214285714285714,0.4736864697802198,5,3,0.5,3,0,8,0,0,0,0,4,0,4,0,0,0,0,0,0,0,0,0,0,0,0,0,0,0,0,0,0,0,4,0,12,0,0,0,0,0,4.656701214127634,3.297773048847336,5.957489948282799,0,0,0,0,19,0,0,0,16,0,0,0,0,0,0,0,0,0,0,0,0,0
778,6,5,0.3333333333333333,1,0.0,0.0,-0.7391304347826096,4,1,1.6666666666666667,0.21666666666666667,0.5625,3,2,0.3333333333333333,2,0,4,0,0,0,0,0,0,2,0,0,0,0,0,0,0,0,0,0,0,0,0,0,0,0,0,0,0,0,0,6,0,0,0,0,0,4.330834148206906,3.1003022432423526,5.074047743128344,0,0,0,0,5,0,0,0,0,0,0,0,0,0,0,0,0,0,0,0,0,0
783,6,7,0.4666666666666667,1,0.0,0.0,-0.8666666666666683,4,1,2.3333333333333335,0.15,0.638888888888889,3,2,0.6666666666666666,2,0,4,0,0,0,0,0,0,2,0,0,0,0,0,0,0,0,0,0,0,0,0,0,0,0,0,0,0,0,0,6,0,0,0,0,0,4.878819922852386,3.9236134771818385,5.841115705588019,0,0,0,0,7,0,0,0,0,0,1,0,0,0,0,0,0,0,0,0,0,0
786,10,20,0.4444444444444444,1,0.0,0.0,-0.623616236162357,5,1,4.0,0.08611111111111111,0.6051948051948053,4,2,0.6,2,0,8,0,0,0,0,0,0,2,0,0,0,0,0,0,0,0,0,0,0,0,0,0,0,0,0,0,0,0,0,10,0,0,0,0,0,4.2538592898194505,2.9173776968263265,5.611309187081779,0,0,0,0,20,0,0,0,0,0,0,0,0,0,0,0,0,0,0,0,0,0
789,9,17,0.4722222222222222,1,0.0,0.0,-0.4999999999999987,5,2,3.7777777777777777,0.08730158730158728,0.6305213305213305,3,2,0.5555555555555556,2,0,8,0,0,0,0,1,0,0,0,0,0,0,0,0,0,0,0,0,0,0,0,0,0,0,0,0,0,1,0,8,0,0,0,0,0,4.7836360724674085,2.9389632927222826,5.995610603825807,0,0,0,0,15,0,0,0,2,0,0,0,0,0,0,0,0,0,0,0,0,0
798,9,13,0.3611111111111111,1,0.0,0.0,-0.5402843601895733,5,1,2.888888888888889,0.11904761904761904,0.5620198247649228,3,2,0.5555555555555556,2,0,7,0,2,0,0,0,0,0,0,0,0,0,0,0,0,0,0,0,0,0,0,0,0,0,0,0,0,1,1,6,0,0,1,0,0,4.354264428976371,2.609645182175767,5.812659214537557,0,0,0,0,5,0,0,0,7,1,0,0,0,0,0,0,0,0,0,0,0,0
803,4,3,0.5,1,0.0,0.0,-0.4999999999999988,2,1,1.5,0.3333333333333333,0.625,3,2,0.5,2,0,0,0,0,0,0,0,0,0,0,2,0,0,0,0,0,2,0,0,0,0,0,0,0,0,0,4,0,0,0,0,0,0,0,0,0,3.6349938612699915,3.588668539956244,3.7094297330726147,0,3,0,0,0,0,0,0,0,0,1,1,1,1,1,1,1,1,1,0,0,0
804,9,13,0.3611111111111111,1,0.0,0.0,-0.5402843601895733,5,1,2.888888888888889,0.11904761904761901,0.5620198247649228,3,2,0.4444444444444444,2,0,7,0,2,0,0,0,0,0,0,0,0,0,0,0,0,0,0,0,0,0,0,0,0,0,0,0,0,1,1,6,0,0,1,0,0,4.440390351805074,2.7982657748633253,5.834867235764446,0,0,0,0,5,0,0,0,7,1,0,0,0,0,0,0,0,0,0,0,0,0
805,7,7,0.3333333333333333,1,0.0,0.0,-0.8360655737704907,4,1,2.0,0.19999999999999998,0.5206091527520098,4,2,0.7142857142857143,1,0,0,0,0,0,0,0,0,0,7,0,0,0,0,0,0,0,0,0,0,0,0,0,0,0,0,7,0,0,0,0,0,0,0,0,0,3.521078054156196,3.2989711213150255,3.6942059221743135,0,7,0,0,0,0,0,0,0,0,0,0,0,0,0,0,0,0,0,0,0,0
823,6,5,0.3333333333333333,1,0.0,0.0,-0.250000000000004,2,1,1.6666666666666667,0.3333333333333333,0.4478114478114478,5,3,0.5,2,0,0,0,0,0,0,0,0,0,0,4,0,0,0,0,0,2,0,0,0,0,0,0,0,0,0,6,0,0,0,0,0,0,0,0,0,3.5297882284276993,3.318851918998859,3.75488207913684,0,5,0,0,0,0,0,0,0,0,1,1,0,0,0,0,0,0,0,0,0,0
824,9,13,0.3611111111111111,1,0.0,0.0,-0.5402843601895733,5,1,2.888888888888889,0.11904761904761901,0.5620198247649228,3,2,0.5555555555555556,2,0,7,0,2,0,0,0,0,0,0,0,0,0,0,0,0,0,0,0,0,0,0,0,0,0,0,0,0,2,0,7,0,0,0,0,0,4.639104433959215,3.097517912461406,5.971417286832621,0,0,0,0,5,0,0,0,8,0,0,0,0,0,0,0,0,0,0,0,0,0
827,4,3,0.5,1,0.0,0.0,-1.0,3,1,1.5,0.25,0.7,2,1,0.25,2,0,2,0,2,0,0,0,0,0,0,0,0,0,0,0,0,0,0,0,0,0,0,0,0,0,0,0,0,2,0,2,0,0,0,0,0,5.389529313261296,5.046687305203318,5.776070508428875,0,0,0,0,1,0,0,0,2,0,1,1,1,0,0,0,0,0,0,0,0,0
838,6,7,0.4666666666666667,1,0.0,0.0,-0.8666666666666683,4,1,2.3333333333333335,0.15,0.638888888888889,3,2,0.6666666666666666,3,0,2,0,2,0,0,2,0,0,0,0,0,0,0,0,0,0,0,0,0,0,0,0,0,0,0,0,0,4,0,2,0,0,0,0,0,4.494859660591098,2.4538488292464185,5.940354016640884,0,0,0,0,4,0,0,0,3,0,0,0,0,0,0,0,0,0,0,0,0,0
839,4,3,0.5,1,0.0,0.0,-0.4999999999999988,2,1,1.5,0.3333333333333333,0.625,3,2,0.5,2,0,0,0,2,0,0,2,0,0,0,0,0,0,0,0,0,0,0,0,0,0,0,0,0,0,0,0,0,4,0,0,0,0,0,0,0,5.352022175387021,4.599175351948541,5.964591761559024,0,0,0,0,3,0,0,0,0,0,1,1,0,0,0,0,0,0,0,0,0,0
843,7,9,0.42857142857142855,1,0.0,0.0,-0.666666666666667,4,1,2.5714285714285716,0.14285714285714285,0.6045145330859617,3,2,0.5714285714285714,2,0,5,0,2,0,0,0,0,0,0,0,0,0,0,0,0,0,0,0,0,0,0,0,0,0,0,0,0,1,1,4,0,0,1,0,0,4.590369713545988,2.9586186766299387,5.952493263771169,0,0,0,0,1,0,0,0,7,1,0,0,0,0,0,0,0,0,0,0,0,0
846,5,5,0.5,1,0.0,0.0,-0.6666666666666623,3,1,2.0,0.19999999999999998,0.6409523809523809,3,2,0.6,2,0,0,0,0,0,0,4,0,0,0,0,1,0,0,0,0,0,0,0,0,0,0,0,0,0,0,0,0,3,1,0,0,0,1,0,0,4.423772545831534,2.6653263338096878,5.59803594955933,0,0,0,0,2,0,0,0,2,1,1,0,0,0,0,0,0,0,0,0,0,0
851,6,6,0.4,1,0.0,0.0,-0.8000000000000019,3,1,2.0,0.21666666666666667,0.5555555555555555,4,2,0.6666666666666666,3,0,0,0,2,0,0,2,0,2,0,0,0,0,0,0,0,0,0,0,0,0,0,0,0,0,0,0,0,4,0,2,0,0,0,0,0,4.364237560089562,2.932052181795061,5.240209629118297,0,0,0,0,3,0,0,0,3,0,0,0,0,0,0,0,0,0,0,0,0,0
861,6,6,0.4,1,0.0,0.0,-0.8000000000000019,3,1,2.0,0.21666666666666667,0.5555555555555556,4,2,0.3333333333333333,3,0,0,0,2,0,0,2,0,2,0,0,0,0,0,0,0,0,0,0,0,0,0,0,0,0,0,0,0,4,0,2,0,0,0,0,0,4.705890977257522,3.6349227859895517,5.807150268697321,0,0,0,0,3,0,0,0,3,0,0,0,0,0,0,0,0,0,0,0,0,0
863,6,6,0.4,1,0.0,0.0,-0.8000000000000019,3,1,2.0,0.21666666666666667,0.5555555555555556,4,2,0.6666666666666666,3,0,0,0,2,0,0,2,0,2,0,0,0,0,0,0,0,0,0,0,0,0,0,0,0,0,0,0,0,4,0,2,0,0,0,0,0,4.754847931925727,3.768479908415383,5.757739750344425,0,0,0,0,3,0,0,0,3,0,0,0,0,0,0,0,0,0,0,0,0,0
868,4,3,0.5,1,0.0,0.0,-0.4999999999999988,2,1,1.5,0.3333333333333333,0.625,3,2,0.5,2,0,3,1,0,0,0,0,0,0,0,0,0,0,0,0,0,0,0,0,0,1,0,1,0,0,0,0,0,0,0,1,0,0,1,0,0,3.682079972425553,2.5824287511021793,5.864883918057621,0,0,0,2,1,0,0,0,0,0,0,0,0,0,0,0,0,0,0,0,0,0
872,5,5,0.5,1,0.0,0.0,-0.6666666666666623,3,1,2.0,0.19999999999999998,0.6409523809523809,3,2,0.4,3,0,0,0,2,0,0,1,0,2,0,0,0,0,0,0,0,0,0,0,0,0,0,0,0,0,0,0,0,3,0,2,0,0,0,0,0,4.6618650680183435,3.649160498883743,5.875731780939985,0,0,0,0,2,0,0,0,3,0,0,0,0,0,0,0,0,0,0,0,0,0
874,4,3,0.5,1,0.0,0.0,-1.0,3,1,1.5,0.25,0.7000000000000001,2,1,0.25,2,0,1,0,0,0,0,3,0,0,0,0,0,0,0,0,0,0,0,0,0,0,0,0,0,0,0,0,0,3,0,1,0,0,0,0,0,5.237974159630205,4.568935103068476,5.980705344234275,0,0,0,0,2,0,0,0,1,0,0,0,0,0,0,0,0,0,0,0,0,0
879,6,8,0.5333333333333333,1,0.0,0.0,-1.0,4,2,2.6666666666666665,0.1166666666666667,0.6944444444444445,2,2,0.6666666666666666,2,0,4,0,0,0,0,2,0,0,0,0,0,0,0,0,0,0,0,0,0,0,0,0,0,0,0,0,0,1,1,3,0,0,1,0,0,4.152623474112264,2.4215592650169477,5.813930990043156,0,0,0,0,0,0,0,0,7,1,1,1,1,0,0,0,0,0,0,0,0,0
880,8,9,0.32142857142857145,1,0.0,0.0,-0.9148936170212756,5,1,2.25,0.15476190476190477,0.5371527777777778,4,2,0.25,2,0,4,0,0,0,0,4,0,0,0,0,0,0,0,0,0,0,0,0,0,0,0,0,0,0,0,0,0,4,0,4,0,0,0,0,0,4.471005660396096,3.3642732294834494,5.8308681220284955,0,0,0,0,3,0,0,0,6,0,0,0,0,0,0,0,0,0,0,0,0,0
881,4,3,0.5,1,0.0,0.0,-0.4999999999999988,2,1,1.5,0.3333333333333333,0.625,3,2,0.5,3,0,0,0,0,0,0,0,0,0,0,1,0,0,0,0,0,1,0,2,0,0,0,0,0,0,0,4,0,0,0,0,0,0,0,0,0,3.5956105547142,3.497506885947891,3.7701640834205055,0,3,0,0,0,0,0,0,0,0,1,1,1,1,1,1,1,1,1,0,0,0
887,4,3,0.5,1,0.0,0.0,-0.4999999999999988,2,1,1.5,0.3333333333333333,0.625,3,2,0.5,2,0,0,0,2,0,0,2,0,0,0,0,0,0,0,0,0,0,0,0,0,0,0,0,0,0,0,0,0,4,0,0,0,0,0,0,0,4.623078000245283,3.7696567899285327,5.683840223140151,0,0,0,0,3,0,0,0,0,0,1,1,0,0,0,0,0,0,0,0,0,0
888,6,8,0.5333333333333333,1,0.0,0.0,-1.0,4,2,2.6666666666666665,0.1166666666666667,0.6944444444444445,2,2,0.6666666666666666,2,0,0,0,4,0,0,0,0,2,0,0,0,0,0,0,0,0,0,0,0,0,0,0,0,0,0,0,0,4,0,2,0,0,0,0,0,3.7317943648836334,3.132657302300356,4.860602559205879,0,0,0,0,0,0,0,0,8,0,1,0,0,0,0,0,0,0,0,0,0,0
889,4,3,0.5,1,0.0,0.0,-1.0,3,1,1.5,0.25,0.7000000000000001,2,1,0.25,1,0,0,0,0,0,0,0,0,0,0,4,0,0,0,0,0,0,0,0,0,0,0,0,0,0,0,4,0,0,0,0,0,0,0,0,0,3.5769100453400604,3.366583238960449,3.777429583498031,0,3,0,0,0,0,0,0,0,0,1,1,1,1,1,0,0,0,0,0,0,0
890,4,3,0.5,1,0.0,0.0,-1.0,3,1,1.5,0.25,0.7000000000000001,2,1,0.75,1,0,0,0,0,0,0,0,0,0,0,4,0,0,0,0,0,0,0,0,0,0,0,0,0,0,0,4,0,0,0,0,0,0,0,0,0,3.5453492859236957,3.391656847667518,3.6222869107905002,0,3,0,0,0,0,0,0,0,0,1,1,1,1,1,0,0,0,0,0,0,0
891,4,3,0.5,1,0.0,0.0,-1.0,3,1,1.5,0.25,0.7000000000000001,2,1,0.25,1,0,0,0,0,0,0,0,0,0,0,4,0,0,0,0,0,0,0,0,0,0,0,0,0,0,0,4,0,0,0,0,0,0,0,0,0,3.4390534336799683,3.428003607233536,3.4558830840995065,0,3,0,0,0,0,0,0,0,0,1,1,1,1,1,0,0,0,0,0,0,0
894,4,3,0.5,1,0.0,0.0,-1.0,3,1,1.5,0.25,0.7000000000000001,2,1,0.75,1,0,0,0,0,0,0,0,0,0,0,4,0,0,0,0,0,0,0,0,0,0,0,0,0,0,0,4,0,0,0,0,0,0,0,0,0,3.3813228295134823,3.319531300945931,3.4699436513851567,0,3,0,0,0,0,0,0,0,0,1,1,1,1,1,0,0,0,0,0,0,0
896,4,3,0.5,1,0.0,0.0,-0.4999999999999988,2,1,1.5,0.3333333333333333,0.625,3,2,0.5,2,0,0,0,0,0,0,2,0,2,0,0,0,0,0,0,0,0,0,0,0,0,0,0,0,0,0,0,0,2,0,2,0,0,0,0,0,4.90422791987472,3.9871202404176525,5.69634688928076,0,0,0,0,0,0,0,0,3,0,1,1,0,0,0,0,0,0,0,0,0,0
899,8,8,0.2857142857142857,1,0.0,0.0,-0.6666666666666666,4,1,2.0,0.22023809523809523,0.45085009888482763,5,3,0.375,4,0,3,0,2,0,0,0,0,2,0,0,1,0,0,0,0,0,0,0,0,0,0,0,0,0,0,0,0,1,1,5,0,0,1,0,0,4.586801399714475,2.628913395845661,5.729162744376948,0,0,0,0,4,0,0,0,3,1,0,0,0,0,0,0,0,0,0,0,0,0
901,4,3,0.5,1,0.0,0.0,-0.4999999999999988,2,1,1.5,0.3333333333333333,0.625,3,2,0.5,2,0,0,0,0,0,0,0,0,0,0,0,0,0,0,0,0,0,2,0,2,0,0,0,0,0,0,4,0,0,0,0,0,0,0,0,0,3.634545442956849,3.5726262315489796,3.675839353333523,0,3,0,0,0,0,0,0,0,0,1,1,1,1,1,1,1,1,1,0,0,0
902,6,6,0.4,1,0.0,0.0,-0.5000000000000007,3,1,2.0,0.19999999999999998,0.5747955747955749,3,2,0.5,1,0,6,0,0,0,0,0,0,0,0,0,0,0,0,0,0,0,0,0,0,0,0,0,0,0,0,0,0,0,0,6,0,0,0,0,0,5.655686371622711,5.228041674349988,5.93057710194919,0,0,0,0,6,0,0,0,0,0,0,0,0,0,0,0,0,0,0,0,0,0
903,5,5,0.5,1,0.0,0.0,-0.6666666666666623,3,1,2.0,0.19999999999999998,0.6409523809523809,3,2,0.4,3,0,0,0,2,0,0,0,0,2,0,0,1,0,0,0,0,0,0,0,0,0,0,0,0,0,0,0,0,1,1,2,0,0,1,0,0,4.389394102592037,2.5554451766185653,5.691581586668411,0,0,0,0,0,0,0,0,4,1,0,0,0,0,0,0,0,0,0,0,0,0
907,8,9,0.32142857142857145,1,0.0,0.0,-0.9148936170212756,5,1,2.25,0.15476190476190474,0.5371527777777778,4,2,0.25,4,0,3,0,2,0,0,0,0,2,0,0,0,0,1,0,0,0,0,0,0,0,1,0,0,0,0,0,0,2,0,4,0,1,0,0,0,4.7960650732566155,3.1226705523330005,5.855451514165591,1,0,0,0,5,0,0,0,3,0,0,0,0,0,0,0,0,0,0,0,0,0
909,7,10,0.47619047619047616,1,0.0,0.0,-0.5384615384615377,4,1,2.857142857142857,0.12380952380952381,0.6302197802197801,3,2,0.5714285714285714,1,0,7,0,0,0,0,0,0,0,0,0,0,0,0,0,0,0,0,0,0,0,0,0,0,0,0,0,0,0,0,7,0,0,0,0,0,5.130117847823181,4.097866594330519,5.660363861390552,0,0,0,0,10,0,0,0,0,0,0,0,0,0,0,0,0,0,0,0,0,0
910,6,6,0.4,1,0.0,0.0,-0.5000000000000007,3,1,2.0,0.19999999999999998,0.5747955747955749,3,2,0.5,4,0,0,0,2,0,0,0,0,2,0,0,1,0,1,0,0,0,0,0,0,0,1,0,0,0,0,0,0,1,1,1,0,1,1,0,0,4.228640661680859,2.5633310898797985,5.8877652107197065,1,0,0,0,0,0,0,0,4,1,0,0,0,0,0,0,0,0,0,0,0,0
916,10,19,0.4222222222222222,1,0.0,0.0,-0.38541666666667096,5,1,3.8,0.08888888888888888,0.5979178716020821,3,2,0.5,2,0,8,0,2,0,0,0,0,0,0,0,0,0,0,0,0,0,0,0,0,0,0,0,0,0,0,0,0,2,0,8,0,0,0,0,0,4.489743855001258,3.637929300343786,5.8172916885027295,0,0,0,0,16,0,0,0,3,0,0,0,0,0,0,0,0,0,0,0,0,0
926,8,13,0.4642857142857143,1,0.0,0.0,-0.44444444444444586,4,1,3.25,0.10714285714285714,0.6234375,3,2,0.5,2,0,6,0,2,0,0,0,0,0,0,0,0,0,0,0,0,0,0,0,0,0,0,0,0,0,0,0,0,1,1,5,0,0,1,0,0,4.096096628673948,2.7865936432496152,5.76304114529301,0,0,0,0,5,0,0,0,7,1,0,0,0,0,0,0,0,0,0,0,0,0
929,4,4,0.6666666666666666,1,0.0,0.0,,2,2,2.0,0.16666666666666666,0.75,2,2,0.5,1,0,0,0,4,0,0,0,0,0,0,0,0,0,0,0,0,0,0,0,0,0,0,0,0,0,0,0,0,4,0,0,0,0,0,0,0,4.376584486150512,2.9375405420231235,5.640578830455651,0,0,0,0,4,0,0,0,0,0,1,1,0,0,0,0,0,0,0,0,0,0
932,9,12,0.3333333333333333,1,0.0,0.0,-0.5762711864406792,5,1,2.6666666666666665,0.12698412698412698,0.5471116392685019,3,2,0.4444444444444444,2,0,7,0,2,0,0,0,0,0,0,0,0,0,0,0,0,0,0,0,0,0,0,0,0,0,0,0,0,0,2,5,0,0,2,0,0,4.291210703375553,2.817682320419744,5.819203529655828,0,0,0,0,4,0,0,0,6,2,0,0,0,0,0,0,0,0,0,0,0,0
944,6,5,0.3333333333333333,1,0.0,0.0,-0.3333333333333341,3,1,1.6666666666666667,0.26666666666666666,0.5081955081955082,4,2,0.5,4,0,0,0,0,1,0,0,0,0,1,0,0,0,3,1,0,0,0,0,0,0,0,0,0,0,0,6,0,0,0,0,0,0,0,0,0,3.608429814849411,3.4160642109359625,3.7564679853055067,0,5,0,0,0,0,0,0,0,0,1,0,0,0,0,0,0,0,0,0,0,0
948,4,4,0.6666666666666666,1,0.0,0.0,,2,2,2.0,0.16666666666666666,0.75,2,2,0.5,3,0,0,0,2,0,0,1,0,0,0,0,1,0,0,0,0,0,0,0,0,0,0,0,0,0,0,0,0,2,1,0,0,0,1,0,0,4.344581340469144,2.8114245396072772,5.9215696840471175,0,0,0,0,2,0,0,0,1,1,0,0,0,0,0,0,0,0,0,0,0,0
949,5,4,0.4,1,0.0,0.0,-0.3333333333333333,2,1,1.6,0.3333333333333333,0.5219047619047619,4,2,0.6,3,0,0,0,0,0,0,0,0,0,2,2,1,0,0,0,0,0,0,0,0,0,0,0,0,0,0,5,0,0,0,0,0,0,0,0,0,3.6059904676254377,3.5050221633030927,3.779989365199063,0,4,0,0,0,0,0,0,0,0,1,1,1,0,0,0,0,0,0,0,0,0
958,4,3,0.5,1,0.0,0.0,-0.4999999999999988,2,1,1.5,0.3333333333333333,0.625,3,2,0.5,2,0,0,0,0,0,0,0,0,0,2,0,2,0,0,0,0,0,0,0,0,0,0,0,0,0,0,4,0,0,0,0,0,0,0,0,0,3.6378546372096014,3.563377595855441,3.6892254284932826,0,3,0,0,0,0,0,0,0,0,1,1,1,1,1,1,1,1,1,0,0,0
972,4,3,0.5,1,0.0,0.0,-0.4999999999999988,2,1,1.5,0.3333333333333333,0.625,3,2,0.5,3,0,0,0,2,0,0,1,0,0,0,0,1,0,0,0,0,0,0,0,0,0,0,0,0,0,0,0,0,2,1,0,0,0,1,0,0,3.812935453218787,2.5799250191738037,5.07695133912226,0,0,0,0,1,0,0,0,1,1,0,0,0,0,0,0,0,0,0,0,0,0
975,4,3,0.5,1,0.0,0.0,-0.4999999999999988,2,1,1.5,0.3333333333333333,0.625,3,2,0.5,3,0,0,0,2,0,0,1,0,0,0,0,1,0,0,0,0,0,0,0,0,0,0,0,0,0,0,0,0,2,1,0,0,0,1,0,0,3.9257211238086875,2.8119057243684393,5.093164005493486,0,0,0,0,1,0,0,0,1,1,0,0,0,0,0,0,0,0,0,0,0,0
979,5,6,0.6,1,0.0,0.0,-1.0,3,2,2.4,0.13333333333333336,0.72,2,2,0.4,3,0,0,0,2,0,0,2,0,0,0,0,1,0,0,0,0,0,0,0,0,0,0,0,0,0,0,0,0,4,0,1,0,0,0,0,0,4.7552548533405234,4.020508550070539,5.845478044142559,0,0,0,0,4,0,0,0,2,0,0,0,0,0,0,0,0,0,0,0,0,0
980,5,4,0.4,1,0.0,0.0,-0.6666666666666666,3,1,1.6,0.26666666666666666,0.5822222222222223,3,2,0.6,3,0,0,0,2,0,0,2,0,0,0,0,1,0,0,0,0,0,0,0,0,0,0,0,0,0,0,0,0,4,0,1,0,0,0,0,0,4.829249299502872,4.224026553260319,5.808145143315019,0,0,0,0,3,0,0,0,1,0,0,0,0,0,0,0,0,0,0,0,0,0
989,6,7,0.4666666666666667,1,0.0,0.0,-0.8666666666666683,4,1,2.3333333333333335,0.15,0.638888888888889,3,2,0.3333333333333333,2,0,4,0,2,0,0,0,0,0,0,0,0,0,0,0,0,0,0,0,0,0,0,0,0,0,0,0,0,2,0,4,0,0,0,0,0,4.743751814256223,3.9162970382793274,5.8908974905606435,0,0,0,0,0,0,0,0,7,0,1,0,0,0,0,0,0,0,0,0,0,0
990,6,8,0.5333333333333333,1,0.0,0.0,-1.0,4,2,2.6666666666666665,0.1166666666666667,0.6944444444444445,2,2,0.6666666666666666,2,0,4,0,2,0,0,0,0,0,0,0,0,0,0,0,0,0,0,0,0,0,0,0,0,0,0,0,0,0,2,2,0,0,2,0,0,3.5986472881517177,2.777271249897184,4.847136129225515,0,0,0,0,0,0,0,0,5,3,0,0,0,0,0,0,0,0,0,0,0,0
994,7,10,0.47619047619047616,1,0.0,0.0,-0.5000000000000006,4,2,2.857142857142857,0.1238095238095238,0.6248917748917748,3,2,0.5714285714285714,2,0,4,0,3,0,0,0,0,0,0,0,0,0,0,0,0,0,0,0,0,0,0,0,0,0,0,0,0,3,0,4,0,0,0,0,0,4.556915124849451,3.440245338456356,5.672426690366907,0,0,0,0,0,0,0,0,10,0,0,0,0,0,0,0,0,0,0,0,0,0
1000,4,3,0.5,1,0.0,0.0,-1.0,3,1,1.5,0.25,0.7000000000000001,2,1,0.75,2,0,0,0,1,0,0,0,0,0,0,0,0,0,0,0,0,0,0,3,0,0,0,0,0,0,0,4,0,0,0,0,0,0,0,0,0,3.450240457385268,3.2551972331540036,3.66394341592013,0,3,0,0,0,0,0,0,0,0,1,1,1,1,1,0,0,0,0,0,0,0
1003,5,4,0.4,1,0.0,0.0,-0.6666666666666666,3,1,1.6,0.26666666666666666,0.5822222222222223,3,2,0.4,3,0,2,0,0,0,0,0,0,0,0,2,0,0,0,0,0,0,1,0,0,0,0,0,0,0,0,5,0,0,0,0,0,0,0,0,0,3.637829192600756,3.399711579078979,3.7619295162349506,0,4,0,0,0,0,0,0,0,0,1,1,1,1,0,0,0,0,0,0,0,0
1004,4,3,0.5,1,0.0,0.0,-1.0,3,1,1.5,0.25,0.7000000000000001,2,1,0.25,3,0,0,0,0,0,0,0,0,0,0,0,0,0,1,0,0,1,0,0,2,0,0,0,0,0,0,4,0,0,0,0,0,0,0,0,0,3.512323734521432,3.2011145872237083,3.7904444529669368,0,3,0,0,0,0,0,0,0,0,1,1,1,1,1,0,0,0,0,0,0,0
1008,8,12,0.42857142857142855,1,0.0,0.0,-0.4347826086956509,4,1,3.0,0.11904761904761904,0.5984375,3,2,0.5,2,0,4,0,4,0,0,0,0,0,0,0,0,0,0,0,0,0,0,0,0,0,0,0,0,0,0,0,0,4,0,4,0,0,0,0,0,4.63992994523661,3.3640826987632138,5.936059934876479,0,0,0,0,0,0,0,0,12,0,0,0,0,0,0,0,0,0,0,0,0,0
1014,4,3,0.5,1,0.0,0.0,-1.0,3,1,1.5,0.25,0.7000000000000001,2,1,0.25,1,0,0,0,0,0,0,0,0,0,0,0,0,0,0,0,0,0,0,4,0,0,0,0,0,0,0,4,0,0,0,0,0,0,0,0,0,3.541633862580563,3.2185878770229874,3.7933701813430867,0,3,0,0,0,0,0,0,0,0,1,1,1,1,1,0,0,0,0,0,0,0
1016,6,5,0.3333333333333333,1,0.0,0.0,-1.0,5,1,1.6666666666666667,0.16666666666666666,0.6296296296296297,2,1,0.8333333333333334,2,0,0,0,1,0,0,0,0,0,0,0,0,0,0,0,0,0,0,5,0,0,0,0,0,0,0,6,0,0,0,0,0,0,0,0,0,3.3973551344514,3.0686361511418694,3.6588320618618533,0,5,0,0,0,0,0,0,0,0,0,0,0,0,0,0,0,0,0,0,0,0
1026,5,5,0.5,1,0.0,0.0,-0.6666666666666623,3,1,2.0,0.19999999999999998,0.6409523809523809,3,2,0.4,3,0,0,0,2,0,0,2,0,0,0,0,1,0,0,0,0,0,0,0,0,0,0,0,0,0,0,0,0,4,0,1,0,0,0,0,0,4.943019862484983,3.840813729055944,5.890364019397953,0,0,0,0,3,0,0,0,2,0,0,0,0,0,0,0,0,0,0,0,0,0
1027,4,3,0.5,1,0.0,0.0,-0.4999999999999988,2,1,1.5,0.3333333333333333,0.625,3,2,0.5,2,0,0,0,3,0,0,0,0,0,0,0,1,0,0,0,0,0,0,0,0,0,0,0,0,0,0,0,0,2,1,0,0,0,1,0,0,3.9212861885142227,2.5585108433643042,5.692964552749233,0,0,0,0,1,0,0,0,1,1,0,0,0,0,0,0,0,0,0,0,0,0
1029,16,45,0.375,1,0.0,0.0,-0.41548565502938484,8,2,5.625,0.055952380952380955,0.5735154092231298,3,2,0.5,3,0,8,0,4,0,0,4,0,0,0,0,0,0,0,0,0,0,0,0,0,0,0,0,0,0,0,0,0,6,2,6,0,0,2,0,0,4.406560355233211,2.7135614895650386,5.9247829656004605,0,0,0,0,19,0,0,0,24,2,0,0,0,0,0,0,0,0,0,0,0,0
1034,6,8,0.5333333333333333,1,0.0,0.0,-1.0,4,2,2.6666666666666665,0.1166666666666667,0.6944444444444445,2,2,0.6666666666666666,2,0,4,0,0,0,0,2,0,0,0,0,0,0,0,0,0,0,0,0,0,0,0,0,0,0,0,0,0,1,1,3,0,0,1,0,0,3.9914186519332926,2.7542334583095007,5.531867767288819,0,0,0,0,0,0,0,0,7,1,1,1,1,0,0,0,0,0,0,0,0,0
1043,9,13,0.3611111111111111,1,0.0,0.0,-0.5402843601895733,5,1,2.888888888888889,0.11904761904761901,0.5620198247649228,3,2,0.5555555555555556,2,0,7,0,2,0,0,0,0,0,0,0,0,0,0,0,0,0,0,0,0,0,0,0,0,0,0,0,0,0,2,5,0,0,2,0,0,4.400935938947182,2.8382695322473963,5.771412203551539,0,0,0,0,5,0,0,0,6,2,0,0,0,0,0,0,0,0,0,0,0,0
1045,4,4,0.6666666666666666,1,0.0,0.0,,2,2,2.0,0.16666666666666666,0.75,2,2,0.5,1,0,0,0,4,0,0,0,0,0,0,0,0,0,0,0,0,0,0,0,0,0,0,0,0,0,0,0,0,4,0,0,0,0,0,0,0,4.214654181476742,2.704053152595454,5.410881051212213,0,0,0,0,4,0,0,0,0,0,1,1,0,0,0,0,0,0,0,0,0,0
1048,9,13,0.3611111111111111,1,0.0,0.0,-0.5402843601895733,5,1,2.888888888888889,0.11904761904761904,0.5620198247649228,3,2,0.4444444444444444,2,0,7,0,2,0,0,0,0,0,0,0,0,0,0,0,0,0,0,0,0,0,0,0,0,0,0,0,0,0,2,5,0,0,2,0,0,4.343353638500644,2.7459909909488593,5.701202697416008,0,0,0,0,5,0,0,0,6,2,0,0,0,0,0,0,0,0,0,0,0,0
1059,5,4,0.4,1,0.0,0.0,-0.6666666666666666,3,1,1.6,0.26666666666666666,0.5822222222222223,3,2,0.4,3,0,0,0,0,0,0,0,0,0,1,0,0,0,3,1,0,0,0,0,0,0,0,0,0,0,0,5,0,0,0,0,0,0,0,0,0,3.567734074088884,3.3578430499899414,3.668615257003082,0,4,0,0,0,0,0,0,0,0,1,1,1,1,0,0,0,0,0,0,0,0
1066,9,13,0.3611111111111111,1,0.0,0.0,-0.5402843601895733,5,1,2.888888888888889,0.11904761904761901,0.5620198247649228,3,2,0.5555555555555556,2,0,7,0,2,0,0,0,0,0,0,0,0,0,0,0,0,0,0,0,0,0,0,0,0,0,0,0,0,1,1,6,0,0,1,0,0,4.425515844385864,2.864468304531202,5.601442727449061,0,0,0,0,5,0,0,0,7,1,0,0,0,0,0,0,0,0,0,0,0,0
1068,4,4,0.6666666666666666,1,0.0,0.0,,2,2,2.0,0.16666666666666666,0.75,2,2,0.5,1,0,0,0,4,0,0,0,0,0,0,0,0,0,0,0,0,0,0,0,0,0,0,0,0,0,0,0,0,4,0,0,0,0,0,0,0,3.7707476557330364,2.42476982843509,4.773210451371186,0,0,0,0,4,0,0,0,0,0,1,1,0,0,0,0,0,0,0,0,0,0
1071,9,13,0.3611111111111111,1,0.0,0.0,-0.5402843601895733,5,1,2.888888888888889,0.11904761904761901,0.5620198247649228,3,2,0.4444444444444444,2,0,7,0,2,0,0,0,0,0,0,0,0,0,0,0,0,0,0,0,0,0,0,0,0,0,0,0,0,0,2,5,0,0,2,0,0,4.341525179908678,2.769022144784381,5.5835181203948565,0,0,0,0,5,0,0,0,6,2,0,0,0,0,0,0,0,0,0,0,0,0
1091,9,13,0.3611111111111111,1,0.0,0.0,-0.5402843601895733,5,1,2.888888888888889,0.11904761904761901,0.5620198247649228,3,2,0.5555555555555556,2,0,7,0,2,0,0,0,0,0,0,0,0,0,0,0,0,0,0,0,0,0,0,0,0,0,0,0,0,0,2,5,0,0,2,0,0,4.268346008462897,2.644963157596671,5.435815434795625,0,0,0,0,5,0,0,0,6,2,0,0,0,0,0,0,0,0,0,0,0,0
1094,4,4,0.6666666666666666,1,0.0,0.0,,2,2,2.0,0.16666666666666666,0.75,2,2,0.5,1,0,0,0,4,0,0,0,0,0,0,0,0,0,0,0,0,0,0,0,0,0,0,0,0,0,0,0,0,4,0,0,0,0,0,0,0,3.630812456219472,2.2965784376400804,4.645855691528402,0,0,0,0,4,0,0,0,0,0,1,1,0,0,0,0,0,0,0,0,0,0
1096,9,13,0.3611111111111111,1,0.0,0.0,-0.5402843601895733,5,1,2.888888888888889,0.11904761904761904,0.5620198247649228,3,2,0.4444444444444444,2,0,7,0,2,0,0,0,0,0,0,0,0,0,0,0,0,0,0,0,0,0,0,0,0,0,0,0,0,0,2,5,0,0,2,0,0,4.293850027410947,2.7020636798636333,5.521566599151394,0,0,0,0,5,0,0,0,6,2,0,0,0,0,0,0,0,0,0,0,0,0
1106,5,4,0.4,1,0.0,0.0,-0.6666666666666666,3,1,1.6,0.26666666666666666,0.5822222222222223,3,2,0.4,2,0,0,0,0,0,0,0,0,0,0,0,0,0,3,2,0,0,0,0,0,0,0,0,0,0,0,5,0,0,0,0,0,0,0,0,0,3.551307883620311,3.298130241548617,3.751449140725994,0,4,0,0,0,0,0,0,0,0,1,1,1,1,0,0,0,0,0,0,0,0
1107,4,3,0.5,1,0.0,0.0,-1.0,3,1,1.5,0.25,0.7000000000000001,2,1,0.75,2,0,0,0,0,0,0,0,0,0,1,0,0,0,0,0,0,0,0,0,3,0,0,0,0,0,0,4,0,0,0,0,0,0,0,0,0,3.562894599336772,3.5042806644358038,3.6083680653289263,0,3,0,0,0,0,0,0,0,0,1,1,1,1,1,0,0,0,0,0,0,0
1108,4,3,0.5,1,0.0,0.0,-0.4999999999999988,2,1,1.5,0.3333333333333333,0.625,3,2,0.5,2,0,0,0,0,0,0,0,0,0,2,0,0,0,2,0,0,0,0,0,0,0,0,0,0,0,0,4,0,0,0,0,0,0,0,0,0,3.5060390450386314,3.1796205470885686,3.674757378374732,0,3,0,0,0,0,0,0,0,0,1,1,1,1,1,1,1,1,1,0,0,0
1109,7,8,0.38095238095238093,1,0.0,0.0,-0.8235294117647058,5,1,2.2857142857142856,0.14285714285714285,0.6003710575139146,3,2,0.7142857142857143,3,0,4,0,0,0,0,2,0,0,0,0,0,0,0,0,0,1,0,0,0,0,0,1,0,0,0,0,0,1,1,3,0,0,1,0,0,4.346780992161654,2.683332420375651,5.7765903429958865,0,0,0,1,0,0,0,0,6,1,0,0,0,0,0,0,0,0,0,0,0,0
1112,4,3,0.5,1,0.0,0.0,-1.0,3,1,1.5,0.25,0.7000000000000001,2,1,0.25,2,0,0,0,0,0,0,0,0,0,1,0,0,0,0,0,0,0,0,0,3,0,0,0,0,0,0,4,0,0,0,0,0,0,0,0,0,3.6008346484219076,3.5008112146798016,3.686064270010547,0,3,0,0,0,0,0,0,0,0,1,1,1,1,1,0,0,0,0,0,0,0
1113,4,3,0.5,1,0.0,0.0,-0.4999999999999988,2,1,1.5,0.3333333333333333,0.625,3,2,0.5,1,0,0,0,0,0,0,4,0,0,0,0,0,0,0,0,0,0,0,0,0,0,0,0,0,0,0,0,0,4,0,0,0,0,0,0,0,4.383527438368018,3.3329898190771687,5.479161970221715,0,0,0,0,3,0,0,0,0,0,1,1,0,0,0,0,0,0,0,0,0,0
1114,4,3,0.5,1,0.0,0.0,-0.4999999999999988,2,1,1.5,0.3333333333333333,0.625,3,2,0.5,1,0,0,0,0,0,0,0,0,0,0,0,0,0,4,0,0,0,0,0,0,0,0,0,0,0,0,2,2,0,0,0,0,0,0,0,0,3.5064396528883983,3.2322815377709335,3.6454988311988634,0,2,1,0,0,0,0,0,0,0,0,0,0,0,0,0,0,0,0,0,0,0
1118,7,6,0.2857142857142857,1,0.0,0.0,-0.7760000000000005,5,1,1.7142857142857142,0.18095238095238095,0.5510204081632654,3,2,0.2857142857142857,3,0,4,0,0,0,0,2,0,0,0,0,0,0,0,0,0,1,0,0,0,0,0,1,0,0,0,0,0,1,1,3,0,0,1,0,0,4.014015895330016,2.594735072771524,5.180048746340862,0,0,0,1,0,0,0,0,4,1,0,0,0,0,0,0,0,0,0,0,0,0
1119,5,4,0.4,1,0.0,0.0,-0.3333333333333333,2,1,1.6,0.3333333333333333,0.5219047619047619,4,2,0.6,3,0,0,0,0,0,0,1,0,0,2,0,0,0,2,0,0,0,0,0,0,0,0,0,0,0,0,5,0,0,0,0,0,0,0,0,0,3.6397588573239394,3.2531296074921867,3.7802125742894868,0,4,0,0,0,0,0,0,0,0,1,1,1,0,0,0,0,0,0,0,0,0
1122,4,3,0.5,1,0.0,0.0,-0.4999999999999988,2,1,1.5,0.3333333333333333,0.625,3,2,0.5,1,0,0,0,0,0,0,0,0,0,0,0,4,0,0,0,0,0,0,0,0,0,0,0,0,0,0,4,0,0,0,0,0,0,0,0,0,3.602612092220847,3.4356394692009844,3.7715571861983754,0,3,0,0,0,0,0,0,0,0,1,1,1,1,1,1,1,1,1,0,0,0
1123,6,5,0.3333333333333333,1,0.0,0.0,-0.7391304347826096,4,1,1.6666666666666667,0.21666666666666667,0.5625,3,2,0.6666666666666666,3,0,0,0,3,0,0,2,0,0,0,0,1,0,0,0,0,0,0,0,0,0,0,0,0,0,0,0,0,5,0,1,0,0,0,0,0,4.578826388895612,3.144565411923316,5.297459105152549,0,0,0,0,1,0,0,0,4,0,0,0,0,0,0,0,0,0,0,0,0,0
1124,6,5,0.3333333333333333,1,0.0,0.0,-0.7391304347826096,4,1,1.6666666666666667,0.21666666666666667,0.5625,3,2,0.3333333333333333,3,0,0,0,3,0,0,2,0,0,0,0,1,0,0,0,0,0,0,0,0,0,0,0,0,0,0,0,0,5,0,1,0,0,0,0,0,4.49246867665712,3.5903500355174494,5.742973696163518,0,0,0,0,1,0,0,0,4,0,0,0,0,0,0,0,0,0,0,0,0,0
1131,4,3,0.5,1,0.0,0.0,-0.4999999999999988,2,1,1.5,0.3333333333333333,0.625,3,2,0.5,3,0,0,1,0,0,0,0,0,0,2,1,0,0,0,0,0,0,0,0,0,0,0,0,0,0,0,4,0,0,0,0,0,0,0,0,0,3.454539491803081,3.292464365400097,3.5674565522731823,0,3,0,0,0,0,0,0,0,0,1,1,1,1,1,1,1,1,1,0,0,0
1135,4,3,0.5,1,0.0,0.0,-1.0,3,1,1.5,0.25,0.7000000000000001,2,1,0.75,2,0,0,0,0,0,0,0,0,0,1,0,0,0,0,0,0,0,0,0,3,0,0,0,0,0,0,4,0,0,0,0,0,0,0,0,0,3.5247955873902233,3.4849917911099126,3.55738440473515,0,3,0,0,0,0,0,0,0,0,1,1,1,1,1,0,0,0,0,0,0,0
1137,7,6,0.2857142857142857,1,0.0,0.0,-0.7760000000000005,5,1,1.7142857142857142,0.18095238095238095,0.5510204081632654,3,2,0.7142857142857143,3,0,4,0,0,0,0,2,0,0,0,0,0,0,0,0,0,1,0,0,0,0,0,1,0,0,0,0,0,1,1,3,0,0,1,0,0,4.092822204634865,2.7592408901972014,5.255767902190915,0,0,0,1,0,0,0,0,4,1,0,0,0,0,0,0,0,0,0,0,0,0
1141,4,3,0.5,1,0.0,0.0,-1.0,3,1,1.5,0.25,0.7000000000000001,2,1,0.25,2,0,0,0,0,0,0,0,0,0,1,0,0,0,0,0,0,0,0,0,3,0,0,0,0,0,0,4,0,0,0,0,0,0,0,0,0,3.5066957621501307,3.4584777411562135,3.5451421309438653,0,3,0,0,0,0,0,0,0,0,1,1,1,1,1,0,0,0,0,0,0,0
1142,4,3,0.5,1,0.0,0.0,-0.4999999999999988,2,1,1.5,0.3333333333333333,0.625,3,2,0.5,1,0,0,0,0,0,0,4,0,0,0,0,0,0,0,0,0,0,0,0,0,0,0,0,0,0,0,0,0,4,0,0,0,0,0,0,0,4.616065509660057,3.3540747348647515,5.5204019159780096,0,0,0,0,3,0,0,0,0,0,1,1,0,0,0,0,0,0,0,0,0,0
1144,4,3,0.5,1,0.0,0.0,-0.4999999999999988,2,1,1.5,0.3333333333333333,0.625,3,2,0.5,1,0,0,0,0,0,0,0,0,0,0,0,0,0,4,0,0,0,0,0,0,0,0,0,0,0,0,2,2,0,0,0,0,0,0,0,0,3.500466734981243,3.2145083946168143,3.6451905097994013,0,2,1,0,0,0,0,0,0,0,0,0,0,0,0,0,0,0,0,0,0,0
1146,4,3,0.5,1,0.0,0.0,-0.4999999999999988,2,1,1.5,0.3333333333333333,0.625,3,2,0.5,1,0,0,0,0,0,0,4,0,0,0,0,0,0,0,0,0,0,0,0,0,0,0,0,0,0,0,0,0,4,0,0,0,0,0,0,0,4.162594319516327,2.8103730855334095,4.958660996252309,0,0,0,0,3,0,0,0,0,0,1,1,0,0,0,0,0,0,0,0,0,0
1148,7,8,0.38095238095238093,1,0.0,0.0,-0.8235294117647058,5,1,2.2857142857142856,0.14285714285714285,0.6003710575139146,3,2,0.2857142857142857,3,0,4,0,0,0,0,2,0,0,0,0,0,0,0,0,0,1,0,0,0,0,0,1,0,0,0,0,0,1,1,3,0,0,1,0,0,4.353290659090886,2.758222046231871,5.804139537712797,0,0,0,1,0,0,0,0,6,1,0,0,0,0,0,0,0,0,0,0,0,0
1155,6,5,0.3333333333333333,1,0.0,0.0,-0.7391304347826096,4,1,1.6666666666666667,0.21666666666666667,0.5625,3,2,0.6666666666666666,3,0,0,0,3,0,0,2,0,0,0,0,1,0,0,0,0,0,0,0,0,0,0,0,0,0,0,0,0,5,0,1,0,0,0,0,0,4.498498429423502,3.008827755410092,5.93212079488501,0,0,0,0,1,0,0,0,4,0,0,0,0,0,0,0,0,0,0,0,0,0
1166,4,3,0.5,1,0.0,0.0,-0.4999999999999988,2,1,1.5,0.3333333333333333,0.625,3,2,0.5,2,0,0,0,0,0,0,0,0,0,3,1,0,0,0,0,0,0,0,0,0,0,0,0,0,0,0,4,0,0,0,0,0,0,0,0,0,3.4934794255560173,3.453411969666961,3.5668390499650484,0,3,0,0,0,0,0,0,0,0,1,1,1,1,1,1,1,1,1,0,0,0
1169,7,6,0.2857142857142857,1,0.0,0.0,-0.7142857142857147,4,1,1.7142857142857142,0.2380952380952381,0.4781789638932496,4,2,0.2857142857142857,3,0,4,0,0,0,0,2,0,0,0,0,1,0,0,0,0,0,0,0,0,0,0,0,0,0,0,0,0,2,0,5,0,0,0,0,0,4.96530564176109,3.483187994905106,5.863305913060744,0,0,0,0,0,0,0,0,6,0,0,0,0,0,0,0,0,0,0,0,0,0
1172,8,11,0.39285714285714285,1,0.0,0.0,-0.3908045977011488,4,1,2.75,0.13095238095238096,0.5734375,3,2,0.5,3,0,4,0,2,0,0,2,0,0,0,0,0,0,0,0,0,0,0,0,0,0,0,0,0,0,0,0,0,3,1,3,0,0,1,0,0,4.531798855665984,2.7383329430957755,5.661522210380084,0,0,0,0,0,0,0,0,10,1,0,0,0,0,0,0,0,0,0,0,0,0
1173,7,7,0.3333333333333333,1,0.0,0.0,-0.750000000000001,5,1,2.0,0.1619047619047619,0.5740973312401884,3,2,0.7142857142857143,1,0,0,0,0,0,0,0,0,0,0,0,0,0,0,0,0,0,0,7,0,0,0,0,0,0,0,5,2,0,0,0,0,0,0,0,0,3.625685117159688,3.4909291518794663,3.798043642315361,0,6,1,0,0,0,0,0,0,0,0,0,0,0,0,0,0,0,0,0,0,0
1174,12,22,0.3333333333333333,1,0.0,0.0,-0.7365809652683797,8,2,3.6666666666666665,0.08181818181818183,0.5627696377696377,3,2,0.3333333333333333,3,0,8,0,2,0,0,2,0,0,0,0,0,0,0,0,0,0,0,0,0,0,0,0,0,0,0,0,0,3,1,7,0,0,1,0,0,4.691129854280185,2.8409649929856657,5.834518206207186,0,0,0,0,0,0,0,0,21,1,0,0,0,0,0,0,0,0,0,0,0,0
1178,6,6,0.4,1,0.0,0.0,-0.7333333333333336,4,1,2.0,0.18333333333333335,0.5972222222222222,3,2,0.6666666666666666,2,0,4,0,0,0,0,2,0,0,0,0,0,0,0,0,0,0,0,0,0,0,0,0,0,0,0,0,0,1,1,3,0,0,1,0,0,4.666211912546667,2.969884497957455,5.917084121782137,0,0,0,0,0,0,0,0,5,1,1,0,0,0,0,0,0,0,0,0,0,0
1179,5,4,0.4,1,0.0,0.0,-0.6666666666666666,3,1,1.6,0.26666666666666666,0.5822222222222222,3,2,0.4,2,0,3,0,0,0,0,2,0,0,0,0,0,0,0,0,0,0,0,0,0,0,0,0,0,0,0,0,0,2,0,3,0,0,0,0,0,4.929476283559862,4.041419009156905,5.344893710338013,0,0,0,0,0,0,0,0,4,0,0,0,0,0,0,0,0,0,0,0,0,0
1180,9,8,0.2222222222222222,1,0.0,0.0,-0.47368421052631576,4,1,1.7777777777777777,0.24603174603174605,0.38548364866040774,6,3,0.5555555555555556,4,0,5,0,0,0,0,2,0,0,0,0,1,0,0,0,1,0,0,0,0,1,0,0,0,0,0,0,0,2,0,5,0,0,1,0,0,4.776199801414526,2.957412801371345,5.906500317229234,0,0,0,1,1,0,0,0,6,0,0,0,0,0,0,0,0,0,0,0,0,0
1181,4,3,0.5,1,0.0,0.0,-0.4999999999999988,2,1,1.5,0.3333333333333333,0.625,3,2,0.5,2,0,1,0,0,0,0,0,0,0,0,0,3,0,0,0,0,0,0,0,0,0,0,0,0,0,0,0,0,0,0,4,0,0,0,0,0,5.041824191849692,4.534897463392296,5.376850462622203,0,0,0,0,3,0,0,0,0,0,1,1,0,0,0,0,0,0,0,0,0,0
1184,7,8,0.38095238095238093,1,0.0,0.0,-0.6,4,1,2.2857142857142856,0.1619047619047619,0.5710979496693782,3,2,0.5714285714285714,3,0,4,0,2,0,0,1,0,0,0,0,0,0,0,0,0,0,0,0,0,0,0,0,0,0,0,0,0,2,1,3,0,0,1,0,0,4.227596057011523,2.554988048419654,5.395943283731008,0,0,0,0,0,0,0,0,7,1,0,0,0,0,0,0,0,0,0,0,0,0
1185,4,3,0.5,1,0.0,0.0,-1.0,3,1,1.5,0.25,0.7000000000000001,2,1,0.75,1,0,0,0,0,0,0,0,0,0,0,0,0,0,0,0,0,0,0,4,0,0,0,0,0,0,0,2,2,0,0,0,0,0,0,0,0,3.5765539749021276,3.4916036370741486,3.7247503734503264,0,2,1,0,0,0,0,0,0,0,0,0,0,0,0,0,0,0,0,0,0,0
1188,12,22,0.3333333333333333,1,0.0,0.0,-0.7365809652683797,8,2,3.6666666666666665,0.0818181818181818,0.5627696377696377,3,2,0.3333333333333333,3,0,8,0,2,0,0,2,0,0,0,0,0,0,0,0,0,0,0,0,0,0,0,0,0,0,0,0,0,4,0,8,0,0,0,0,0,4.853091198606187,3.341748600223334,5.876680095846343,0,0,0,0,0,0,0,0,22,0,0,0,0,0,0,0,0,0,0,0,0,0
1191,12,11,0.16666666666666666,1,0.0,0.0,-0.6141304347826085,4,1,1.8333333333333333,0.2212121212121212,0.3232612374488805,7,4,0.5,2,0,8,0,0,0,0,4,0,0,0,0,0,0,0,0,0,0,0,0,0,0,0,0,0,0,0,0,0,4,0,8,0,0,0,0,0,4.961356053603748,3.52973977761352,5.86616981596853,0,0,0,0,1,0,0,0,10,0,0,0,0,0,0,0,0,0,0,0,0,0
1192,4,3,0.5,1,0.0,0.0,-0.4999999999999988,2,1,1.5,0.3333333333333333,0.625,3,2,0.5,2,0,1,0,0,0,0,0,0,0,0,0,3,0,0,0,0,0,0,0,0,0,0,0,0,0,0,0,0,0,0,4,0,0,0,0,0,4.880625697440118,4.189166483211974,5.578134337828194,0,0,0,0,3,0,0,0,0,0,1,1,0,0,0,0,0,0,0,0,0,0
1194,7,8,0.38095238095238093,1,0.0,0.0,-0.6,4,1,2.2857142857142856,0.1619047619047619,0.5710979496693782,3,2,0.5714285714285714,3,0,4,0,2,0,0,1,0,0,0,0,0,0,0,0,0,0,0,0,0,0,0,0,0,0,0,0,0,2,1,3,0,0,1,0,0,4.1258448422015475,2.1266814844511,5.723412472336086,0,0,0,0,0,0,0,0,7,1,0,0,0,0,0,0,0,0,0,0,0,0
1196,4,3,0.5,1,0.0,0.0,-1.0,3,1,1.5,0.25,0.7000000000000001,2,1,0.75,1,0,0,0,0,0,0,0,0,0,0,0,0,0,0,0,0,0,0,4,0,0,0,0,0,0,0,2,2,0,0,0,0,0,0,0,0,3.580232319823143,3.490501560063841,3.6961524263289296,0,2,1,0,0,0,0,0,0,0,0,0,0,0,0,0,0,0,0,0,0,0
1199,12,15,0.22727272727272727,1,0.0,0.0,-0.6921606118546844,7,1,2.5,0.11212121212121211,0.4875368844118844,4,2,0.3333333333333333,3,0,8,0,2,0,0,2,0,0,0,0,0,0,0,0,0,0,0,0,0,0,0,0,0,0,0,0,0,4,0,8,0,0,0,0,0,4.89209183536532,4.102387544129447,5.729574041015446,0,0,0,0,0,0,0,0,15,0,0,0,0,0,0,0,0,0,0,0,0,0
1202,4,3,0.5,1,0.0,0.0,-1.0,3,1,1.5,0.25,0.7000000000000001,2,1,0.25,1,0,0,0,0,0,0,0,0,0,0,0,0,0,0,0,0,0,0,4,0,0,0,0,0,0,0,4,0,0,0,0,0,0,0,0,0,3.709176332132768,3.6519096310816823,3.7602221828458693,0,3,0,0,0,0,0,0,0,0,1,1,1,1,1,0,0,0,0,0,0,0
1204,11,17,0.3090909090909091,1,0.0,0.0,-0.592734225621416,6,1,3.090909090909091,0.11111111111111112,0.5186458278563543,4,2,0.36363636363636365,2,0,10,0,0,0,0,0,0,0,0,0,1,0,0,0,0,0,0,0,0,0,0,0,0,0,0,0,0,0,0,11,0,0,0,0,0,4.9549586701265556,3.9931337101019273,5.975538315336965,0,0,0,0,17,0,0,0,0,0,0,0,0,0,0,0,0,0,0,0,0,0
1209,4,3,0.5,1,0.0,0.0,-1.0,3,1,1.5,0.25,0.7,2,1,0.25,2,0,0,0,0,0,0,0,0,0,0,2,0,0,0,0,0,2,0,0,0,0,0,0,0,0,0,4,0,0,0,0,0,0,0,0,0,3.7045344104417572,3.640696829227751,3.7680548299261654,0,3,0,0,0,0,0,0,0,0,1,1,1,1,1,0,0,0,0,0,0,0
1210,9,15,0.4166666666666667,1,0.0,0.0,-0.5316901408450714,5,2,3.3333333333333335,0.10317460317460314,0.59591432532609,3,2,0.5555555555555556,2,0,7,0,2,0,0,0,0,0,0,0,0,0,0,0,0,0,0,0,0,0,0,0,0,0,0,0,0,2,0,7,0,0,0,0,0,4.58250838381481,3.0451379522760798,5.949596619853367,0,0,0,0,7,0,0,0,8,0,0,0,0,0,0,0,0,0,0,0,0,0
1213,5,5,0.5,1,0.0,0.0,-0.6666666666666623,3,1,2.0,0.19999999999999998,0.6409523809523809,3,2,0.4,2,0,0,0,4,0,0,0,1,0,0,0,0,0,0,0,0,0,0,0,0,0,0,1,0,0,0,0,0,3,1,0,0,0,0,0,0,4.031696568182378,2.6241420844762615,5.657882374954179,0,0,0,1,4,0,0,0,0,0,1,1,0,0,0,0,0,0,0,0,0,0
1215,9,13,0.3611111111111111,1,0.0,0.0,-0.5402843601895733,5,1,2.888888888888889,0.11904761904761901,0.5620198247649228,3,2,0.4444444444444444,2,0,7,0,2,0,0,0,0,0,0,0,0,0,0,0,0,0,0,0,0,0,0,0,0,0,0,0,0,1,1,6,0,0,1,0,0,4.159723633839551,2.7111438396942233,5.622826911516906,0,0,0,0,5,0,0,0,7,1,0,0,0,0,0,0,0,0,0,0,0,0
1233,4,3,0.5,1,0.0,0.0,-0.4999999999999988,2,1,1.5,0.3333333333333333,0.625,3,2,0.5,3,0,1,0,0,0,0,0,0,0,0,2,0,0,0,0,0,1,0,0,0,0,0,0,0,0,0,4,0,0,0,0,0,0,0,0,0,3.513080500801698,3.4133029030928426,3.616841777644957,0,3,0,0,0,0,0,0,0,0,1,1,1,1,1,1,1,1,1,0,0,0
1234,10,14,0.3111111111111111,1,0.0,0.0,-0.2078431372549036,5,1,2.8,0.13333333333333333,0.5033248279068712,4,2,0.5,2,0,7,0,3,0,0,0,0,0,0,0,0,0,0,0,0,0,0,0,0,1,0,0,0,0,0,0,0,0,2,4,0,0,3,0,0,4.118944200872435,2.5623398786641025,5.801477396485897,0,0,0,1,5,0,0,0,6,2,0,0,0,0,0,0,0,0,0,0,0,0
1236,4,4,0.6666666666666666,1,0.0,0.0,,2,2,2.0,0.16666666666666666,0.75,2,2,0.5,1,0,0,0,4,0,0,0,0,0,0,0,0,0,0,0,0,0,0,0,0,0,0,0,0,0,0,0,0,4,0,0,0,0,0,0,0,4.2532274418843095,2.6617423851290427,5.5372444795745475,0,0,0,0,4,0,0,0,0,0,1,1,0,0,0,0,0,0,0,0,0,0
1239,9,17,0.4722222222222222,1,0.0,0.0,-0.4999999999999987,5,2,3.7777777777777777,0.08730158730158728,0.6305213305213306,3,2,0.4444444444444444,2,0,7,0,2,0,0,0,0,0,0,0,0,0,0,0,0,0,0,0,0,0,0,0,0,0,0,0,0,2,0,7,0,0,0,0,0,4.441932854796499,3.132076871145833,5.974186410935864,0,0,0,0,9,0,0,0,8,0,0,0,0,0,0,0,0,0,0,0,0,0
1259,5,4,0.4,1,0.0,0.0,-1.0,4,1,1.6,0.2,0.6571428571428571,2,1,0.2,2,0,0,0,0,0,0,0,0,0,0,3,0,0,0,0,0,2,0,0,0,0,0,0,0,0,0,5,0,0,0,0,0,0,0,0,0,3.685103464059755,3.616747513271165,3.7624220270779594,0,4,0,0,0,0,0,0,0,0,0,0,0,0,0,0,0,0,0,0,0,0
1260,10,13,0.28888888888888886,1,0.0,0.0,-0.3140794223826715,5,1,2.6,0.1388888888888889,0.4932407942934258,4,2,0.5,2,0,7,0,3,0,0,0,0,0,0,0,0,0,0,0,0,0,0,0,0,1,0,0,0,0,0,0,0,1,1,5,0,0,2,0,0,4.129146246829017,2.6513275216570347,5.77429109793505,0,0,0,1,4,0,0,0,7,1,0,0,0,0,0,0,0,0,0,0,0,0
1263,4,4,0.6666666666666666,1,0.0,0.0,,2,2,2.0,0.16666666666666666,0.75,2,2,0.5,1,0,0,0,4,0,0,0,0,0,0,0,0,0,0,0,0,0,0,0,0,0,0,0,0,0,0,0,0,4,0,0,0,0,0,0,0,4.204284336285908,2.6921457374546165,5.346828260418562,0,0,0,0,4,0,0,0,0,0,1,1,0,0,0,0,0,0,0,0,0,0
1265,11,17,0.3090909090909091,1,0.0,0.0,-0.28787878787878757,6,1,3.090909090909091,0.11515151515151514,0.5098708545581365,4,2,0.45454545454545453,2,0,8,0,3,0,0,0,0,0,0,0,0,0,0,0,0,0,0,0,0,1,0,0,0,0,0,0,0,0,2,5,0,0,3,0,0,4.238183488228178,2.711973807690861,5.879541731575726,0,0,0,1,8,0,0,0,6,2,0,0,0,0,0,0,0,0,0,0,0,0
1302,22,42,0.18181818181818182,1,0.0,0.0,0.07998392282958175,7,1,3.8181818181818183,0.09718614718614721,0.357221730384163,8,4,0.45454545454545453,3,0,12,0,4,0,0,6,0,0,0,0,0,0,0,0,0,0,0,0,0,0,0,0,0,0,0,0,0,9,1,10,0,0,2,0,0,4.575980355361748,2.2341663069145032,5.959378536961921,0,0,0,0,0,0,0,0,40,2,0,0,0,0,0,0,0,0,0,0,0,0
1303,4,3,0.5,1,0.0,0.0,-0.4999999999999988,2,1,1.5,0.3333333333333333,0.625,3,2,0.5,2,0,2,0,0,0,0,0,0,0,0,0,0,0,2,0,0,0,0,0,0,0,0,0,0,0,0,4,0,0,0,0,0,0,0,0,0,3.6958794535005706,3.661156480222834,3.747069079573006,0,3,0,0,0,0,0,0,0,0,1,1,1,1,1,1,1,1,1,0,0,0
1306,17,36,0.2647058823529412,1,0.0,0.0,-0.10379746835443154,8,1,4.235294117647059,0.0823529411764706,0.4637031720570355,5,3,0.47058823529411764,3,0,9,0,2,0,0,6,0,0,0,0,0,0,0,0,0,0,0,0,0,0,0,0,0,0,0,0,0,7,1,8,0,0,1,0,0,4.473142665372158,2.701058340238928,5.983050742661039,0,0,0,0,0,0,0,0,35,1,0,0,0,0,0,0,0,0,0,0,0,0
1307,4,3,0.5,1,0.0,0.0,-0.4999999999999988,2,1,1.5,0.3333333333333333,0.625,3,2,0.5,2,0,2,0,0,0,0,0,0,0,0,0,0,0,2,0,0,0,0,0,0,0,0,0,0,0,0,4,0,0,0,0,0,0,0,0,0,3.7522429583365704,3.737025045850744,3.779538241723399,0,3,0,0,0,0,0,0,0,0,1,1,1,1,1,1,1,1,1,0,0,0
1308,5,6,0.6,1,0.0,0.0,-1.0,3,2,2.4,0.13333333333333336,0.72,2,2,0.4,2,0,3,0,2,0,0,0,0,0,0,0,0,0,0,0,0,0,0,0,0,0,0,0,0,0,0,0,0,2,0,3,0,0,0,0,0,5.142402893882781,4.189765162523639,5.980936837689074,0,0,0,0,0,0,0,0,6,0,1,0,0,0,0,0,0,0,0,0,0,0
1312,22,44,0.19047619047619047,1,0.0,0.0,0.08381452318460214,8,2,4.0,0.09588744588744587,0.35974531468261906,7,4,0.45454545454545453,3,0,12,0,4,0,0,6,0,0,0,0,0,0,0,0,0,0,0,0,0,0,0,0,0,0,0,0,0,9,1,11,0,0,1,0,0,4.569843524577966,2.6347392606983915,5.917734278626878,0,0,0,0,0,0,0,0,43,1,0,0,0,0,0,0,0,0,0,0,0,0
1317,22,42,0.18181818181818182,1,0.0,0.0,0.06445134197553322,8,1,3.8181818181818183,0.09761904761904763,0.3559877716873087,7,4,0.45454545454545453,3,0,12,0,4,0,0,6,0,0,0,0,0,0,0,0,0,0,0,0,0,0,0,0,0,0,0,0,0,9,1,11,0,0,1,0,0,4.555749819872501,2.4370594084015624,5.9715111380496335,0,0,0,0,0,0,0,0,41,1,0,0,0,0,0,0,0,0,0,0,0,0
1321,17,36,0.2647058823529412,1,0.0,0.0,-0.10379746835443154,8,1,4.235294117647059,0.0823529411764706,0.4637031720570355,5,3,0.47058823529411764,3,0,9,0,2,0,0,6,0,0,0,0,0,0,0,0,0,0,0,0,0,0,0,0,0,0,0,0,0,7,1,8,0,0,1,0,0,4.463981556294652,2.58984944717988,5.954414500564365,0,0,0,0,0,0,0,0,35,1,0,0,0,0,0,0,0,0,0,0,0,0
1323,5,5,0.5,1,0.0,0.0,-0.6666666666666623,3,1,2.0,0.19999999999999998,0.6409523809523809,3,2,0.4,2,0,3,0,2,0,0,0,0,0,0,0,0,0,0,0,0,0,0,0,0,0,0,0,0,0,0,0,0,2,0,3,0,0,0,0,0,5.019892504129237,4.227797440701582,5.841504276175139,0,0,0,0,0,0,0,0,5,0,0,0,0,0,0,0,0,0,0,0,0,0
1326,22,42,0.18181818181818182,1,0.0,0.0,0.06445134197553322,8,1,3.8181818181818183,0.09761904761904763,0.3559877716873087,7,4,0.45454545454545453,3,0,12,0,4,0,0,6,0,0,0,0,0,0,0,0,0,0,0,0,0,0,0,0,0,0,0,0,0,9,1,10,0,0,2,0,0,4.563786846559763,2.4553684331009458,5.985766697985123,0,0,0,0,0,0,0,0,40,2,0,0,0,0,0,0,0,0,0,0,0,0
1329,17,28,0.20588235294117646,1,0.0,0.0,-0.2620817843866181,7,1,3.2941176470588234,0.10098039215686275,0.4125294374225503,6,3,0.47058823529411764,3,0,9,0,2,0,0,6,0,0,0,0,0,0,0,0,0,0,0,0,0,0,0,0,0,0,0,0,0,7,1,8,0,0,1,0,0,4.541494785375476,2.829689428443615,5.77770434494186,0,0,0,0,0,0,0,0,27,1,0,0,0,0,0,0,0,0,0,0,0,0
1331,5,4,0.4,1,0.0,0.0,-0.6666666666666666,3,1,1.6,0.26666666666666666,0.5822222222222223,3,2,0.6,2,0,3,0,2,0,0,0,0,0,0,0,0,0,0,0,0,0,0,0,0,0,0,0,0,0,0,0,0,2,0,3,0,0,0,0,0,5.00616156033502,4.00662189659226,5.712529005855211,0,0,0,0,0,0,0,0,4,0,0,0,0,0,0,0,0,0,0,0,0,0
1334,9,11,0.3055555555555556,1,0.0,0.0,-0.6680327868852454,5,1,2.4444444444444446,0.1349206349206349,0.5339671222024163,3,2,0.4444444444444444,4,1,5,0,2,0,0,0,0,0,0,0,1,0,0,0,0,0,0,0,0,1,0,0,0,0,0,0,0,1,1,4,0,0,2,0,0,4.2728341454271614,2.887853194687767,5.921199257916359,0,0,0,1,2,0,0,0,6,2,0,0,0,0,0,0,0,0,0,0,0,0
1335,8,10,0.35714285714285715,1,0.0,0.0,-0.627906976744188,4,1,2.5,0.14285714285714288,0.559375,3,2,0.5,3,1,5,0,2,0,0,0,0,0,0,0,0,0,0,0,0,0,0,0,0,1,0,0,0,0,0,0,0,1,1,3,0,0,2,0,0,4.100953873709395,2.8965716573206985,5.801669727279217,0,0,0,1,1,0,0,0,6,2,0,0,0,0,0,0,0,0,0,0,0,0
1336,10,15,0.3333333333333333,1,0.0,0.0,-0.9844357976653684,8,1,3.0,0.0861111111111111,0.60875,3,2,0.2,2,0,8,0,0,0,0,2,0,0,0,0,0,0,0,0,0,0,0,0,0,0,0,0,0,0,0,0,0,1,1,7,0,0,1,0,0,3.9331458404378714,2.786671726036561,5.1386881661512644,0,0,0,0,0,0,0,0,14,1,0,0,0,0,0,0,0,0,0,0,0,0
1338,10,15,0.3333333333333333,1,0.0,0.0,-0.9844357976653684,8,1,3.0,0.0861111111111111,0.60875,3,2,0.8,2,0,8,0,0,0,0,2,0,0,0,0,0,0,0,0,0,0,0,0,0,0,0,0,0,0,0,0,0,1,1,7,0,0,1,0,0,4.103585803323594,2.8620493648233434,5.581379548158784,0,0,0,0,0,0,0,0,14,1,0,0,0,0,0,0,0,0,0,0,0,0
1339,6,5,0.3333333333333333,1,0.0,0.0,-0.6666666666666673,3,1,1.6666666666666667,0.2833333333333334,0.49007936507936506,4,2,0.6666666666666666,2,0,5,0,0,0,0,0,0,0,0,0,0,0,0,0,0,0,0,0,1,1,0,1,0,0,0,0,0,0,0,3,0,0,1,0,0,4.5481695440617695,2.849182698678894,5.811785595205077,0,0,0,2,3,0,0,0,0,0,0,0,0,0,0,0,0,0,0,0,0,0
1350,4,3,0.5,1,0.0,0.0,-0.4999999999999988,2,1,1.5,0.3333333333333333,0.625,3,2,0.5,1,0,0,0,0,0,0,0,0,0,4,0,0,0,0,0,0,0,0,0,0,0,0,0,0,0,0,4,0,0,0,0,0,0,0,0,0,3.176031254101236,2.990208768290076,3.3928615306819827,0,3,0,0,0,0,0,0,0,0,1,1,1,1,1,1,1,1,1,0,0,0
1367,14,15,0.16483516483516483,1,0.0,0.0,-0.6216216216216212,7,1,2.142857142857143,0.11263736263736264,0.44010458250285767,4,3,0.42857142857142855,4,0,4,0,6,0,0,0,2,0,0,0,2,0,0,0,0,0,0,0,0,0,0,4,0,0,0,0,0,0,4,5,0,0,1,0,0,4.23248054801845,2.5896971218611307,5.964163630051614,0,0,0,4,4,0,0,0,6,1,0,0,0,0,0,0,0,0,0,0,0,0
1370,4,3,0.5,1,0.0,0.0,-0.4999999999999988,2,1,1.5,0.3333333333333333,0.625,3,2,0.5,1,0,0,0,0,0,0,0,0,4,0,0,0,0,0,0,0,0,0,0,0,0,0,0,0,0,0,0,0,0,0,4,0,0,0,0,0,5.47514334543308,5.2001294476375035,5.641835779616856,0,0,0,0,3,0,0,0,0,0,1,1,0,0,0,0,0,0,0,0,0,0
1371,6,8,0.5333333333333333,1,0.0,0.0,-1.0,4,2,2.6666666666666665,0.1166666666666667,0.6944444444444445,2,2,0.6666666666666666,2,0,4,0,0,0,0,2,0,0,0,0,0,0,0,0,0,0,0,0,0,0,0,0,0,0,0,0,0,2,0,4,0,0,0,0,0,4.14113321920907,3.1375851616841666,5.195737287345032,0,0,0,0,0,0,0,0,8,0,1,0,0,0,0,0,0,0,0,0,0,0
1373,7,9,0.42857142857142855,1,0.0,0.0,-0.666666666666667,4,1,2.5714285714285716,0.14285714285714285,0.6045145330859617,3,2,0.42857142857142855,3,0,4,0,0,0,0,2,0,0,0,0,0,0,0,0,1,0,0,0,0,1,0,0,0,0,0,0,0,2,0,3,0,0,1,0,0,4.096523816497896,2.9552544311520452,5.4391166539280045,0,0,0,1,0,0,0,0,8,0,0,0,0,0,0,0,0,0,0,0,0,0
1379,13,16,0.20512820512820512,1,0.0,0.0,-0.538866930171278,6,1,2.4615384615384617,0.11421911421911422,0.45919567013475365,4,3,0.5384615384615384,4,0,4,0,5,0,0,0,2,0,0,0,2,0,0,0,0,0,0,0,0,0,0,3,0,0,0,0,0,0,4,5,0,0,1,0,0,4.370155364572902,2.5608397469512925,5.985651884283648,0,0,0,3,5,0,0,0,7,1,0,0,0,0,0,0,0,0,0,0,0,0
1384,5,5,0.5,1,0.0,0.0,-0.6666666666666623,3,1,2.0,0.19999999999999998,0.6409523809523809,3,2,0.4,2,0,0,0,0,0,0,1,0,4,0,0,0,0,0,0,0,0,0,0,0,0,0,0,0,0,0,0,0,1,0,4,0,0,0,0,0,5.5656898266600985,5.18152087119875,5.957161467861488,0,0,0,0,4,0,0,0,1,0,1,0,0,0,0,0,0,0,0,0,0,0
1385,6,8,0.5333333333333333,1,0.0,0.0,-1.0,4,2,2.6666666666666665,0.1166666666666667,0.6944444444444445,2,2,0.6666666666666666,2,0,4,0,0,0,0,2,0,0,0,0,0,0,0,0,0,0,0,0,0,0,0,0,0,0,0,0,0,2,0,4,0,0,0,0,0,4.166368736145585,3.40231969157238,5.2485842849347755,0,0,0,0,0,0,0,0,8,0,1,0,0,0,0,0,0,0,0,0,0,0
1386,6,8,0.5333333333333333,1,0.0,0.0,-1.0,4,2,2.6666666666666665,0.1166666666666667,0.6944444444444445,2,2,0.3333333333333333,2,0,4,0,0,0,0,2,0,0,0,0,0,0,0,0,0,0,0,0,0,0,0,0,0,0,0,0,0,2,0,4,0,0,0,0,0,4.342791471335195,3.288096203257744,5.357958674454928,0,0,0,0,0,0,0,0,8,0,1,0,0,0,0,0,0,0,0,0,0,0
1387,15,30,0.2857142857142857,1,0.0,0.0,-0.6018048505358156,10,1,4.0,0.06959706959706961,0.5361027560845071,3,2,0.3333333333333333,2,0,12,0,0,0,0,3,0,0,0,0,0,0,0,0,0,0,0,0,0,0,0,0,0,0,0,0,0,1,2,11,0,0,1,0,0,4.709562850597038,2.803092782731084,5.997120783735349,0,0,0,0,18,0,0,0,10,2,0,0,0,0,0,0,0,0,0,0,0,0
1390,36,113,0.17936507936507937,1,0.0,0.0,0.23073942882444112,10,3,6.277777777777778,0.046405228758169936,0.39718702295323466,6,4,0.5,3,0,24,0,4,0,0,8,0,0,0,0,0,0,0,0,0,0,0,0,0,0,0,0,0,0,0,0,0,10,2,20,0,0,4,0,0,4.583778520669059,2.5599063192871787,5.981032772741767,0,0,0,0,51,0,0,0,58,4,0,0,0,0,0,0,0,0,0,0,0,0
1395,4,3,0.5,1,0.0,0.0,-1.0,3,1,1.5,0.25,0.7000000000000001,2,1,0.75,3,0,0,0,1,0,0,2,0,0,0,0,1,0,0,0,0,0,0,0,0,0,0,0,0,0,0,0,0,2,1,0,0,0,1,0,0,4.138970003203112,2.8721457461366025,5.314198506010484,0,0,0,0,0,0,0,0,2,1,0,0,0,0,0,0,0,0,0,0,0,0
1413,13,25,0.32051282051282054,1,0.0,0.0,-0.05779153766769946,6,1,3.8461538461538463,0.10489510489510487,0.48322711636276233,5,3,0.5384615384615384,2,0,9,0,0,0,0,4,0,0,0,0,0,0,0,0,0,0,0,0,0,0,0,0,0,0,0,0,0,2,2,8,0,0,1,0,0,4.874882874821637,2.541385864462066,5.960010356182095,0,0,0,0,12,0,0,0,11,2,0,0,0,0,0,0,0,0,0,0,0,0
1415,4,3,0.5,1,0.0,0.0,-0.4999999999999988,2,1,1.5,0.3333333333333333,0.625,3,2,0.5,3,0,0,0,0,0,0,2,0,1,0,0,1,0,0,0,0,0,0,0,0,0,0,0,0,0,0,0,0,2,0,2,0,0,0,0,0,4.809953829822381,3.4850065483964423,5.927158369331642,0,0,0,0,0,0,0,0,3,0,1,1,0,0,0,0,0,0,0,0,0,0
1420,6,5,0.3333333333333333,1,0.0,0.0,-0.7391304347826096,4,1,1.6666666666666667,0.21666666666666667,0.5625,3,2,0.6666666666666666,2,0,0,0,0,0,0,0,0,0,0,0,0,0,4,2,0,0,0,0,0,0,0,0,0,0,0,6,0,0,0,0,0,0,0,0,0,3.4804391137293735,3.1835632525477773,3.7610766963714553,0,5,0,0,0,0,0,0,0,0,1,1,0,0,0,0,0,0,0,0,0,0
1421,5,4,0.4,1,0.0,0.0,-1.0,4,1,1.6,0.2,0.6571428571428571,2,1,0.2,2,0,0,0,0,0,0,0,0,0,0,0,0,0,4,1,0,0,0,0,0,0,0,0,0,0,0,5,0,0,0,0,0,0,0,0,0,3.532543834419659,3.3330044103434715,3.7261000737909606,0,4,0,0,0,0,0,0,0,0,0,0,0,0,0,0,0,0,0,0,0,0
1422,6,8,0.5333333333333333,1,0.0,0.0,-1.0,4,2,2.6666666666666665,0.1166666666666667,0.6944444444444445,2,2,0.3333333333333333,2,0,4,0,2,0,0,0,0,0,0,0,0,0,0,0,0,0,0,0,0,0,0,0,0,0,0,0,0,1,1,3,0,0,1,0,0,3.989419474115647,2.684490092201165,5.594745389474112,0,0,0,0,0,0,0,0,7,1,1,1,1,0,0,0,0,0,0,0,0,0
1424,4,3,0.5,1,0.0,0.0,-1.0,3,1,1.5,0.25,0.7000000000000001,2,1,0.25,3,0,1,0,2,0,0,0,0,0,0,0,1,0,0,0,0,0,0,0,0,1,0,0,0,0,0,0,0,2,0,0,0,0,1,0,0,4.3472089467598165,2.6731936644570897,5.973356495870298,0,0,0,1,0,0,0,0,2,0,0,0,0,0,0,0,0,0,0,0,0,0
1431,6,8,0.5333333333333333,1,0.0,0.0,-1.0,4,2,2.6666666666666665,0.1166666666666667,0.6944444444444445,2,2,0.6666666666666666,2,0,4,0,2,0,0,0,0,0,0,0,0,0,0,0,0,0,0,0,0,0,0,0,0,0,0,0,0,2,0,4,0,0,0,0,0,3.9445311488064023,3.104324666446319,5.317877195131345,0,0,0,0,0,0,0,0,8,0,1,0,0,0,0,0,0,0,0,0,0,0
1434,8,13,0.4642857142857143,1,0.0,0.0,-0.44444444444444586,4,1,3.25,0.10714285714285712,0.6234375,3,2,0.5,1,0,8,0,0,0,0,0,0,0,0,0,0,0,0,0,0,0,0,0,0,0,0,0,0,0,0,0,0,0,0,8,0,0,0,0,0,4.657155391815645,3.2268507477978026,5.636979741966189,0,0,0,0,13,0,0,0,0,0,0,0,0,0,0,0,0,0,0,0,0,0
1444,4,3,0.5,1,0.0,0.0,-1.0,3,1,1.5,0.25,0.7000000000000001,2,1,0.75,2,0,0,0,0,0,0,0,0,0,0,0,0,0,3,1,0,0,0,0,0,0,0,0,0,0,0,4,0,0,0,0,0,0,0,0,0,3.6034971049323103,3.3819726485823316,3.741351422853147,0,3,0,0,0,0,0,0,0,0,1,1,1,1,1,0,0,0,0,0,0,0
1450,9,12,0.3333333333333333,1,0.0,0.0,-0.5762711864406792,5,1,2.6666666666666665,0.12698412698412698,0.547111639268502,3,2,0.5555555555555556,2,0,7,0,2,0,0,0,0,0,0,0,0,0,0,0,0,0,0,0,0,0,0,0,0,0,0,0,0,2,0,7,0,0,0,0,0,4.655178969527035,3.366484082611729,5.852325607166694,0,0,0,0,4,0,0,0,8,0,0,0,0,0,0,0,0,0,0,0,0,0
1455,9,13,0.3611111111111111,1,0.0,0.0,-0.5402843601895733,5,1,2.888888888888889,0.11904761904761901,0.5620198247649228,3,2,0.4444444444444444,2,0,7,0,2,0,0,0,0,0,0,0,0,0,0,0,0,0,0,0,0,0,0,0,0,0,0,0,0,1,1,6,0,0,1,0,0,4.29792957760555,2.6655268731425448,5.759939829504428,0,0,0,0,5,0,0,0,7,1,0,0,0,0,0,0,0,0,0,0,0,0
1470,4,3,0.5,1,0.0,0.0,-0.4999999999999988,2,1,1.5,0.3333333333333333,0.625,3,2,0.5,3,0,0,0,0,0,0,0,0,0,1,0,0,0,2,1,0,0,0,0,0,0,0,0,0,0,0,4,0,0,0,0,0,0,0,0,0,3.6060049599955186,3.4212533283797937,3.7991017938340734,0,3,0,0,0,0,0,0,0,0,1,1,1,1,1,1,1,1,1,0,0,0
1471,7,11,0.5238095238095238,1,0.0,0.0,-0.6739130434782586,4,2,3.142857142857143,0.10476190476190476,0.6636363636363637,3,2,0.42857142857142855,1,0,7,0,0,0,0,0,0,0,0,0,0,0,0,0,0,0,0,0,0,0,0,0,0,0,0,0,0,0,0,7,0,0,0,0,0,5.262826316008089,4.679580559139199,5.948564082812337,0,0,0,0,11,0,0,0,0,0,0,0,0,0,0,0,0,0,0,0,0,0
1472,6,7,0.4666666666666667,1,0.0,0.0,-0.473684210526322,3,1,2.3333333333333335,0.16666666666666666,0.6180856180856181,3,2,0.5,2,0,0,0,0,0,0,4,0,0,0,0,2,0,0,0,0,0,0,0,0,0,0,0,0,0,0,0,0,4,0,2,0,0,0,0,0,4.687305951968292,3.9872353670867646,5.510963083345337,0,0,0,0,4,0,0,0,3,0,0,0,0,0,0,0,0,0,0,0,0,0
1478,7,8,0.38095238095238093,1,0.0,0.0,-0.8235294117647058,5,1,2.2857142857142856,0.14285714285714285,0.6003710575139146,3,2,0.7142857142857143,3,0,4,0,0,0,0,2,0,0,0,0,0,0,0,0,0,1,0,0,0,0,0,1,0,0,0,0,0,1,1,3,0,0,1,0,0,3.985954300045143,2.322975140077887,5.326174914474774,0,0,0,1,0,0,0,0,6,1,0,0,0,0,0,0,0,0,0,0,0,0
1484,5,4,0.4,1,0.0,0.0,-0.6666666666666666,3,1,1.6,0.26666666666666666,0.5822222222222222,3,2,0.4,3,0,0,0,0,0,0,0,0,0,0,1,0,1,3,0,0,0,0,0,0,0,0,0,0,0,0,5,0,0,0,0,0,0,0,0,0,3.486283903172099,3.223196689835877,3.724706899061752,0,4,0,0,0,0,0,0,0,0,1,1,1,1,0,0,0,0,0,0,0,0
1485,4,3,0.5,1,0.0,0.0,-0.4999999999999988,2,1,1.5,0.3333333333333333,0.625,3,2,0.5,1,0,0,0,0,0,0,0,0,0,0,0,0,0,4,0,0,0,0,0,0,0,0,0,0,0,0,2,2,0,0,0,0,0,0,0,0,3.630324302624599,3.4179198290118387,3.7580859259040578,0,2,1,0,0,0,0,0,0,0,0,0,0,0,0,0,0,0,0,0,0,0
1488,4,3,0.5,1,0.0,0.0,-0.4999999999999988,2,1,1.5,0.3333333333333333,0.625,3,2,0.5,3,0,0,0,0,0,0,0,0,0,0,1,0,1,2,0,0,0,0,0,0,0,0,0,0,0,0,4,0,0,0,0,0,0,0,0,0,3.5311811553590076,3.369489935334193,3.774256406240128,0,3,0,0,0,0,0,0,0,0,1,1,1,1,1,1,1,1,1,0,0,0
1492,9,8,0.2222222222222222,1,0.0,0.0,-0.7370030581039755,6,1,1.7777777777777777,0.1746031746031746,0.47218538446608627,4,2,0.2222222222222222,3,0,4,0,0,0,0,2,0,0,0,0,0,0,0,0,0,3,0,0,0,0,0,3,0,0,0,0,0,0,2,4,0,0,0,0,0,3.8390466363961746,2.4971018320273135,5.518899038562062,0,0,0,3,0,0,0,0,5,0,0,0,0,0,0,0,0,0,0,0,0,0
1503,4,3,0.5,1,0.0,0.0,-0.4999999999999988,2,1,1.5,0.3333333333333333,0.625,3,2,0.5,3,0,0,1,0,0,0,0,0,0,2,1,0,0,0,0,0,0,0,0,0,0,0,0,0,0,0,4,0,0,0,0,0,0,0,0,0,3.4593312761892387,3.308947103617756,3.7508749875476943,0,3,0,0,0,0,0,0,0,0,1,1,1,1,1,1,1,1,1,0,0,0
1505,4,3,0.5,1,0.0,0.0,-0.4999999999999988,2,1,1.5,0.3333333333333333,0.625,3,2,0.5,1,0,0,0,0,0,0,0,0,0,4,0,0,0,0,0,0,0,0,0,0,0,0,0,0,0,0,4,0,0,0,0,0,0,0,0,0,3.4440073526466954,2.8640324975282736,3.742054624763481,0,3,0,0,0,0,0,0,0,0,1,1,1,1,1,1,1,1,1,0,0,0
1506,5,4,0.4,1,0.0,0.0,-0.6666666666666666,3,1,1.6,0.26666666666666666,0.5822222222222222,3,2,0.4,3,0,0,1,0,0,0,0,0,0,3,1,0,0,0,0,0,0,0,0,0,0,0,0,0,0,0,5,0,0,0,0,0,0,0,0,0,3.44734671393761,3.246530510596315,3.747353289610766,0,4,0,0,0,0,0,0,0,0,1,1,1,1,0,0,0,0,0,0,0,0
1511,8,9,0.32142857142857145,1,0.0,0.0,-0.9148936170212756,5,1,2.25,0.15476190476190477,0.5371527777777778,4,2,0.75,3,0,4,0,0,0,0,2,0,0,0,0,0,0,0,0,0,2,0,0,0,0,0,2,0,0,0,0,0,0,2,3,0,0,1,0,0,4.249619608677026,2.513650313512702,5.882569004542368,0,0,0,2,0,0,0,0,6,1,0,0,0,0,0,0,0,0,0,0,0,0
1518,4,3,0.5,1,0.0,0.0,-0.4999999999999988,2,1,1.5,0.3333333333333333,0.625,3,2,0.5,1,0,0,0,0,0,0,0,0,0,0,0,0,0,4,0,0,0,0,0,0,0,0,0,0,0,0,2,2,0,0,0,0,0,0,0,0,3.5364144446982437,3.3648920586250894,3.627176606966688,0,2,1,0,0,0,0,0,0,0,0,0,0,0,0,0,0,0,0,0,0,0
1527,8,9,0.32142857142857145,1,0.0,0.0,-0.9148936170212756,5,1,2.25,0.15476190476190477,0.5371527777777778,4,2,0.25,3,0,4,0,0,0,0,2,0,0,0,0,0,0,0,0,0,2,0,0,0,0,0,2,0,0,0,0,0,0,2,3,0,0,1,0,0,4.18060733530557,2.5547341816988784,5.774202237482245,0,0,0,2,0,0,0,0,6,1,0,0,0,0,0,0,0,0,0,0,0,0
1533,4,3,0.5,1,0.0,0.0,-0.4999999999999988,2,1,1.5,0.3333333333333333,0.625,3,2,0.5,1,0,0,0,0,0,0,0,0,0,0,0,4,0,0,0,0,0,0,0,0,0,0,0,0,0,0,4,0,0,0,0,0,0,0,0,0,3.5877297515497424,3.582137296090937,3.5952265321068237,0,3,0,0,0,0,0,0,0,0,1,1,1,1,1,1,1,1,1,0,0,0
1549,12,15,0.22727272727272727,1,0.0,0.0,-0.3483146067415732,5,1,2.5,0.14545454545454548,0.42403186786410463,5,3,0.5,3,0,8,0,2,0,0,2,0,0,0,0,0,0,0,0,0,0,0,0,0,0,0,0,0,0,0,0,0,2,2,6,0,0,2,0,0,4.294217396095963,2.631455293954583,5.846141108387505,0,0,0,0,3,0,0,0,10,2,0,0,0,0,0,0,0,0,0,0,0,0
1552,4,3,0.5,1,0.0,0.0,-0.4999999999999988,2,1,1.5,0.3333333333333333,0.625,3,2,0.5,2,0,0,0,0,0,0,0,0,0,1,0,0,0,0,0,0,0,0,0,3,0,0,0,0,0,0,4,0,0,0,0,0,0,0,0,0,3.6116534706917034,3.3634465632659527,3.77543730110785,0,3,0,0,0,0,0,0,0,0,1,1,1,1,1,1,1,1,1,0,0,0
1561,14,16,0.17582417582417584,1,0.0,0.0,-0.12,4,1,2.2857142857142856,0.16391941391941392,0.3521461391574173,6,3,0.42857142857142855,5,0,8,0,2,0,0,2,0,0,0,0,1,0,0,0,0,1,0,0,0,1,0,0,0,0,0,0,0,2,2,7,0,0,2,0,0,4.4290800581681165,2.776358071333598,5.84667462636279,0,0,0,1,2,0,0,0,11,2,0,0,0,0,0,0,0,0,0,0,0,0
1579,4,3,0.5,1,0.0,0.0,-0.4999999999999988,2,1,1.5,0.3333333333333333,0.625,3,2,0.5,1,0,0,0,0,0,0,0,0,0,0,0,0,0,0,0,0,0,0,4,0,0,0,0,0,0,0,4,0,0,0,0,0,0,0,0,0,3.784526287182079,3.7806089367502236,3.7876807423160512,0,3,0,0,0,0,0,0,0,0,1,1,1,1,1,1,1,1,1,0,0,0
1580,7,8,0.38095238095238093,1,0.0,0.0,-0.6,4,1,2.2857142857142856,0.1619047619047619,0.5710979496693782,3,2,0.5714285714285714,3,0,4,0,0,0,0,2,0,0,0,0,1,0,0,0,0,0,0,0,0,0,0,0,0,0,0,0,0,2,0,5,0,0,0,0,0,5.129570434315529,4.3018224966530045,5.77086023072403,0,0,0,0,3,0,0,0,5,0,0,0,0,0,0,0,0,0,0,0,0,0
1581,5,5,0.5,1,0.0,0.0,-0.6666666666666623,3,1,2.0,0.19999999999999998,0.6409523809523809,3,2,0.4,2,0,2,0,0,0,0,0,0,0,0,0,0,0,0,0,0,0,3,0,0,0,0,0,0,0,0,5,0,0,0,0,0,0,0,0,0,3.4943928808537037,3.191406865741239,3.71715535142157,0,5,0,0,0,0,0,0,0,0,1,1,0,0,0,0,0,0,0,0,0,0
1582,6,8,0.5333333333333333,1,0.0,0.0,-1.0,4,2,2.6666666666666665,0.1166666666666667,0.6944444444444445,2,2,0.6666666666666666,2,0,4,0,2,0,0,0,0,0,0,0,0,0,0,0,0,0,0,0,0,0,0,0,0,0,0,0,0,2,0,4,0,0,0,0,0,3.959956324449147,3.1435263606841684,4.979203613045302,0,0,0,0,0,0,0,0,8,0,1,0,0,0,0,0,0,0,0,0,0,0
1585,4,3,0.5,1,0.0,0.0,-1.0,3,1,1.5,0.25,0.7000000000000001,2,1,0.25,3,0,2,0,1,0,0,1,0,0,0,0,0,0,0,0,0,0,0,0,0,0,0,0,0,0,0,0,0,2,0,2,0,0,0,0,0,5.588369011990163,5.3030652143427615,5.816992501739799,0,0,0,0,1,0,0,0,2,0,1,1,1,0,0,0,0,0,0,0,0,0
1586,12,33,0.5,1,0.0,0.0,-0.16080402010050218,6,4,5.5,0.054545454545454536,0.6505787037037036,3,2,0.5,2,0,8,0,0,0,0,4,0,0,0,0,0,0,0,0,0,0,0,0,0,0,0,0,0,0,0,0,0,2,2,5,0,0,3,0,0,4.240487653530509,2.5494700777343717,5.645932914811063,0,0,0,0,17,0,0,0,13,3,0,0,0,0,0,0,0,0,0,0,0,0
1587,5,4,0.4,1,0.0,0.0,-0.6666666666666666,3,1,1.6,0.26666666666666666,0.5822222222222223,3,2,0.6,2,0,2,0,0,0,0,0,0,0,0,0,0,0,0,0,0,0,3,0,0,0,0,0,0,0,0,5,0,0,0,0,0,0,0,0,0,3.4727930609580673,3.2268036819855617,3.6917024806838468,0,4,0,0,0,0,0,0,0,0,1,1,1,1,0,0,0,0,0,0,0,0
1588,7,8,0.38095238095238093,1,0.0,0.0,-0.6,4,1,2.2857142857142856,0.1619047619047619,0.5710979496693783,3,2,0.42857142857142855,3,0,4,0,0,0,0,2,0,0,0,0,1,0,0,0,0,0,0,0,0,0,0,0,0,0,0,0,0,2,0,5,0,0,0,0,0,4.92028213120181,4.019040641581563,5.559201835677916,0,0,0,0,3,0,0,0,5,0,0,0,0,0,0,0,0,0,0,0,0,0
1594,6,8,0.5333333333333333,1,0.0,0.0,-1.0,4,2,2.6666666666666665,0.1166666666666667,0.6944444444444445,2,2,0.3333333333333333,2,0,4,0,0,0,0,2,0,0,0,0,0,0,0,0,0,0,0,0,0,0,0,0,0,0,0,0,0,2,0,4,0,0,0,0,0,4.343008027893703,3.2097957607554894,5.882723230990427,0,0,0,0,0,0,0,0,8,0,1,0,0,0,0,0,0,0,0,0,0,0
1605,6,8,0.5333333333333333,1,0.0,0.0,-1.0,4,2,2.6666666666666665,0.1166666666666667,0.6944444444444445,2,2,0.6666666666666666,2,0,4,0,0,0,0,2,0,0,0,0,0,0,0,0,0,0,0,0,0,0,0,0,0,0,0,0,0,0,2,2,0,0,2,0,0,3.7583688048957202,2.8272508702032453,4.984217417672807,0,0,0,0,0,0,0,0,6,2,0,0,0,0,0,0,0,0,0,0,0,0
1607,5,4,0.4,1,0.0,0.0,-0.3333333333333333,2,1,1.6,0.3333333333333333,0.5219047619047619,4,2,0.4,3,0,0,0,0,0,0,0,0,0,0,2,0,0,0,1,0,0,0,0,2,0,0,0,0,0,0,5,0,0,0,0,0,0,0,0,0,3.7502313892232935,3.7291003233564375,3.7633879981426204,0,4,0,0,0,0,0,0,0,0,1,1,1,0,0,0,0,0,0,0,0,0
1618,6,8,0.5333333333333333,1,0.0,0.0,-1.0,4,2,2.6666666666666665,0.11666666666666668,0.6944444444444445,2,2,0.6666666666666666,2,0,4,0,0,0,0,2,0,0,0,0,0,0,0,0,0,0,0,0,0,0,0,0,0,0,0,0,0,2,0,4,0,0,0,0,0,4.2735252255262495,3.1357537681050647,5.839939979190062,0,0,0,0,0,0,0,0,8,0,1,0,0,0,0,0,0,0,0,0,0,0
1622,6,8,0.5333333333333333,1,0.0,0.0,-1.0,4,2,2.6666666666666665,0.1166666666666667,0.6944444444444445,2,2,0.3333333333333333,2,0,4,0,0,0,0,2,0,0,0,0,0,0,0,0,0,0,0,0,0,0,0,0,0,0,0,0,0,0,2,2,0,0,2,0,0,3.8080743674348048,2.858753308239676,5.028996315450921,0,0,0,0,0,0,0,0,6,2,0,0,0,0,0,0,0,0,0,0,0,0
1623,6,5,0.3333333333333333,1,0.0,0.0,-0.250000000000004,2,1,1.6666666666666667,0.3333333333333333,0.4478114478114478,5,3,0.5,3,0,2,0,0,0,0,2,0,2,0,0,0,0,0,0,0,0,0,0,0,1,0,1,0,0,0,0,0,1,0,2,0,0,1,0,0,4.26391049931287,2.4594647833315055,5.839318330970255,0,0,0,2,1,0,0,0,2,0,0,0,0,0,0,0,0,0,0,0,0,0
1630,4,3,0.5,1,0.0,0.0,-1.0,3,1,1.5,0.25,0.7,2,1,0.25,2,0,0,0,2,0,0,2,0,0,0,0,0,0,0,0,0,0,0,0,0,0,0,0,0,0,0,0,0,4,0,0,0,0,0,0,0,5.424390313843052,4.740922656294501,5.81814020829239,0,0,0,0,3,0,0,0,0,0,1,1,0,0,0,0,0,0,0,0,0,0
1638,8,8,0.2857142857142857,1,0.0,0.0,-0.14285714285714285,3,1,2.0,0.2261904761904762,0.4420296717171717,5,3,0.5,4,0,0,0,4,0,1,2,0,0,0,0,1,0,0,0,0,0,0,0,0,0,0,1,0,0,0,0,0,5,1,1,0,0,0,0,0,4.696617236948706,2.7318686197074524,5.876544012573037,0,0,0,1,4,0,0,0,3,0,0,0,0,0,0,0,0,0,0,0,0,0
1642,6,6,0.4,1,0.0,0.0,-0.8000000000000019,3,1,2.0,0.21666666666666667,0.5555555555555556,4,2,0.3333333333333333,4,0,0,0,2,0,0,0,0,2,0,0,1,0,0,0,0,0,1,0,0,0,0,2,0,0,0,0,0,0,2,1,0,0,1,0,0,3.6792413945126348,2.668549590819529,5.127217622926579,0,0,0,2,0,0,0,0,3,1,0,0,0,0,0,0,0,0,0,0,0,0
1646,4,3,0.5,1,0.0,0.0,-1.0,3,1,1.5,0.25,0.7,2,1,0.25,2,0,0,0,0,0,0,0,0,0,3,0,0,0,0,0,0,0,0,0,1,0,0,0,0,0,0,4,0,0,0,0,0,0,0,0,0,3.564251246835127,3.3503921502847502,3.671929709033152,0,3,0,0,0,0,0,0,0,0,1,1,1,1,1,0,0,0,0,0,0,0
1649,4,3,0.5,1,0.0,0.0,-1.0,3,1,1.5,0.25,0.7,2,1,0.75,2,0,0,0,0,0,0,0,0,0,0,0,3,0,1,0,0,0,0,0,0,0,0,0,0,0,0,4,0,0,0,0,0,0,0,0,0,3.604255872597893,3.5135082285980235,3.727375053493528,0,3,0,0,0,0,0,0,0,0,1,1,1,1,1,0,0,0,0,0,0,0
1651,11,10,0.18181818181818182,1,0.0,0.0,-0.5151515151515151,4,1,1.8181818181818181,0.20808080808080806,0.3649527732089324,6,3,0.45454545454545453,5,0,0,0,0,0,0,0,0,0,4,3,0,0,2,0,0,0,1,0,1,0,0,0,0,0,0,11,0,0,0,0,0,0,0,0,0,3.5504857579983478,3.1586621977752474,3.7384838908431965,0,10,0,0,0,0,0,0,0,0,0,0,0,0,0,0,0,0,0,0,0,0
1658,4,3,0.5,1,0.0,0.0,-1.0,3,1,1.5,0.25,0.7000000000000001,2,1,0.75,2,0,3,0,1,0,0,0,0,0,0,0,0,0,0,0,0,0,0,0,0,0,0,0,0,0,0,0,0,1,0,3,0,0,0,0,0,5.176519461127451,4.173122098852038,5.961094645970723,0,0,0,0,0,0,0,0,3,0,1,1,1,0,0,0,0,0,0,0,0,0
1659,4,3,0.5,1,0.0,0.0,-1.0,3,1,1.5,0.25,0.7,2,1,0.25,2,1,0,0,0,0,0,0,0,0,0,0,0,0,3,0,0,0,0,0,0,0,0,0,0,0,0,4,0,0,0,0,0,0,0,0,0,3.5950181667946737,3.476406026786762,3.6616953128168346,0,3,0,0,0,0,0,0,0,0,1,1,1,1,1,0,0,0,0,0,0,0
1670,4,3,0.5,1,0.0,0.0,-0.4999999999999988,2,1,1.5,0.3333333333333333,0.625,3,2,0.5,2,0,0,0,3,0,0,0,0,0,0,0,1,0,0,0,0,0,0,0,0,0,0,0,0,0,0,0,0,3,0,1,0,0,0,0,0,5.3937356929261115,4.990960273354771,5.679434193161993,0,0,0,0,1,0,0,0,2,0,1,1,0,0,0,0,0,0,0,0,0,0
1671,5,4,0.4,1,0.0,0.0,-0.3333333333333333,2,1,1.6,0.3333333333333333,0.5219047619047619,4,2,0.6,3,0,0,0,0,0,0,0,0,0,0,0,0,0,2,0,0,0,0,2,1,0,0,0,0,0,0,3,2,0,0,0,0,0,0,0,0,3.5614230470725032,3.4443061753501825,3.724610573754565,0,3,1,0,0,0,0,0,0,0,0,0,0,0,0,0,0,0,0,0,0,0
1677,4,3,0.5,1,0.0,0.0,-0.4999999999999988,2,1,1.5,0.3333333333333333,0.625,3,2,0.5,3,0,0,0,0,0,0,0,0,0,0,0,0,0,1,0,0,0,0,2,1,0,0,0,0,0,0,4,0,0,0,0,0,0,0,0,0,3.6287552129461993,3.520790853810622,3.714133315942247,0,3,0,0,0,0,0,0,0,0,1,1,1,1,1,1,1,1,1,0,0,0
1679,4,3,0.5,1,0.0,0.0,-0.4999999999999988,2,1,1.5,0.3333333333333333,0.625,3,2,0.5,2,0,0,0,3,0,0,0,0,0,0,0,1,0,0,0,0,0,0,0,0,0,0,0,0,0,0,0,0,3,0,1,0,0,0,0,0,5.314863388922376,5.04172383084353,5.85043272742331,0,0,0,0,1,0,0,0,2,0,1,1,0,0,0,0,0,0,0,0,0,0
1684,5,4,0.4,1,0.0,0.0,-0.3333333333333333,2,1,1.6,0.3333333333333333,0.5219047619047619,4,2,0.4,3,1,0,0,0,0,0,0,0,0,0,3,0,0,0,0,0,0,0,0,1,0,0,0,0,0,0,5,0,0,0,0,0,0,0,0,0,3.562234957915212,3.3349332351200323,3.790007038796933,0,4,0,0,0,0,0,0,0,0,1,1,1,0,0,0,0,0,0,0,0,0
1685,4,3,0.5,1,0.0,0.0,-0.4999999999999988,2,1,1.5,0.3333333333333333,0.625,3,2,0.5,1,0,0,0,0,0,0,4,0,0,0,0,0,0,0,0,0,0,0,0,0,0,0,0,0,0,0,0,0,4,0,0,0,0,0,0,0,4.308561241502028,2.948106551564585,5.028028312818188,0,0,0,0,3,0,0,0,0,0,1,1,0,0,0,0,0,0,0,0,0,0
1687,4,3,0.5,1,0.0,0.0,-0.4999999999999988,2,1,1.5,0.3333333333333333,0.625,3,2,0.5,2,0,0,0,0,0,0,0,0,0,0,3,0,0,0,0,0,0,0,0,1,0,0,0,0,0,0,4,0,0,0,0,0,0,0,0,0,3.494726407253752,3.353342749994241,3.614364857210379,0,3,0,0,0,0,0,0,0,0,1,1,1,1,1,1,1,1,1,0,0,0
1689,4,3,0.5,1,0.0,0.0,-0.4999999999999988,2,1,1.5,0.3333333333333333,0.625,3,2,0.5,1,0,0,0,0,0,0,4,0,0,0,0,0,0,0,0,0,0,0,0,0,0,0,0,0,0,0,0,0,4,0,0,0,0,0,0,0,4.368066141616992,3.009489972948568,5.0867273406826055,0,0,0,0,3,0,0,0,0,0,1,1,0,0,0,0,0,0,0,0,0,0
1695,4,3,0.5,1,0.0,0.0,-0.4999999999999988,2,1,1.5,0.3333333333333333,0.625,3,2,0.75,2,0,0,0,1,0,0,0,3,0,0,0,0,0,0,0,0,0,0,0,0,2,0,2,0,0,0,0,0,0,0,0,0,0,0,0,0,2.410242190318621,2.261353289843456,2.707883103987618,0,0,0,3,0,0,0,0,0,0,1,1,0,0,0,0,0,0,0,0,0,0
1698,11,10,0.18181818181818182,1,0.0,0.0,-0.3333333333333332,3,1,1.8181818181818181,0.292929292929293,0.2887971819550507,9,5,0.8181818181818182,5,0,0,0,3,0,0,0,0,2,0,1,0,0,0,0,0,3,2,0,0,6,0,5,0,0,0,0,0,0,0,0,0,0,0,0,0,2.53770466388793,2.261037767415445,2.9090024850880667,0,0,0,10,0,0,0,0,0,0,0,0,0,0,0,0,0,0,0,0,0,0
1699,4,6,1.0,1,1.0,1.0,,3,3,3.0,0.0,1.0,1,1,0.75,1,0,0,0,4,0,0,0,0,0,0,0,0,0,0,0,0,0,0,0,0,0,0,0,0,0,0,0,0,4,0,0,0,0,0,0,0,3.875342100045037,2.2337350162493697,5.7183133263418,0,0,0,0,6,0,0,0,0,0,0,0,0,0,0,0,0,0,0,0,0,0
1700,10,20,0.4444444444444444,1,0.32333333333333336,0.34782608695652173,-0.5889464594127815,6,2,4.0,0.06944444444444445,0.6487087912087912,2,2,0.8,1,0,0,0,0,0,0,0,0,0,0,0,0,0,0,0,0,0,10,0,0,0,3,0,0,0,0,1,6,0,0,0,0,0,0,0,0,2.626211196617164,2.2156677447372717,3.7656691205689286,9,4,7,0,0,0,0,0,0,0,0,0,0,0,0,0,0,0,0,0,0,0
1701,4,4,0.6666666666666666,1,0.5833333333333334,0.6,-0.7142857142857143,3,1,2.0,0.16666666666666666,0.775,2,1,0.75,2,0,0,0,0,0,0,0,0,0,0,3,0,0,0,0,0,1,0,0,0,0,0,0,0,0,0,4,0,0,0,0,0,0,0,0,0,2.816024059803834,2.5215809068243296,3.683645917770758,0,4,0,0,0,0,0,0,0,0,0,0,0,0,0,0,0,0,0,0,0,0
1702,5,5,0.5,1,0.0,0.0,,2,2,2.0,0.16666666666666666,0.6666666666666666,2,2,0.6,1,0,0,0,0,0,0,0,0,5,0,0,0,0,0,0,0,0,0,0,0,0,3,0,0,0,0,0,0,0,0,0,0,0,0,0,2,2.188678529395071,2.17536562883019,2.1999033534704466,4,0,0,0,0,0,0,1,0,0,0,0,0,0,0,0,0,0,0,0,0,0
1703,7,6,0.2857142857142857,1,0.0,0.0,-0.3333333333333326,3,1,1.7142857142857142,0.27619047619047615,0.44066960608313993,5,3,0.7142857142857143,3,0,0,0,0,0,0,2,0,0,0,1,0,0,0,0,4,0,0,0,0,2,0,2,1,0,0,0,0,1,1,0,0,0,0,0,0,2.534720029649429,2.2435761699052463,2.9304641254900012,0,0,0,5,1,0,0,0,0,0,0,0,0,0,0,0,0,0,0,0,0,0
1707,4,3,0.5,1,0.0,0.0,-0.4999999999999988,2,1,1.5,0.3333333333333333,0.625,3,2,0.75,3,0,0,0,1,0,0,1,0,0,0,0,0,0,0,0,0,0,0,0,2,2,0,2,0,0,0,0,0,0,0,0,0,0,0,0,0,2.3960855182650196,2.261111376231547,2.665258562366806,0,0,0,3,0,0,0,0,0,0,1,1,0,0,0,0,0,0,0,0,0,0
1710,5,4,0.4,1,0.0,0.0,-0.3333333333333333,2,1,1.6,0.3333333333333333,0.5219047619047619,4,2,0.4,2,0,0,0,0,0,0,4,0,0,0,1,0,0,0,0,0,0,0,0,0,0,0,1,0,0,0,0,0,3,1,0,0,0,0,0,0,4.13455121527921,2.8349237659518405,4.991983440021734,0,0,0,1,3,0,0,0,0,0,0,0,0,0,0,0,0,0,0,0,0,0
1711,4,3,0.5,1,0.0,0.0,-0.4999999999999988,2,1,1.5,0.3333333333333333,0.625,3,2,0.5,2,2,0,0,0,0,0,0,0,0,0,2,0,0,0,0,0,0,0,0,0,0,0,0,0,0,0,4,0,0,0,0,0,0,0,0,0,3.4618013828515513,3.3958480557338078,3.589226493427414,0,3,0,0,0,0,0,0,0,0,1,1,1,1,1,1,1,1,1,0,0,0
1713,5,4,0.4,1,0.0,0.0,-0.3333333333333333,2,1,1.6,0.3333333333333333,0.5219047619047619,4,2,0.6,2,0,0,0,0,0,0,4,0,0,0,1,0,0,0,0,0,0,0,0,0,0,0,1,0,0,0,0,0,3,1,0,0,0,0,0,0,4.086865417546831,2.8365931966747846,4.9281317807979,0,0,0,1,3,0,0,0,0,0,0,0,0,0,0,0,0,0,0,0,0,0
1714,10,9,0.2,1,0.0,0.0,-0.8409090909090922,3,1,1.8,0.2944444444444444,0.3096271323797561,7,4,0.5,2,2,0,0,0,0,0,0,0,0,0,0,0,0,0,0,0,0,0,0,8,0,0,0,0,0,0,10,0,0,0,0,0,0,0,0,0,3.5329803786423883,3.3439631753387284,3.677145165720641,0,9,0,0,0,0,0,0,0,0,0,0,0,0,0,0,0,0,0,0,0,0
1717,9,8,0.2222222222222222,1,0.0,0.0,-0.3793103448275862,4,1,1.7777777777777777,0.20634920634920637,0.4289949946090297,5,3,0.5555555555555556,2,0,0,0,0,0,0,1,0,0,0,8,0,0,0,0,0,0,0,0,0,0,0,0,0,0,0,9,0,0,0,0,0,0,0,0,0,3.642740483461967,3.462523342243954,3.7894629523075354,0,8,0,0,0,0,0,0,0,0,0,0,0,0,0,0,0,0,0,0,0,0
1727,4,3,0.5,1,0.0,0.0,-1.0,3,1,1.5,0.25,0.7,2,1,0.75,2,0,0,0,0,0,0,0,0,0,0,0,0,0,3,0,0,0,0,0,1,0,0,0,0,0,0,4,0,0,0,0,0,0,0,0,0,3.4699972101371555,3.3515203155746556,3.7064181349721905,0,3,0,0,0,0,0,0,0,0,1,1,1,1,1,0,0,0,0,0,0,0
1728,5,6,0.6,1,0.0,0.0,-1.0,3,2,2.4,0.13333333333333336,0.72,2,2,0.4,3,0,0,0,0,0,0,2,0,2,0,0,1,0,0,0,0,0,0,0,0,0,0,0,0,0,0,0,0,2,0,3,0,0,0,0,0,4.573650323672875,3.4267694087774374,5.5283383284497,0,0,0,0,0,0,0,0,6,0,1,0,0,0,0,0,0,0,0,0,0,0
1729,14,13,0.14285714285714285,1,0.0,0.0,-0.34756097560975635,5,1,1.8571428571428572,0.19139194139194138,0.31921271363178555,8,4,0.42857142857142855,3,0,0,0,0,0,0,1,0,0,2,11,0,0,0,0,0,0,0,0,0,0,0,0,0,0,0,14,0,0,0,0,0,0,0,0,0,3.534573293845698,3.254110848411997,3.751597804332967,0,13,0,0,0,0,0,0,0,0,0,0,0,0,0,0,0,0,0,0,0,0
1737,4,3,0.5,1,0.0,0.0,-1.0,3,1,1.5,0.25,0.7,2,1,0.75,3,0,0,1,0,0,0,0,0,0,0,0,0,0,2,0,0,0,0,0,1,0,0,0,0,0,0,4,0,0,0,0,0,0,0,0,0,3.402610057638077,3.285980183755821,3.4917548648814543,0,3,0,0,0,0,0,0,0,0,1,1,1,1,1,0,0,0,0,0,0,0
1745,7,11,0.5238095238095238,1,0.42857142857142855,0.36,-0.4347826086956479,4,2,3.142857142857143,0.10476190476190476,0.6636363636363637,3,2,0.7142857142857143,1,0,0,0,0,0,0,0,0,0,0,0,0,0,7,0,0,0,0,0,0,0,0,0,0,0,0,1,6,0,0,0,0,0,0,0,0,2.552875784290012,2.4121806579155143,2.8281316142130417,0,2,9,0,0,0,0,0,0,0,0,0,0,0,0,0,0,0,0,0,0,0
1746,14,13,0.14285714285714285,1,0.0,0.0,-0.3333333333333306,3,1,1.8571428571428572,0.31501831501831495,0.21828388494401563,12,6,0.8571428571428571,6,2,2,0,0,0,0,5,0,0,2,0,0,2,0,0,0,0,0,0,1,6,0,6,0,0,0,0,0,1,1,0,0,0,0,0,0,2.5016419829438075,2.1818454814356785,2.9514656396585917,0,0,0,12,1,0,0,0,0,0,0,0,0,0,0,0,0,0,0,0,0,0
1748,4,3,0.5,1,0.0,0.0,-0.4999999999999988,2,1,1.5,0.3333333333333333,0.625,3,2,0.75,1,0,0,0,0,0,0,0,0,0,4,0,0,0,0,0,0,0,0,0,0,0,0,0,0,0,0,4,0,0,0,0,0,0,0,0,0,2.6420000638302437,2.5284724969912715,2.857470642355903,0,3,0,0,0,0,0,0,0,0,1,1,1,1,1,1,1,1,1,0,0,0
1750,4,3,0.5,1,0.0,0.0,-1.0,3,1,1.5,0.25,0.7,2,1,0.75,2,0,0,0,0,0,0,1,0,0,0,0,0,3,0,0,0,0,0,0,0,0,0,0,0,0,0,4,0,0,0,0,0,0,0,0,0,3.3141860690920013,2.797103210560873,3.758624987692201,0,3,0,0,0,0,0,0,0,0,1,1,1,1,1,0,0,0,0,0,0,0
1765,6,7,0.4666666666666667,1,0.0,0.0,-0.8666666666666683,4,1,2.3333333333333335,0.15,0.638888888888889,3,2,0.3333333333333333,2,0,4,0,0,0,0,2,0,0,0,0,0,0,0,0,0,0,0,0,0,0,0,0,0,0,0,0,0,1,1,2,0,0,2,0,0,3.821055801681702,2.67634539119261,4.878805417546632,0,0,0,0,0,0,0,0,5,2,0,0,0,0,0,0,0,0,0,0,0,0
1766,10,18,0.4,1,0.0,0.0,-0.5905172413793098,6,1,3.6,0.09166666666666665,0.5896428571428571,3,2,0.6,2,0,8,0,0,0,0,2,0,0,0,0,0,0,0,0,0,0,0,0,0,0,0,0,0,0,0,0,0,0,2,6,0,0,2,0,0,4.349830309729629,2.6172099787303145,5.816873254519544,0,0,0,0,10,0,0,0,6,2,0,0,0,0,0,0,0,0,0,0,0,0
1771,6,8,0.5333333333333333,1,0.0,0.0,-1.0,4,2,2.6666666666666665,0.11666666666666668,0.6944444444444445,2,2,0.6666666666666666,2,0,4,0,0,0,0,2,0,0,0,0,0,0,0,0,0,0,0,0,0,0,0,0,0,0,0,0,0,1,1,3,0,0,1,0,0,4.205924502362311,2.660955767658532,5.418875100353003,0,0,0,0,0,0,0,0,7,1,1,1,1,0,0,0,0,0,0,0,0,0
1773,4,3,0.5,1,0.0,0.0,-0.4999999999999988,2,1,1.5,0.3333333333333333,0.625,3,2,0.5,1,0,0,0,0,0,0,0,0,0,0,4,0,0,0,0,0,0,0,0,0,0,0,0,0,0,0,4,0,0,0,0,0,0,0,0,0,3.72653779326291,3.6103165935002353,3.792391565635048,0,3,0,0,0,0,0,0,0,0,1,1,1,1,1,1,1,1,1,0,0,0
1776,6,8,0.5333333333333333,1,0.0,0.0,-1.0,4,2,2.6666666666666665,0.1166666666666667,0.6944444444444445,2,2,0.6666666666666666,2,0,4,0,0,0,0,2,0,0,0,0,0,0,0,0,0,0,0,0,0,0,0,0,0,0,0,0,0,0,2,2,0,0,2,0,0,3.650849432585739,2.7066237327190747,4.852554834626282,0,0,0,0,0,0,0,0,6,2,0,0,0,0,0,0,0,0,0,0,0,0
1778,7,8,0.38095238095238093,1,0.0,0.0,-0.6,4,1,2.2857142857142856,0.16190476190476194,0.5710979496693782,3,2,0.42857142857142855,2,0,4,0,0,0,0,3,0,0,0,0,0,0,0,0,0,0,0,0,0,0,0,0,0,0,0,0,0,2,1,2,0,0,2,0,0,4.108157917567574,2.6782865147412056,5.574322167914825,0,0,0,0,0,0,0,0,6,2,0,0,0,0,0,0,0,0,0,0,0,0
1780,9,10,0.2777777777777778,1,0.2222222222222222,0.4,0.5555555555555565,3,1,2.2222222222222223,0.2579365079365079,0.3771350207692962,7,4,0.7777777777777778,3,0,0,0,6,0,0,2,0,0,0,0,0,0,0,0,0,0,0,1,0,1,0,2,0,0,0,0,0,5,1,0,0,0,0,0,0,3.6068291221009545,2.1827315844096065,5.7893026365195395,0,0,0,3,7,0,0,0,0,0,0,0,0,0,0,0,0,0,0,0,0,0
1781,4,3,0.5,1,0.0,0.0,-0.4999999999999988,2,1,1.5,0.3333333333333333,0.625,3,2,0.75,3,0,0,0,0,0,0,2,0,0,0,0,0,0,0,0,1,0,0,1,0,2,0,2,0,0,0,0,0,0,0,0,0,0,0,0,0,2.4432467666045476,2.232557398721831,2.844588352445229,0,0,0,3,0,0,0,0,0,0,1,1,0,0,0,0,0,0,0,0,0,0
1782,16,29,0.24166666666666667,1,0.33541666666666664,0.313953488372093,-0.19389110225763836,5,1,3.625,0.11428571428571428,0.3956776726205712,5,3,0.8125,2,0,0,0,0,0,0,0,0,0,0,0,0,0,0,0,0,0,0,14,2,0,2,0,0,0,0,4,10,0,0,0,0,0,0,0,0,2.763256422620221,2.4258500277490613,3.7635703733242223,6,11,12,0,0,0,0,0,0,0,0,0,0,0,0,0,0,0,0,0,0,0
1783,7,8,0.38095238095238093,1,0.4095238095238095,0.375,-0.47058823529411764,5,1,2.2857142857142856,0.1619047619047619,0.5782931354359926,3,2,0.8571428571428571,2,0,0,0,6,0,0,0,0,0,0,0,0,0,0,0,0,0,0,1,0,1,0,2,0,0,0,0,0,3,1,0,0,0,0,0,0,3.682609375233111,2.188923048483578,5.7903059800989976,0,0,0,3,5,0,0,0,0,0,0,0,0,0,0,0,0,0,0,0,0,0
1790,4,3,0.5,1,0.0,0.0,-0.4999999999999988,2,1,1.5,0.3333333333333333,0.625,3,2,0.5,4,0,0,0,1,0,0,1,0,0,0,1,0,0,0,0,0,0,0,0,1,2,0,2,0,0,0,0,0,0,0,0,0,0,0,0,0,2.4719762266654697,2.2367489824516156,2.927543097164348,0,0,0,3,0,0,0,0,0,0,1,1,0,0,0,0,0,0,0,0,0,0
1791,13,14,0.1794871794871795,1,0.23076923076923078,0.2857142857142857,-0.0476190476190461,4,1,2.1538461538461537,0.21445221445221446,0.3107177650939263,7,4,0.7692307692307693,5,0,0,0,1,0,0,6,0,0,0,2,0,0,0,0,0,3,0,1,0,5,0,4,0,0,0,0,0,3,1,0,0,0,0,0,0,3.056015962142083,2.188845354174098,5.740640271616221,0,0,0,9,5,0,0,0,0,0,0,0,0,0,0,0,0,0,0,0,0,0
1793,7,8,0.38095238095238093,1,0.6428571428571429,0.46153846153846156,-0.45454545454545453,4,1,2.2857142857142856,0.18095238095238095,0.5430402930402931,3,2,0.8571428571428571,1,0,0,0,0,0,0,0,0,0,0,7,0,0,0,0,0,0,0,0,0,0,0,0,0,0,0,7,0,0,0,0,0,0,0,0,0,2.823140547347186,2.4415726907329187,3.777267166542102,0,8,0,0,0,0,0,0,0,0,0,0,0,0,0,0,0,0,0,0,0,0
1794,7,11,0.5238095238095238,1,0.42857142857142855,0.36,-0.4347826086956479,4,2,3.142857142857143,0.10476190476190476,0.6636363636363635,3,2,0.7142857142857143,1,0,0,0,0,0,0,0,0,0,0,0,0,0,0,0,0,0,0,7,0,0,1,0,0,0,0,1,5,0,0,0,0,0,0,0,0,2.563236054373813,2.4407424629655914,2.8223404129745004,3,2,6,0,0,0,0,0,0,0,0,0,0,0,0,0,0,0,0,0,0,0
1797,10,14,0.3111111111111111,1,0.0,0.0,-0.1666666666666653,5,1,2.8,0.13333333333333333,0.4982311730536256,4,2,0.5,2,0,0,0,0,0,0,0,0,0,0,0,0,0,5,0,0,0,0,5,0,0,0,0,0,0,0,6,4,0,0,0,0,0,0,0,0,3.5703921657408384,3.3315583397436024,3.767483156503999,0,12,2,0,0,0,0,0,0,0,0,0,0,0,0,0,0,0,0,0,0,0
1800,4,3,0.5,1,0.0,0.0,-0.4999999999999988,2,1,1.5,0.3333333333333333,0.625,3,2,0.5,2,0,2,0,0,0,0,2,0,0,0,0,0,0,0,0,0,0,0,0,0,0,0,0,0,0,0,0,0,2,0,2,0,0,0,0,0,5.044414960461381,4.348001948893141,5.546619352858698,0,0,0,0,0,0,0,0,3,0,1,1,0,0,0,0,0,0,0,0,0,0
1801,10,10,0.2222222222222222,1,0.0,0.0,0.21568627450980354,3,1,2.0,0.21666666666666665,0.38524330882557367,6,3,0.5,2,0,0,0,0,0,0,0,0,0,0,0,0,0,5,0,0,0,0,5,0,0,0,0,0,0,0,8,2,0,0,0,0,0,0,0,0,3.5782351365400777,3.3195728734655487,3.7278918508797436,0,9,1,0,0,0,0,0,0,0,0,0,0,0,0,0,0,0,0,0,0,0
1806,6,5,0.3333333333333333,1,0.0,0.0,-0.7391304347826096,4,1,1.6666666666666667,0.21666666666666667,0.5625,3,2,0.6666666666666666,4,0,0,0,0,0,0,0,0,0,0,1,0,1,3,0,0,0,0,0,1,0,0,0,0,0,0,6,0,0,0,0,0,0,0,0,0,3.263715304962507,3.1088928588789253,3.436479827291449,0,5,0,0,0,0,0,0,0,0,1,1,0,0,0,0,0,0,0,0,0,0
1810,9,13,0.3611111111111111,1,0.0,0.0,-0.5402843601895733,5,1,2.888888888888889,0.11904761904761904,0.5620198247649228,3,2,0.5555555555555556,2,0,7,0,2,0,0,0,0,0,0,0,0,0,0,0,0,0,0,0,0,0,0,0,0,0,0,0,0,1,1,6,0,0,1,0,0,4.265257277737069,2.59039024087827,5.827548976351722,0,0,0,0,5,0,0,0,7,1,0,0,0,0,0,0,0,0,0,0,0,0
1812,4,4,0.6666666666666666,1,0.0,0.0,,2,2,2.0,0.16666666666666666,0.75,2,2,0.5,1,0,0,0,4,0,0,0,0,0,0,0,0,0,0,0,0,0,0,0,0,0,0,0,0,0,0,0,0,4,0,0,0,0,0,0,0,3.681324302008383,2.29792002894186,4.612247458794577,0,0,0,0,4,0,0,0,0,0,1,1,0,0,0,0,0,0,0,0,0,0
1814,5,4,0.4,1,0.0,0.0,-0.6666666666666666,3,1,1.6,0.26666666666666666,0.5822222222222223,3,2,0.4,3,0,0,0,0,0,0,0,0,0,0,2,0,1,0,0,0,2,0,0,0,0,0,0,0,0,0,5,0,0,0,0,0,0,0,0,0,3.691329647451896,3.589213038860958,3.797214215255639,0,4,0,0,0,0,0,0,0,0,1,1,1,1,0,0,0,0,0,0,0,0
1815,9,13,0.3611111111111111,1,0.0,0.0,-0.5402843601895733,5,1,2.888888888888889,0.11904761904761901,0.5620198247649228,3,2,0.4444444444444444,2,0,7,0,2,0,0,0,0,0,0,0,0,0,0,0,0,0,0,0,0,0,0,0,0,0,0,0,0,1,1,6,0,0,1,0,0,4.328069413757737,2.630654415793881,5.914069685845713,0,0,0,0,5,0,0,0,7,1,0,0,0,0,0,0,0,0,0,0,0,0
1831,21,48,0.22857142857142856,1,0.0,0.0,-0.3347551472397679,9,1,4.571428571428571,0.068671679197995,0.4517711460351104,5,3,0.47619047619047616,4,0,12,0,2,0,0,6,1,0,0,0,0,0,0,0,0,0,0,0,0,1,0,0,0,0,0,0,0,5,3,9,0,0,3,0,0,4.6999340127223554,2.636607791810248,5.819218308516738,0,0,0,1,23,0,0,0,20,4,0,0,0,0,0,0,0,0,0,0,0,0
1843,5,4,0.4,1,0.0,0.0,-0.3333333333333333,2,1,1.6,0.3333333333333333,0.5219047619047619,4,2,0.6,3,0,0,0,0,0,0,1,0,3,0,0,0,0,0,0,0,0,0,1,0,0,2,0,0,0,0,0,0,1,0,1,0,1,0,0,0,4.248727090990545,3.311105677036949,5.410344463925242,2,0,0,0,0,0,0,0,2,0,0,0,0,0,0,0,0,0,0,0,0,0
1854,17,26,0.19117647058823528,1,0.0,0.0,-0.4466769706336923,6,1,3.0588235294117645,0.12058823529411763,0.37335389836995264,7,4,0.6470588235294118,4,0,12,0,2,0,0,2,1,0,0,0,0,0,0,0,0,0,0,0,0,1,0,0,0,0,0,0,0,4,0,11,0,0,1,0,0,5.017199661736777,2.787036133848862,5.946156602537364,0,0,0,1,15,0,0,0,10,0,0,0,0,0,0,0,0,0,0,0,0,0
1862,6,5,0.3333333333333333,1,0.0,0.0,-0.6666666666666673,3,1,1.6666666666666667,0.2833333333333334,0.49007936507936506,4,2,0.3333333333333333,3,0,0,0,0,0,0,1,0,4,0,0,0,0,0,0,0,0,0,1,0,0,1,0,0,0,0,1,1,1,0,1,0,1,0,0,0,4.320329752037928,3.3529109595892765,5.968785931513004,2,1,0,0,0,0,0,0,2,0,0,0,0,0,0,0,0,0,0,0,0,0
1865,5,4,0.4,1,0.0,0.0,-0.3333333333333333,2,1,1.6,0.3333333333333333,0.5219047619047619,4,2,0.6,2,0,0,0,0,0,0,3,0,0,0,0,2,0,0,0,0,0,0,0,0,0,0,0,0,0,0,0,0,3,0,2,0,0,0,0,0,5.212402183430119,4.878706208575756,5.694890988830967,0,0,0,0,1,0,0,0,3,0,0,0,0,0,0,0,0,0,0,0,0,0
1866,19,42,0.24561403508771928,1,0.0,0.0,-0.46710963455149435,9,1,4.421052631578948,0.0718954248366013,0.467264824424973,6,3,0.42105263157894735,4,0,12,0,2,0,0,4,1,0,0,0,0,0,0,0,0,0,0,0,0,1,0,0,0,0,0,0,0,6,0,11,0,0,1,0,0,4.723524271764832,2.8784535113812573,5.99807112193642,0,0,0,1,25,0,0,0,16,0,0,0,0,0,0,0,0,0,0,0,0,0
1873,5,4,0.4,1,0.0,0.0,-0.6666666666666666,3,1,1.6,0.26666666666666666,0.5822222222222223,3,2,0.6,3,0,0,0,0,0,0,1,0,3,0,0,0,0,0,0,0,0,0,1,0,0,1,0,0,0,0,1,1,1,0,0,0,1,0,0,0,3.9035365123273644,3.239788722449427,5.3997085701638445,2,1,0,0,0,0,0,0,1,0,0,0,0,0,0,0,0,0,0,0,0,0
1878,4,3,0.5,1,0.0,0.0,-1.0,3,1,1.5,0.25,0.7000000000000001,2,1,0.75,3,0,0,0,1,0,0,2,0,1,0,0,0,0,0,0,0,0,0,0,0,0,0,0,0,0,0,0,0,3,0,1,0,0,0,0,0,5.047357411863296,4.5227579596988905,5.967107596974332,0,0,0,0,0,0,0,0,3,0,1,1,1,0,0,0,0,0,0,0,0,0
1885,20,48,0.25263157894736843,1,0.0,0.0,-0.3567215626196867,9,1,4.8,0.07280701754385964,0.4539142837922965,6,3,0.55,4,0,12,0,2,0,0,5,1,0,0,0,0,0,0,0,0,0,0,0,0,2,0,0,0,0,0,0,0,4,2,8,0,0,4,0,0,4.759693694002282,2.5416468644092842,5.993405171941605,0,0,0,2,26,0,0,0,18,2,0,0,0,0,0,0,0,0,0,0,0,0
1889,5,4,0.4,1,0.0,0.0,-0.6666666666666666,3,1,1.6,0.26666666666666666,0.5822222222222223,3,2,0.4,3,1,0,0,0,0,0,0,0,0,0,2,0,0,2,0,0,0,0,0,0,0,0,0,0,0,0,5,0,0,0,0,0,0,0,0,0,3.632113790212091,3.3644273133885827,3.7629398442452033,0,4,0,0,0,0,0,0,0,0,1,1,1,1,0,0,0,0,0,0,0,0
1893,4,3,0.5,1,0.0,0.0,-0.4999999999999988,2,1,1.5,0.3333333333333333,0.625,3,2,0.5,1,0,0,0,0,0,0,0,0,0,0,4,0,0,0,0,0,0,0,0,0,0,0,0,0,0,0,4,0,0,0,0,0,0,0,0,0,3.5155687854998945,3.296207866477585,3.7217618813206577,0,3,0,0,0,0,0,0,0,0,1,1,1,1,1,1,1,1,1,0,0,0
1895,4,3,0.5,1,0.0,0.0,-1.0,3,1,1.5,0.25,0.7000000000000001,2,1,0.25,2,0,0,0,0,0,0,1,0,0,3,0,0,0,0,0,0,0,0,0,0,0,0,0,0,0,0,4,0,0,0,0,0,0,0,0,0,3.6822587621645666,3.6153672378090413,3.7279786143694857,0,3,0,0,0,0,0,0,0,0,1,1,1,1,1,0,0,0,0,0,0,0
1903,9,13,0.3611111111111111,1,0.0,0.0,-0.5402843601895733,5,1,2.888888888888889,0.11904761904761904,0.5620198247649228,3,2,0.5555555555555556,2,0,7,0,2,0,0,0,0,0,0,0,0,0,0,0,0,0,0,0,0,0,0,0,0,0,0,0,0,2,0,7,0,0,0,0,0,4.459228170671117,3.0339164554458917,5.92893203662692,0,0,0,0,5,0,0,0,8,0,0,0,0,0,0,0,0,0,0,0,0,0
1907,4,3,0.5,1,0.0,0.0,-0.4999999999999988,2,1,1.5,0.3333333333333333,0.625,3,2,0.5,2,0,0,0,0,0,0,0,0,0,0,2,0,0,0,0,0,2,0,0,0,0,0,0,0,0,0,4,0,0,0,0,0,0,0,0,0,3.675684055498159,3.585418104852561,3.753601263547043,0,3,0,0,0,0,0,0,0,0,1,1,1,1,1,1,1,1,1,0,0,0
1908,9,13,0.3611111111111111,1,0.0,0.0,-0.5402843601895733,5,1,2.888888888888889,0.11904761904761901,0.5620198247649228,3,2,0.4444444444444444,2,0,7,0,2,0,0,0,0,0,0,0,0,0,0,0,0,0,0,0,0,0,0,0,0,0,0,0,0,1,1,6,0,0,1,0,0,4.419628579800013,2.9429127719851493,5.9419035051902185,0,0,0,0,5,0,0,0,7,1,0,0,0,0,0,0,0,0,0,0,0,0
1925,9,12,0.3333333333333333,1,0.0,0.0,-0.5762711864406792,5,1,2.6666666666666665,0.12698412698412698,0.5471116392685019,3,2,0.5555555555555556,2,0,7,0,2,0,0,0,0,0,0,0,0,0,0,0,0,0,0,0,0,0,0,0,0,0,0,0,0,0,2,5,0,0,2,0,0,4.300440754264685,2.9046786223583974,5.710052433288942,0,0,0,0,4,0,0,0,6,2,0,0,0,0,0,0,0,0,0,0,0,0
1929,9,13,0.3611111111111111,1,0.0,0.0,-0.5402843601895733,5,1,2.888888888888889,0.11904761904761904,0.5620198247649228,3,2,0.4444444444444444,2,0,7,0,2,0,0,0,0,0,0,0,0,0,0,0,0,0,0,0,0,0,0,0,0,0,0,0,0,0,2,5,0,0,2,0,0,4.384166474363564,2.7474404972989626,5.889902455513571,0,0,0,0,5,0,0,0,6,2,0,0,0,0,0,0,0,0,0,0,0,0
1942,5,4,0.4,1,0.0,0.0,-0.3333333333333333,2,1,1.6,0.3333333333333333,0.5219047619047619,4,2,0.6,4,0,0,0,0,1,0,0,0,1,0,0,0,0,2,1,0,0,0,0,0,0,1,0,0,0,0,3,1,0,0,0,0,0,0,0,0,3.667337771026892,3.4949341810444956,3.788643471288858,1,3,0,0,0,0,0,0,0,0,0,0,0,0,0,0,0,0,0,0,0,0
1949,5,4,0.4,1,0.0,0.0,-0.3333333333333333,2,1,1.6,0.3333333333333333,0.5219047619047619,4,2,0.4,2,0,0,0,0,0,0,0,0,0,0,3,0,0,0,0,0,2,0,0,0,0,0,0,0,0,0,5,0,0,0,0,0,0,0,0,0,3.7239915959477425,3.711857213838132,3.7384154144193738,0,4,0,0,0,0,0,0,0,0,1,1,1,0,0,0,0,0,0,0,0,0
1950,9,13,0.3611111111111111,1,0.0,0.0,-0.5402843601895733,5,1,2.888888888888889,0.11904761904761901,0.5620198247649228,3,2,0.5555555555555556,2,0,7,0,2,0,0,0,0,0,0,0,0,0,0,0,0,0,0,0,0,0,0,0,0,0,0,0,0,0,2,5,0,0,2,0,0,4.34481572910945,2.7492892778699485,5.877162342650927,0,0,0,0,5,0,0,0,6,2,0,0,0,0,0,0,0,0,0,0,0,0
1954,9,13,0.3611111111111111,1,0.0,0.0,-0.5402843601895733,5,1,2.888888888888889,0.11904761904761904,0.5620198247649228,3,2,0.4444444444444444,2,0,7,0,2,0,0,0,0,0,0,0,0,0,0,0,0,0,0,0,0,0,0,0,0,0,0,0,0,0,2,5,0,0,2,0,0,4.232649997051252,2.600499157803331,5.715830312355457,0,0,0,0,5,0,0,0,6,2,0,0,0,0,0,0,0,0,0,0,0,0
1959,4,3,0.5,1,0.0,0.0,-1.0,3,1,1.5,0.25,0.7000000000000001,2,1,0.75,2,0,0,0,0,0,0,0,0,0,1,0,0,0,3,0,0,0,0,0,0,0,0,0,0,0,0,4,0,0,0,0,0,0,0,0,0,3.7507997862840363,3.668268789201561,3.792393737855393,0,3,0,0,0,0,0,0,0,0,1,1,1,1,1,0,0,0,0,0,0,0
1973,4,3,0.5,1,0.0,0.0,-0.4999999999999988,2,1,1.5,0.3333333333333333,0.625,3,2,0.5,3,0,0,0,0,0,0,0,0,0,1,2,1,0,0,0,0,0,0,0,0,0,0,0,0,0,0,4,0,0,0,0,0,0,0,0,0,3.534638627327785,3.493818765813705,3.598836153502397,0,3,0,0,0,0,0,0,0,0,1,1,1,1,1,1,1,1,1,0,0,0
1989,4,3,0.5,1,0.0,0.0,-0.4999999999999988,2,1,1.5,0.3333333333333333,0.625,3,2,0.5,2,0,0,0,2,0,0,0,0,2,0,0,0,0,0,0,0,0,0,0,0,0,0,0,0,0,0,0,0,1,1,1,0,0,1,0,0,4.2824080859239855,2.9075302678704706,5.048629940686112,0,0,0,0,0,0,0,0,2,1,0,0,0,0,0,0,0,0,0,0,0,0
1993,9,18,0.5,1,0.0,0.0,-0.5294117647058803,5,2,4.0,0.07936507936507936,0.6502201502201502,3,2,0.4444444444444444,4,0,4,1,2,0,0,2,0,0,0,0,0,0,0,0,0,0,0,0,0,0,0,1,0,0,0,0,0,2,2,3,0,0,1,0,0,4.391742930480427,2.292703846468927,5.856544189976888,0,0,0,2,0,0,0,0,15,1,0,0,0,0,0,0,0,0,0,0,0,0
1997,9,16,0.4444444444444444,1,0.0,0.0,-0.4358974358974359,5,1,3.5555555555555554,0.09523809523809522,0.6119164785831452,3,2,0.5555555555555556,4,0,4,1,2,0,0,2,0,0,0,0,0,0,0,0,0,0,0,0,0,0,0,1,0,0,0,0,0,2,2,2,0,0,2,0,0,4.024638942681013,2.7504643429686966,5.871107472538856,0,0,0,1,0,0,0,0,13,2,0,0,0,0,0,0,0,0,0,0,0,0
2000,5,4,0.4,1,0.0,0.0,-0.6666666666666666,3,1,1.6,0.26666666666666666,0.5822222222222222,3,2,0.4,3,0,2,0,0,0,0,2,0,0,0,0,1,0,0,0,0,0,0,0,0,0,0,0,0,0,0,0,0,2,0,3,0,0,0,0,0,5.489603337440713,4.868147865982187,5.832652212405009,0,0,0,0,1,0,0,0,3,0,0,0,0,0,0,0,0,0,0,0,0,0
2007,6,7,0.4666666666666667,1,0.0,0.0,-0.8666666666666683,4,1,2.3333333333333335,0.15,0.638888888888889,3,2,0.3333333333333333,2,0,4,0,0,0,0,2,0,0,0,0,0,0,0,0,0,0,0,0,0,0,0,0,0,0,0,0,0,2,0,4,0,0,0,0,0,4.7105256249699154,3.501235274587163,5.614882198063423,0,0,0,0,0,0,0,0,7,0,1,0,0,0,0,0,0,0,0,0,0,0
2008,10,10,0.2222222222222222,1,0.0,0.0,-0.5288220551378447,6,1,2.0,0.14722222222222223,0.47927447552447555,4,2,0.4,6,0,3,1,2,0,0,1,0,2,0,0,0,0,0,0,1,0,0,0,0,1,0,1,0,0,0,0,0,2,1,4,0,0,1,0,0,4.3985987897798156,2.6920718101925485,5.502759653484021,0,0,0,2,3,0,0,0,5,0,0,0,0,0,0,0,0,0,0,0,0,0
2014,10,10,0.2222222222222222,1,0.0,0.0,-0.4859437751004021,5,1,2.0,0.15555555555555556,0.46413324280601176,4,2,0.5,5,0,3,1,0,0,0,4,0,0,0,1,1,0,0,0,0,0,0,0,0,1,0,1,0,0,0,0,0,3,1,4,0,0,0,0,0,4.181531468010447,2.872694639868866,5.799981823208027,0,0,0,2,0,0,0,0,8,0,0,0,0,0,0,0,0,0,0,0,0,0
2024,6,5,0.3333333333333333,1,0.0,0.0,-0.7391304347826096,4,1,1.6666666666666667,0.21666666666666667,0.5625,3,2,0.3333333333333333,4,0,3,1,0,0,0,1,0,0,0,1,0,0,0,0,0,0,0,0,0,1,0,1,0,0,0,0,0,0,1,3,0,0,0,0,0,4.207137294862366,2.8998564264814686,5.345312459811365,0,0,0,2,0,0,0,0,3,0,0,0,0,0,0,0,0,0,0,0,0,0
2025,8,9,0.32142857142857145,1,0.0,0.0,-0.7999999999999997,6,1,2.25,0.13095238095238096,0.578125,3,2,0.75,4,0,3,0,2,0,0,1,0,2,0,0,0,0,0,0,0,0,0,0,0,0,0,0,0,0,0,0,0,3,0,5,0,0,0,0,0,4.934990333259536,3.2131780325818546,5.98700240124448,0,0,0,0,3,0,0,0,6,0,0,0,0,0,0,0,0,0,0,0,0,0
2027,4,3,0.5,1,0.0,0.0,-0.4999999999999988,2,1,1.5,0.3333333333333333,0.625,3,2,0.5,2,0,0,0,0,0,0,0,0,0,0,2,2,0,0,0,0,0,0,0,0,0,0,0,0,0,0,4,0,0,0,0,0,0,0,0,0,3.6724429771701357,3.538850844711817,3.786792726540789,0,3,0,0,0,0,0,0,0,0,1,1,1,1,1,1,1,1,1,0,0,0
2029,6,6,0.4,1,0.0,0.0,-0.7333333333333336,4,1,2.0,0.18333333333333335,0.5972222222222222,3,2,0.6666666666666666,2,0,4,0,0,0,0,2,0,0,0,0,0,0,0,0,0,0,0,0,0,0,0,0,0,0,0,0,0,2,0,4,0,0,0,0,0,5.11215108631986,4.176509559546639,5.89147900420355,0,0,0,0,0,0,0,0,6,0,1,1,0,0,0,0,0,0,0,0,0,0
2034,4,3,0.5,1,0.0,0.0,-0.4999999999999988,2,1,1.5,0.3333333333333333,0.625,3,2,0.5,2,0,0,0,0,0,1,0,0,0,0,0,0,0,0,0,0,0,0,0,3,0,0,0,0,0,0,4,0,0,0,0,0,0,0,0,0,3.5685825236576583,3.488696889941025,3.666211984261617,0,3,0,0,0,0,0,0,0,0,1,1,1,1,1,1,1,1,1,0,0,0
2035,7,11,0.5238095238095238,1,0.0,0.0,-0.6739130434782586,4,2,3.142857142857143,0.10476190476190476,0.6636363636363635,3,2,0.42857142857142855,3,0,4,0,0,0,0,2,0,0,0,0,1,0,0,0,0,0,0,0,0,0,0,0,0,0,0,0,0,2,0,5,0,0,0,0,0,4.357507448348907,3.1687973088879193,5.392796238602111,0,0,0,0,3,0,0,0,8,0,0,0,0,0,0,0,0,0,0,0,0,0
2036,9,9,0.25,1,0.0,0.0,-0.5942857142857143,6,1,2.0,0.1507936507936508,0.5083778966131908,4,2,0.3333333333333333,5,0,3,1,2,0,0,1,0,2,0,0,0,0,0,0,0,0,0,0,0,1,0,0,0,0,0,0,0,2,1,3,0,0,2,0,0,4.4332861290646575,2.3841701386634138,5.584682412090057,0,0,0,1,3,0,0,0,4,1,0,0,0,0,0,0,0,0,0,0,0,0
2040,4,3,0.5,1,0.0,0.0,-1.0,3,1,1.5,0.25,0.7000000000000001,2,1,0.75,2,0,3,0,0,0,0,1,0,0,0,0,0,0,0,0,0,0,0,0,0,0,0,0,0,0,0,0,0,1,0,3,0,0,0,0,0,5.079543288906799,4.774033944521975,5.412399337119949,0,0,0,0,0,0,0,0,3,0,1,1,1,0,0,0,0,0,0,0,0,0
2041,4,3,0.5,1,0.0,0.0,-1.0,3,1,1.5,0.25,0.7,2,1,0.25,2,0,0,0,0,0,0,3,0,0,0,0,1,0,0,0,0,0,0,0,0,0,0,0,0,0,0,0,0,3,0,1,0,0,0,0,0,4.6714518593286805,4.263748595440843,5.022202049180415,0,0,0,0,0,0,0,0,3,0,1,1,1,0,0,0,0,0,0,0,0,0
2048,8,7,0.25,1,0.0,0.0,-0.8529411764705895,3,1,1.75,0.2738095238095238,0.39346590909090906,5,3,0.5,3,0,3,0,0,0,0,4,0,0,0,0,1,0,0,0,0,0,0,0,0,0,0,0,0,0,0,0,0,4,0,4,0,0,0,0,0,4.767381348961041,3.932102758530407,5.782062115446807,0,0,0,0,0,0,0,0,7,0,0,0,0,0,0,0,0,0,0,0,0,0
2049,9,9,0.25,1,0.0,0.0,-0.6755319148936167,5,1,2.0,0.16666666666666663,0.4807076218975532,4,2,0.6666666666666666,5,0,3,0,2,0,0,1,0,2,0,0,0,0,0,0,1,0,0,0,0,0,0,1,0,0,0,0,0,2,1,5,0,0,0,0,0,4.638421396235045,2.6086863183228433,5.7619142355187885,0,0,0,1,3,0,0,0,5,0,0,0,0,0,0,0,0,0,0,0,0,0
2051,4,3,0.5,1,0.0,0.0,-1.0,3,1,1.5,0.25,0.7,2,1,0.25,2,0,3,0,0,0,0,0,0,0,0,0,1,0,0,0,0,0,0,0,0,0,0,0,0,0,0,0,0,0,0,4,0,0,0,0,0,5.303476716145539,4.34873081848823,5.972118541425764,0,0,0,0,3,0,0,0,0,0,1,1,0,0,0,0,0,0,0,0,0,0
2054,6,8,0.5333333333333333,1,0.0,0.0,-1.0,4,2,2.6666666666666665,0.1166666666666667,0.6944444444444445,2,2,0.6666666666666666,2,0,4,0,0,0,0,2,0,0,0,0,0,0,0,0,0,0,0,0,0,0,0,0,0,0,0,0,0,2,0,4,0,0,0,0,0,4.489122025822694,3.7054183105713125,5.641837999171364,0,0,0,0,0,0,0,0,8,0,1,0,0,0,0,0,0,0,0,0,0,0
2055,7,6,0.2857142857142857,1,0.0,0.0,-0.6666666666666661,3,1,1.7142857142857142,0.2952380952380952,0.42161955691367453,5,3,0.42857142857142855,4,1,0,0,0,0,0,0,0,0,0,4,0,0,0,0,0,1,0,0,1,0,0,0,0,0,0,7,0,0,0,0,0,0,0,0,0,3.705458635164877,3.6010906751646203,3.790190927330627,0,6,0,0,0,0,0,0,0,0,0,0,0,0,0,0,0,0,0,0,0,0
2056,6,5,0.3333333333333333,1,0.0,0.0,-0.250000000000004,2,1,1.6666666666666667,0.3333333333333333,0.4478114478114478,5,3,0.5,4,1,0,0,0,0,0,0,0,0,0,3,0,0,0,0,0,1,0,0,1,0,0,0,0,0,0,6,0,0,0,0,0,0,0,0,0,3.689848322255494,3.6194252990972475,3.7780901073898487,0,5,0,0,0,0,0,0,0,0,1,1,0,0,0,0,0,0,0,0,0,0
2058,6,8,0.5333333333333333,1,0.0,0.0,-1.0,4,2,2.6666666666666665,0.1166666666666667,0.6944444444444445,2,2,0.3333333333333333,2,0,4,0,0,0,0,2,0,0,0,0,0,0,0,0,0,0,0,0,0,0,0,0,0,0,0,0,0,1,1,3,0,0,1,0,0,4.108749686438022,2.5954041366929737,5.434066683502351,0,0,0,0,0,0,0,0,7,1,1,1,1,0,0,0,0,0,0,0,0,0
2059,10,9,0.2,1,0.0,0.0,-0.5217391304347824,5,1,1.8,0.18611111111111106,0.42186875624375625,5,3,0.4,6,0,3,1,2,0,0,1,0,2,0,0,0,0,0,0,1,0,0,0,0,2,0,0,0,0,0,0,0,2,1,3,0,0,2,0,0,4.415522534401178,2.6607377603491846,5.81562528788246,0,0,0,2,3,0,0,0,3,1,0,0,0,0,0,0,0,0,0,0,0,0
2070,11,12,0.21818181818181817,1,0.0,0.0,-0.5515151515151526,6,1,2.1818181818181817,0.1393939393939394,0.46129369642215495,4,2,0.6363636363636364,6,0,4,1,2,0,0,1,0,2,0,0,0,0,0,0,1,0,0,0,0,2,0,1,0,0,0,0,0,2,1,3,0,0,2,0,0,4.344666248376682,2.676270848298949,5.9622827911195655,0,0,0,3,4,0,0,0,4,1,0,0,0,0,0,0,0,0,0,0,0,0
2071,5,4,0.4,1,0.0,0.0,-0.6666666666666666,3,1,1.6,0.26666666666666666,0.5822222222222222,3,2,0.4,2,0,3,0,0,0,0,2,0,0,0,0,0,0,0,0,0,0,0,0,0,0,0,0,0,0,0,0,0,2,0,3,0,0,0,0,0,4.962183402146918,4.633024622223569,5.303230881038244,0,0,0,0,0,0,0,0,4,0,0,0,0,0,0,0,0,0,0,0,0,0
2084,4,3,0.5,1,0.0,0.0,-0.4999999999999988,2,1,1.5,0.3333333333333333,0.625,3,2,0.5,3,0,0,0,2,0,0,0,0,0,0,0,1,0,0,0,0,0,1,0,0,0,0,1,0,0,0,0,0,1,1,0,0,0,1,0,0,3.2026399008391233,2.6490108254846425,4.277678945699786,0,0,0,1,0,0,0,0,1,1,0,0,0,0,0,0,0,0,0,0,0,0
2089,5,4,0.4,1,0.0,0.0,-0.6666666666666666,3,1,1.6,0.26666666666666666,0.5822222222222222,3,2,0.6,3,0,0,0,0,0,0,0,0,0,2,0,0,0,0,0,0,0,2,0,1,0,0,0,0,0,0,5,0,0,0,0,0,0,0,0,0,3.553281784355995,3.451604482595054,3.65129478051956,0,4,0,0,0,0,0,0,0,0,1,1,1,1,0,0,0,0,0,0,0,0
2095,4,3,0.5,1,0.0,0.0,-0.4999999999999988,2,1,1.5,0.3333333333333333,0.625,3,2,0.5,3,0,0,0,2,0,0,0,0,0,0,0,1,0,0,0,0,0,1,0,0,0,0,1,0,0,0,0,0,1,1,0,0,0,1,0,0,3.141617199265131,2.638533450680496,4.018080957141153,0,0,0,1,0,0,0,0,1,1,0,0,0,0,0,0,0,0,0,0,0,0
2099,5,4,0.4,1,0.0,0.0,-1.0,4,1,1.6,0.2,0.6571428571428571,2,1,0.8,1,0,5,0,0,0,0,0,0,0,0,0,0,0,0,0,0,0,0,0,0,0,0,0,0,0,0,0,0,0,0,5,0,0,0,0,0,5.090856696486708,4.958872312772359,5.1936323227153744,0,0,0,0,4,0,0,0,0,0,1,0,0,0,0,0,0,0,0,0,0,0
2104,5,4,0.4,1,0.0,0.0,-0.6666666666666666,3,1,1.6,0.26666666666666666,0.5822222222222223,3,2,0.6,3,0,0,0,0,0,0,0,0,0,1,3,0,1,0,0,0,0,0,0,0,0,0,0,0,0,0,5,0,0,0,0,0,0,0,0,0,3.3784593875815787,2.7575918669864166,3.677249936543628,0,4,0,0,0,0,0,0,0,0,1,1,1,1,0,0,0,0,0,0,0,0
2106,6,5,0.3333333333333333,1,0.0,0.0,-0.6666666666666677,3,1,1.6666666666666667,0.23333333333333336,0.5411255411255411,3,2,0.5,3,0,0,0,0,0,0,3,0,0,0,0,2,1,0,0,0,0,0,0,0,1,0,0,0,0,0,0,0,2,1,0,0,0,2,0,0,3.5244968884578283,2.4206612564760484,4.697271047935266,0,0,0,1,1,0,0,0,2,1,0,0,0,0,0,0,0,0,0,0,0,0
2109,8,13,0.4642857142857143,1,0.0,0.0,-0.44444444444444586,4,1,3.25,0.10714285714285712,0.6234375,3,2,0.5,1,0,8,0,0,0,0,0,0,0,0,0,0,0,0,0,0,0,0,0,0,0,0,0,0,0,0,0,0,0,0,8,0,0,0,0,0,4.705424955668064,2.9605873526642634,5.824918202487159,0,0,0,0,13,0,0,0,0,0,0,0,0,0,0,0,0,0,0,0,0,0
2113,5,4,0.4,1,0.0,0.0,-0.6666666666666666,3,1,1.6,0.26666666666666666,0.5822222222222223,3,2,0.4,3,0,0,1,2,0,0,0,0,0,0,0,2,0,0,0,0,0,0,0,0,1,0,0,0,0,0,0,0,1,1,0,0,0,2,0,0,3.380720733913942,2.796507027996327,4.290939805220551,0,0,0,1,1,0,0,0,1,1,0,0,0,0,0,0,0,0,0,0,0,0
2118,6,5,0.3333333333333333,1,0.0,0.0,-0.6666666666666677,3,1,1.6666666666666667,0.23333333333333336,0.5411255411255411,3,2,0.5,3,0,0,2,2,0,0,0,0,0,0,0,2,0,0,0,0,0,0,0,0,2,0,0,0,0,0,0,0,1,1,0,0,0,2,0,0,3.281501278131074,2.770561238045664,4.2700240779242655,0,0,0,2,1,0,0,0,1,1,0,0,0,0,0,0,0,0,0,0,0,0
2125,6,8,0.5333333333333333,1,0.0,0.0,-1.0,4,2,2.6666666666666665,0.1166666666666667,0.6944444444444445,2,2,0.3333333333333333,2,0,4,0,0,0,0,2,0,0,0,0,0,0,0,0,0,0,0,0,0,0,0,0,0,0,0,0,0,1,1,3,0,0,1,0,0,3.8433494672773856,2.854682193417956,5.058288806967781,0,0,0,0,0,0,0,0,7,1,1,1,1,0,0,0,0,0,0,0,0,0
2129,6,8,0.5333333333333333,1,0.0,0.0,-1.0,4,2,2.6666666666666665,0.1166666666666667,0.6944444444444445,2,2,0.6666666666666666,2,0,4,0,0,0,0,2,0,0,0,0,0,0,0,0,0,0,0,0,0,0,0,0,0,0,0,0,0,0,2,2,0,0,2,0,0,3.7844947005572696,2.8112393365928288,4.967945537413836,0,0,0,0,0,0,0,0,6,2,0,0,0,0,0,0,0,0,0,0,0,0
2131,6,8,0.5333333333333333,1,0.0,0.0,-1.0,4,2,2.6666666666666665,0.1166666666666667,0.6944444444444445,2,2,0.3333333333333333,2,0,4,0,0,0,0,2,0,0,0,0,0,0,0,0,0,0,0,0,0,0,0,0,0,0,0,0,0,0,2,2,0,0,2,0,0,3.7929502605041194,2.8734565000690773,5.00799814181433,0,0,0,0,0,0,0,0,6,2,0,0,0,0,0,0,0,0,0,0,0,0
2133,6,8,0.5333333333333333,1,0.0,0.0,-1.0,4,2,2.6666666666666665,0.1166666666666667,0.6944444444444445,2,2,0.6666666666666666,2,0,4,0,0,0,0,2,0,0,0,0,0,0,0,0,0,0,0,0,0,0,0,0,0,0,0,0,0,1,1,3,0,0,1,0,0,3.7941234054848656,2.7809787639112655,4.955832935548703,0,0,0,0,0,0,0,0,7,1,1,1,1,0,0,0,0,0,0,0,0,0
2135,5,5,0.5,1,0.0,0.0,-0.6666666666666623,3,1,2.0,0.19999999999999998,0.6409523809523809,3,2,0.6,2,0,0,0,3,0,0,0,0,2,0,0,0,0,0,0,0,0,0,0,0,1,0,0,0,0,0,0,0,2,0,1,0,0,1,0,0,4.0631153253336105,2.7914953148950112,5.584543120321911,0,0,0,1,0,0,0,0,4,0,0,0,0,0,0,0,0,0,0,0,0,0
2141,4,4,0.6666666666666666,1,0.0,0.0,,2,2,2.0,0.16666666666666666,0.75,2,2,0.5,2,0,0,0,2,0,0,0,0,2,0,0,0,0,0,0,0,0,0,0,0,0,0,0,0,0,0,0,0,2,0,2,0,0,0,0,0,4.392336843211535,3.015288085316141,5.626162517807065,0,0,0,0,0,0,0,0,4,0,1,1,0,0,0,0,0,0,0,0,0,0
2182,4,3,0.5,1,0.0,0.0,-1.0,3,1,1.5,0.25,0.7000000000000001,2,1,0.25,2,0,0,0,0,0,1,0,0,0,0,0,0,0,3,0,0,0,0,0,0,0,0,0,0,0,0,4,0,0,0,0,0,0,0,0,0,3.333129250278668,3.0240194818063486,3.5352247916850903,0,3,0,0,0,0,0,0,0,0,1,1,1,1,1,0,0,0,0,0,0,0
2183,6,8,0.5333333333333333,1,0.0,0.0,-1.0,4,2,2.6666666666666665,0.1166666666666667,0.6944444444444445,2,2,0.3333333333333333,2,0,4,0,0,0,0,2,0,0,0,0,0,0,0,0,0,0,0,0,0,0,0,0,0,0,0,0,0,0,2,2,0,0,2,0,0,3.6544562034712573,2.7477007566227147,4.825932307929237,0,0,0,0,0,0,0,0,6,2,0,0,0,0,0,0,0,0,0,0,0,0
2186,12,17,0.25757575757575757,1,0.0,0.0,-0.7401574803149612,5,2,2.8333333333333335,0.13030303030303034,0.4450142450142451,5,3,0.5,2,0,8,0,0,0,0,4,0,0,0,0,0,0,0,0,0,0,0,0,0,0,0,0,0,0,0,0,0,1,3,5,0,0,3,0,0,3.7705190299686433,2.493308131348101,5.943978385810399,0,0,0,0,1,0,0,0,13,3,0,0,0,0,0,0,0,0,0,0,0,0
2190,9,13,0.3611111111111111,1,0.0,0.0,-0.9773462783171536,7,1,2.888888888888889,0.09523809523809522,0.6160814494147826,3,2,0.2222222222222222,2,0,4,0,0,0,0,5,0,0,0,0,0,0,0,0,0,0,0,0,0,0,0,0,0,0,0,0,0,3,2,2,0,0,2,0,0,4.208122688778061,2.7514203420453502,5.673537740557756,0,0,0,0,5,0,0,0,6,2,0,0,0,0,0,0,0,0,0,0,0,0
2192,11,13,0.23636363636363636,1,0.0,0.0,-0.707843137254903,5,1,2.3636363636363638,0.12323232323232323,0.4904761904761905,4,2,0.45454545454545453,2,0,8,0,3,0,0,0,0,0,0,0,0,0,0,0,0,0,0,0,0,0,0,0,0,0,0,0,0,3,0,8,0,0,0,0,0,5.247657620816347,3.9713785499696543,5.949187852008139,0,0,0,0,2,0,0,0,11,0,0,0,0,0,0,0,0,0,0,0,0,0
2197,9,8,0.2222222222222222,1,0.0,0.0,-0.7530864197530864,6,1,1.7777777777777777,0.15079365079365079,0.5075917546505782,3,2,0.3333333333333333,4,0,0,0,0,0,0,4,0,2,0,0,2,0,0,0,1,0,0,0,0,1,0,0,0,0,0,0,0,3,1,2,0,0,2,0,0,4.325424039270551,2.5814649829311938,5.7022761509505555,0,0,0,1,3,0,0,0,3,1,0,0,0,0,0,0,0,0,0,0,0,0
2198,7,8,0.38095238095238093,1,0.0,0.0,-0.6,4,1,2.2857142857142856,0.1619047619047619,0.5723443223443223,3,2,0.5714285714285714,2,0,0,0,0,0,0,6,0,0,0,0,1,0,0,0,0,0,0,0,0,0,0,0,0,0,0,0,0,5,1,0,0,0,1,0,0,4.341733646208793,2.858939768753159,5.067996380594776,0,0,0,0,4,0,0,0,3,1,0,0,0,0,0,0,0,0,0,0,0,0
2205,4,3,0.5,1,0.0,0.0,-1.0,3,1,1.5,0.25,0.7000000000000001,2,1,0.75,2,0,0,0,0,0,0,0,0,0,1,0,0,0,3,0,0,0,0,0,0,0,0,0,0,0,0,4,0,0,0,0,0,0,0,0,0,3.5393601616826786,3.3762850376774716,3.6463524775627296,0,3,0,0,0,0,0,0,0,0,1,1,1,1,1,0,0,0,0,0,0,0
2210,4,3,0.5,1,0.0,0.0,-0.4999999999999988,2,1,1.5,0.3333333333333333,0.625,3,2,0.5,2,0,0,0,0,0,0,0,0,0,0,0,0,0,2,0,0,0,0,2,0,0,0,0,0,0,0,4,0,0,0,0,0,0,0,0,0,3.6870531891137843,3.552863027697888,3.7615908939873535,0,3,0,0,0,0,0,0,0,0,1,1,1,1,1,1,1,1,1,0,0,0
2211,4,3,0.5,1,0.0,0.0,-0.4999999999999988,2,1,1.5,0.3333333333333333,0.625,3,2,0.5,1,0,0,0,4,0,0,0,0,0,0,0,0,0,0,0,0,0,0,0,0,0,0,0,0,0,0,0,0,4,0,0,0,0,0,0,0,4.348789846549912,3.282227107091629,5.431971059632111,0,0,0,0,3,0,0,0,0,0,1,1,0,0,0,0,0,0,0,0,0,0
2214,4,3,0.5,1,0.0,0.0,-0.4999999999999988,2,1,1.5,0.3333333333333333,0.625,3,2,0.5,3,0,0,0,0,0,0,0,0,0,1,0,0,0,2,0,0,0,0,1,0,0,0,0,0,0,0,4,0,0,0,0,0,0,0,0,0,3.533662381174558,3.186636846601963,3.753633446666489,0,3,0,0,0,0,0,0,0,0,1,1,1,1,1,1,1,1,1,0,0,0
2217,8,8,0.2857142857142857,1,0.0,0.0,-0.42857142857142855,3,1,2.0,0.25595238095238093,0.4128743903828034,6,3,0.625,3,0,0,0,0,0,0,0,0,0,3,0,0,0,3,0,0,0,0,2,0,0,0,0,0,0,0,8,0,0,0,0,0,0,0,0,0,3.6063666577918427,3.248619365141522,3.7702261582839163,0,8,0,0,0,0,0,0,0,0,0,0,0,0,0,0,0,0,0,0,0,0
2218,8,15,0.5357142857142857,1,0.0,0.0,-0.25000000000001804,4,3,3.75,0.08333333333333331,0.6708333333333333,3,2,0.5,1,0,8,0,0,0,0,0,0,0,0,0,0,0,0,0,0,0,0,0,0,0,0,0,0,0,0,0,0,0,0,8,0,0,0,0,0,4.887187375870496,4.088039632650207,5.5143788777922484,0,0,0,0,15,0,0,0,0,0,0,0,0,0,0,0,0,0,0,0,0,0
2219,8,14,0.5,1,0.0,0.0,-0.34246575342465246,4,2,3.5,0.09523809523809523,0.6458333333333333,3,2,0.5,1,0,8,0,0,0,0,0,0,0,0,0,0,0,0,0,0,0,0,0,0,0,0,0,0,0,0,0,0,0,0,8,0,0,0,0,0,4.9109146305719,3.263753578188723,5.9355128970962685,0,0,0,0,14,0,0,0,0,0,1,0,0,0,0,0,0,0,0,0,0,0
2221,4,3,0.5,1,0.0,0.0,-0.4999999999999988,2,1,1.5,0.3333333333333333,0.625,3,2,0.5,1,0,0,0,4,0,0,0,0,0,0,0,0,0,0,0,0,0,0,0,0,0,0,0,0,0,0,0,0,4,0,0,0,0,0,0,0,4.638869342145326,3.730468585623703,5.784993052480815,0,0,0,0,3,0,0,0,0,0,1,1,0,0,0,0,0,0,0,0,0,0
2224,5,4,0.4,1,0.0,0.0,-0.6666666666666666,3,1,1.6,0.26666666666666666,0.5822222222222222,3,2,0.6,2,0,0,0,0,0,0,0,0,0,2,0,0,0,3,0,0,0,0,0,0,0,0,0,0,0,0,5,0,0,0,0,0,0,0,0,0,3.5533442794225802,3.4014746747123765,3.682719560780863,0,4,0,0,0,0,0,0,0,0,1,1,1,1,0,0,0,0,0,0,0,0
2225,4,3,0.5,1,0.0,0.0,-0.4999999999999988,2,1,1.5,0.3333333333333333,0.625,3,2,0.5,1,0,0,0,4,0,0,0,0,0,0,0,0,0,0,0,0,0,0,0,0,0,0,0,0,0,0,0,0,4,0,0,0,0,0,0,0,5.723023817059769,5.283894093211106,5.991343564449952,0,0,0,0,3,0,0,0,0,0,1,1,0,0,0,0,0,0,0,0,0,0
2234,5,4,0.4,1,0.0,0.0,-0.3333333333333333,2,1,1.6,0.3333333333333333,0.5219047619047619,4,2,0.4,4,1,0,0,0,0,0,0,0,0,2,1,0,0,1,0,0,0,0,0,0,0,0,0,0,0,0,5,0,0,0,0,0,0,0,0,0,3.5920679636520036,3.5171789668900018,3.7172926516718556,0,4,0,0,0,0,0,0,0,0,1,1,1,0,0,0,0,0,0,0,0,0
2236,6,5,0.3333333333333333,1,0.0,0.0,-0.6666666666666673,3,1,1.6666666666666667,0.2833333333333334,0.4900793650793651,4,2,0.3333333333333333,2,0,0,0,0,0,0,0,0,0,2,0,0,0,4,0,0,0,0,0,0,0,0,0,0,0,0,6,0,0,0,0,0,0,0,0,0,3.507011474643181,3.176104263287089,3.7719244484986483,0,5,0,0,0,0,0,0,0,0,0,0,0,0,0,0,0,0,0,0,0,0
2237,8,11,0.39285714285714285,1,0.0,0.0,-0.7701149425287362,5,1,2.75,0.125,0.5946912564559623,3,2,0.375,3,0,5,0,2,0,0,0,0,0,0,0,1,0,0,0,0,0,0,0,0,0,0,0,0,0,0,0,0,0,2,4,0,0,2,0,0,4.3585117130140665,2.8766611507269557,5.909904300185077,0,0,0,0,1,0,0,0,8,2,0,0,0,0,0,0,0,0,0,0,0,0
2238,8,11,0.39285714285714285,1,0.0,0.0,-0.9642857142857144,6,1,2.75,0.10714285714285712,0.6239583333333334,3,2,0.25,3,0,4,0,0,0,0,3,0,0,0,0,1,0,0,0,0,0,0,0,0,0,0,0,0,0,0,0,0,2,1,4,0,0,1,0,0,4.200708360251554,2.7209165582732044,5.903172501752094,0,0,0,0,1,0,0,0,9,1,0,0,0,0,0,0,0,0,0,0,0,0
2240,6,7,0.4666666666666667,1,0.0,0.0,-0.8666666666666683,4,1,2.3333333333333335,0.15,0.638888888888889,3,2,0.6666666666666666,2,0,4,0,0,0,0,2,0,0,0,0,0,0,0,0,0,0,0,0,0,0,0,0,0,0,0,0,0,1,1,3,0,0,1,0,0,4.332043854820437,2.705269107548172,5.5059952929986995,0,0,0,0,0,0,0,0,6,1,1,1,0,0,0,0,0,0,0,0,0,0
2246,8,7,0.25,1,0.0,0.0,-0.7499999999999993,4,1,1.75,0.17857142857142855,0.503125,3,2,0.5,3,0,2,0,0,0,0,4,0,0,0,0,2,0,0,0,0,0,0,0,0,0,0,0,0,0,0,0,0,4,0,4,0,0,0,0,0,4.774239884386469,3.1527270622621026,5.849464698028389,0,0,0,0,3,0,0,0,4,0,0,0,0,0,0,0,0,0,0,0,0,0
2247,13,20,0.2564102564102564,1,0.0,0.0,-0.6433566433566436,7,1,3.076923076923077,0.10489510489510491,0.48313376094483396,4,2,0.6923076923076923,4,0,8,0,2,0,0,0,0,2,0,1,0,0,0,0,0,0,0,0,0,2,0,0,0,0,0,0,0,1,0,8,0,0,2,0,0,4.857903170473344,2.6020413396573203,5.993605401650493,0,0,0,2,14,0,0,0,4,0,0,0,0,0,0,0,0,0,0,0,0,0
2248,4,3,0.5,1,0.0,0.0,-0.4999999999999988,2,1,1.5,0.3333333333333333,0.625,3,2,0.5,3,0,0,0,0,1,0,0,0,1,0,0,0,0,0,0,0,0,0,2,0,1,1,0,1,0,1,0,0,0,0,0,0,0,0,0,0,2.957714324762049,2.4813857354618043,3.394779689558824,1,0,0,2,0,0,0,0,0,0,0,0,0,0,0,0,0,0,0,0,0,0
2264,10,13,0.28888888888888886,1,0.0,0.0,-0.7302158273381292,6,1,2.6,0.11944444444444444,0.5303896103896104,3,2,0.6,3,0,4,0,3,0,0,3,0,0,0,0,0,0,0,0,0,0,0,0,0,0,0,1,0,0,0,0,0,4,1,4,0,0,0,0,0,4.367555795689453,2.9332330199741,5.90586900814483,0,0,0,1,5,0,0,0,7,0,0,0,0,0,0,0,0,0,0,0,0,0
2265,5,4,0.4,1,0.0,0.0,-0.6666666666666666,3,1,1.6,0.26666666666666666,0.5822222222222223,3,2,0.6,4,0,0,0,1,0,0,0,0,2,0,0,1,0,0,0,0,0,0,0,1,1,0,0,0,0,0,0,0,1,0,2,0,0,1,0,0,4.386654282855844,2.76182641767137,5.6032204573408375,0,0,0,1,2,0,0,0,1,0,0,0,0,0,0,0,0,0,0,0,0,0
2266,5,4,0.4,1,0.0,0.0,-0.6666666666666666,3,1,1.6,0.26666666666666666,0.5822222222222221,3,2,0.4,4,0,0,0,1,0,0,0,0,2,0,0,1,0,0,0,0,0,0,0,1,1,0,0,0,0,0,0,0,1,0,2,0,0,1,0,0,4.319540427793626,2.7936615374773655,5.449622571749205,0,0,0,1,2,0,0,0,1,0,0,0,0,0,0,0,0,0,0,0,0,0
2267,9,11,0.3055555555555556,1,0.0,0.0,-0.7353689567430018,6,1,2.4444444444444446,0.12698412698412698,0.5475544063779358,3,2,0.3333333333333333,3,0,4,0,3,0,0,2,0,0,0,0,0,0,0,0,0,0,0,0,0,0,0,1,0,0,0,0,0,2,2,3,0,0,1,0,0,4.0747383593425095,2.8450708961063627,5.922369456118316,0,0,0,1,4,0,0,0,5,1,0,0,0,0,0,0,0,0,0,0,0,0
2268,9,8,0.2222222222222222,1,0.0,0.0,-0.47368421052631576,4,1,1.7777777777777777,0.24603174603174605,0.3854836486604078,6,3,0.5555555555555556,3,0,0,0,0,0,0,3,0,5,0,0,1,0,0,0,0,0,0,0,0,0,1,0,0,0,0,0,0,3,0,3,0,0,0,0,2,4.7008796636969095,2.834925304937884,5.970784184291965,1,0,0,0,3,0,0,1,3,0,0,0,0,0,0,0,0,0,0,0,0,0
2270,4,3,0.5,1,0.0,0.0,-0.4999999999999988,2,1,1.5,0.3333333333333333,0.625,3,2,0.5,2,0,0,0,0,0,0,0,0,0,0,0,0,0,0,0,0,0,2,2,0,0,0,0,0,0,0,2,2,0,0,0,0,0,0,0,0,3.509416167174454,3.4084265276678583,3.592723408153472,0,2,1,0,0,0,0,0,0,0,0,0,0,0,0,0,0,0,0,0,0,0
2271,5,4,0.4,1,0.0,0.0,-0.6666666666666666,3,1,1.6,0.26666666666666666,0.5822222222222223,3,2,0.6,2,0,0,0,0,0,0,0,0,0,0,0,2,0,0,0,0,0,3,0,0,0,0,0,0,0,0,5,0,0,0,0,0,0,0,0,0,3.5831034249329887,3.4111796902156963,3.7832230827069213,0,4,0,0,0,0,0,0,0,0,1,1,1,1,0,0,0,0,0,0,0,0
2279,4,3,0.5,1,0.0,0.0,-1.0,3,1,1.5,0.25,0.7000000000000001,2,1,0.75,2,0,0,0,0,0,0,2,0,0,0,0,2,0,0,0,0,0,0,0,0,0,0,0,0,0,0,0,0,2,0,2,0,0,0,0,0,3.58920358447031,3.247830545976733,3.8186163564449433,0,0,0,0,1,0,0,0,2,0,1,1,1,0,0,0,0,0,0,0,0,0
2281,9,15,0.4166666666666667,1,0.0,0.0,-0.21212121212121499,4,1,3.3333333333333335,0.1111111111111111,0.5760276760276759,4,2,0.4444444444444444,3,0,4,1,0,0,0,0,0,4,0,0,0,0,0,0,0,0,0,0,0,1,0,0,0,0,0,0,0,0,0,7,0,0,1,0,0,4.94702339299234,2.731795249236876,5.97656944824589,0,0,0,1,14,0,0,0,0,0,0,0,0,0,0,0,0,0,0,0,0,0
2282,4,3,0.5,1,0.0,0.0,-0.4999999999999988,2,1,1.5,0.3333333333333333,0.625,3,2,0.5,4,1,0,0,0,0,0,0,0,0,0,1,0,1,0,0,0,1,0,0,0,0,0,0,0,0,0,4,0,0,0,0,0,0,0,0,0,3.54588857390948,3.3315627581464904,3.6555006180369016,0,3,0,0,0,0,0,0,0,0,1,1,1,1,1,1,1,1,1,0,0,0
2284,10,14,0.3111111111111111,1,0.0,0.0,-0.5384615384615373,5,1,2.8,0.125,0.5178896103896105,4,2,0.6,3,0,4,2,0,0,0,0,0,4,0,0,0,0,0,0,0,0,0,0,0,2,0,0,0,0,0,0,0,0,0,6,0,0,2,0,0,4.603820049454866,2.7086373497430882,5.816221377051825,0,0,0,2,12,0,0,0,0,0,0,0,0,0,0,0,0,0,0,0,0,0
2285,4,4,0.6666666666666666,1,0.0,0.0,,2,2,2.0,0.16666666666666666,0.75,2,2,0.5,1,0,0,0,0,0,0,4,0,0,0,0,0,0,0,0,0,0,0,0,0,0,0,0,0,0,0,0,0,4,0,0,0,0,0,0,0,4.983670856086782,3.943488260291681,5.612039568837056,0,0,0,0,4,0,0,0,0,0,1,1,0,0,0,0,0,0,0,0,0,0
2291,11,13,0.23636363636363636,1,0.0,0.0,-0.7699530516431919,5,1,2.3636363636363638,0.14747474747474748,0.44587566957917313,5,3,0.5454545454545454,2,0,7,0,0,0,0,4,0,0,0,0,0,0,0,0,0,0,0,0,0,0,0,0,0,0,0,0,0,4,0,7,0,0,0,0,0,4.935646007002379,3.7066970358681157,5.756413301407798,0,0,0,0,3,0,0,0,10,0,0,0,0,0,0,0,0,0,0,0,0,0
2292,4,3,0.5,1,0.0,0.0,-1.0,3,1,1.5,0.25,0.7000000000000001,2,1,0.25,1,0,0,0,0,0,0,0,0,0,0,4,0,0,0,0,0,0,0,0,0,0,0,0,0,0,0,4,0,0,0,0,0,0,0,0,0,3.551439610783506,3.476867342184087,3.6248741075614745,0,3,0,0,0,0,0,0,0,0,1,1,1,1,1,0,0,0,0,0,0,0
2303,4,3,0.5,1,0.0,0.0,-0.4999999999999988,2,1,1.5,0.3333333333333333,0.625,3,2,0.5,3,0,0,0,0,0,0,0,0,0,2,0,1,0,0,0,0,0,0,1,0,0,0,0,0,0,0,4,0,0,0,0,0,0,0,0,0,3.6757038539623834,3.5263536148616192,3.795402140849802,0,3,0,0,0,0,0,0,0,0,1,1,1,1,1,1,1,1,1,0,0,0
2313,4,3,0.5,1,0.0,0.0,-0.4999999999999988,2,1,1.5,0.3333333333333333,0.625,3,2,0.5,2,0,0,0,0,0,0,0,0,0,0,1,0,0,0,0,0,0,0,0,3,0,0,0,0,0,0,4,0,0,0,0,0,0,0,0,0,3.653298825120565,3.5896590870735183,3.71288930746297,0,3,0,0,0,0,0,0,0,0,1,1,1,1,1,1,1,1,1,0,0,0
2317,6,5,0.3333333333333333,1,0.0,0.0,-0.250000000000004,2,1,1.6666666666666667,0.3333333333333333,0.4478114478114479,5,3,0.5,3,0,0,0,0,0,0,0,0,0,4,1,0,0,0,0,0,0,0,1,0,0,0,0,0,0,0,6,0,0,0,0,0,0,0,0,0,3.6442342864983575,3.463981364228826,3.7723160855341353,0,5,0,0,0,0,0,0,0,0,1,1,0,0,0,0,0,0,0,0,0,0
2340,4,3,0.5,1,0.0,0.0,-0.4999999999999988,2,1,1.5,0.3333333333333333,0.625,3,2,0.5,2,0,0,0,0,0,0,0,0,0,0,0,2,0,0,0,0,0,0,2,0,0,0,0,0,0,0,4,0,0,0,0,0,0,0,0,0,3.3997239406269304,3.151250719505756,3.621496635310882,0,3,0,0,0,0,0,0,0,0,1,1,1,1,1,1,1,1,1,0,0,0
2343,11,12,0.21818181818181817,1,0.0,0.0,-0.1707317073170728,4,1,2.1818181818181817,0.16767676767676767,0.414869626031761,5,3,0.45454545454545453,3,0,8,1,0,0,0,0,0,0,0,0,0,0,0,0,2,0,0,0,0,3,0,0,0,0,0,0,0,0,0,5,0,0,3,0,0,4.39496030000251,2.35436269960536,5.794963508123422,0,0,0,4,8,0,0,0,0,0,0,0,0,0,0,0,0,0,0,0,0,0
2345,6,6,0.4,1,0.0,0.0,-0.7333333333333336,4,1,2.0,0.18333333333333335,0.5972222222222222,3,2,0.3333333333333333,2,0,4,0,2,0,0,0,0,0,0,0,0,0,0,0,0,0,0,0,0,0,0,0,0,0,0,0,0,1,1,3,0,0,1,0,0,4.313860756458836,2.73866536769237,5.829436696074507,0,0,0,0,0,0,0,0,5,1,1,0,0,0,0,0,0,0,0,0,0,0
2347,4,3,0.5,1,0.0,0.0,-0.4999999999999988,2,1,1.5,0.3333333333333333,0.625,3,2,0.5,3,0,0,0,0,0,0,0,0,0,0,1,0,0,2,1,0,0,0,0,0,0,0,0,0,0,0,4,0,0,0,0,0,0,0,0,0,3.6631301366958144,3.6165564120359037,3.7005848857930856,0,3,0,0,0,0,0,0,0,0,1,1,1,1,1,1,1,1,1,0,0,0
2349,5,5,0.5,1,0.0,0.0,-0.6666666666666623,3,1,2.0,0.19999999999999998,0.6409523809523809,3,2,0.4,2,0,3,0,0,0,0,2,0,0,0,0,0,0,0,0,0,0,0,0,0,0,0,0,0,0,0,0,0,2,0,3,0,0,0,0,0,5.594331531500229,5.225870946398166,5.87071167609587,0,0,0,0,0,0,0,0,5,0,0,0,0,0,0,0,0,0,0,0,0,0
2353,5,4,0.4,1,0.0,0.0,-0.3333333333333333,2,1,1.6,0.3333333333333333,0.5219047619047619,4,2,0.6,4,0,0,0,0,0,0,0,0,0,1,2,0,0,1,0,0,0,0,0,1,0,0,0,0,0,0,5,0,0,0,0,0,0,0,0,0,3.7474527540484006,3.620294625998072,3.7981213170015957,0,4,0,0,0,0,0,0,0,0,1,1,1,0,0,0,0,0,0,0,0,0
2354,5,4,0.4,1,0.0,0.0,-0.3333333333333333,2,1,1.6,0.3333333333333333,0.5219047619047619,4,2,0.4,3,0,0,0,0,0,0,0,0,0,0,1,0,0,3,1,0,0,0,0,0,0,0,0,0,0,0,5,0,0,0,0,0,0,0,0,0,3.689399291812252,3.587061786158255,3.7889646103500083,0,4,0,0,0,0,0,0,0,0,1,1,1,0,0,0,0,0,0,0,0,0
2358,4,3,0.5,1,0.0,0.0,-0.4999999999999988,2,1,1.5,0.3333333333333333,0.625,3,2,0.5,2,0,2,0,0,0,0,2,0,0,0,0,0,0,0,0,0,0,0,0,0,0,0,0,0,0,0,0,0,2,0,2,0,0,0,0,0,5.872943204686355,5.658958400036282,5.999916327709666,0,0,0,0,0,0,0,0,3,0,1,1,0,0,0,0,0,0,0,0,0,0
2361,12,14,0.21212121212121213,1,0.0,0.0,-0.31884057971014795,4,1,2.3333333333333335,0.1818181818181818,0.3686316682543463,6,3,0.5,1,0,12,0,0,0,0,0,0,0,0,0,0,0,0,0,0,0,0,0,0,0,0,0,0,0,0,0,0,0,0,12,0,0,0,0,0,5.2368604003150825,4.477989118129624,5.950750705146715,0,0,0,0,14,0,0,0,0,0,0,0,0,0,0,0,0,0,0,0,0,0
2376,9,13,0.3611111111111111,1,0.0,0.0,-0.5402843601895733,5,1,2.888888888888889,0.11904761904761901,0.5620198247649228,3,2,0.5555555555555556,2,0,7,0,2,0,0,0,0,0,0,0,0,0,0,0,0,0,0,0,0,0,0,0,0,0,0,0,0,1,1,6,0,0,1,0,0,4.395055785096643,2.791530847066422,5.707845283669084,0,0,0,0,5,0,0,0,7,1,0,0,0,0,0,0,0,0,0,0,0,0
2378,4,4,0.6666666666666666,1,0.0,0.0,,2,2,2.0,0.16666666666666666,0.75,2,2,0.5,1,0,0,0,4,0,0,0,0,0,0,0,0,0,0,0,0,0,0,0,0,0,0,0,0,0,0,0,0,4,0,0,0,0,0,0,0,4.053977875983899,2.5882887166514883,5.183447256934876,0,0,0,0,4,0,0,0,0,0,1,1,0,0,0,0,0,0,0,0,0,0
2380,4,3,0.5,1,0.0,0.0,-0.4999999999999988,2,1,1.5,0.3333333333333333,0.625,3,2,0.5,2,0,0,0,0,0,0,0,0,0,0,2,0,0,0,0,0,2,0,0,0,0,0,0,0,0,0,4,0,0,0,0,0,0,0,0,0,3.70185702954934,3.5394736380341785,3.78667750474413,0,3,0,0,0,0,0,0,0,0,1,1,1,1,1,1,1,1,1,0,0,0
2381,9,13,0.3611111111111111,1,0.0,0.0,-0.5402843601895733,5,1,2.888888888888889,0.11904761904761904,0.5620198247649228,3,2,0.4444444444444444,2,0,7,0,2,0,0,0,0,0,0,0,0,0,0,0,0,0,0,0,0,0,0,0,0,0,0,0,0,1,1,6,0,0,1,0,0,4.326461668331232,2.681065962529927,5.551038118366757,0,0,0,0,5,0,0,0,7,1,0,0,0,0,0,0,0,0,0,0,0,0
2397,8,8,0.2857142857142857,1,0.0,0.0,-0.6296296296296297,4,1,2.0,0.16666666666666669,0.51875,3,2,0.5,1,0,8,0,0,0,0,0,0,0,0,0,0,0,0,0,0,0,0,0,0,0,0,0,0,0,0,0,0,0,0,8,0,0,0,0,0,5.084232952618946,3.687713555410194,5.752138255356784,0,0,0,0,8,0,0,0,0,0,0,0,0,0,0,0,0,0,0,0,0,0
2400,6,8,0.5333333333333333,1,0.0,0.0,-1.0,4,2,2.6666666666666665,0.1166666666666667,0.6944444444444445,2,2,0.6666666666666666,2,0,4,0,0,0,0,2,0,0,0,0,0,0,0,0,0,0,0,0,0,0,0,0,0,0,0,0,0,0,2,2,0,0,2,0,0,3.7388332735916494,2.79326507420625,5.088278580434641,0,0,0,0,0,0,0,0,5,3,0,0,0,0,0,0,0,0,0,0,0,0
2402,6,7,0.4666666666666667,1,0.0,0.0,-0.8666666666666683,4,1,2.3333333333333335,0.15000000000000002,0.638888888888889,3,2,0.3333333333333333,2,0,4,0,0,0,0,2,0,0,0,0,0,0,0,0,0,0,0,0,0,0,0,0,0,0,0,0,0,2,0,4,0,0,0,0,0,4.533256217561865,3.1853355561089236,5.122706163830835,0,0,0,0,0,0,0,0,7,0,1,0,0,0,0,0,0,0,0,0,0,0
2407,6,7,0.4666666666666667,1,0.0,0.0,-0.8666666666666683,4,1,2.3333333333333335,0.15,0.638888888888889,3,2,0.6666666666666666,2,0,4,0,0,0,0,2,0,0,0,0,0,0,0,0,0,0,0,0,0,0,0,0,0,0,0,0,0,2,0,4,0,0,0,0,0,4.26575385019802,3.247398411544011,5.205192807387649,0,0,0,0,0,0,0,0,7,0,1,0,0,0,0,0,0,0,0,0,0,0
2409,6,8,0.5333333333333333,1,0.0,0.0,-1.0,4,2,2.6666666666666665,0.1166666666666667,0.6944444444444445,2,2,0.3333333333333333,2,0,4,0,0,0,0,2,0,0,0,0,0,0,0,0,0,0,0,0,0,0,0,0,0,0,0,0,0,1,1,3,0,0,1,0,0,4.322284633501056,2.9108311363996897,5.623669979603456,0,0,0,0,0,0,0,0,7,1,1,1,1,0,0,0,0,0,0,0,0,0
2418,7,9,0.42857142857142855,1,0.0,0.0,-0.666666666666667,4,1,2.5714285714285716,0.14285714285714285,0.6045145330859617,3,2,0.5714285714285714,3,0,4,0,0,0,0,0,0,2,1,0,0,0,0,0,0,0,0,0,0,1,0,0,0,0,0,0,0,0,0,5,0,0,1,0,0,4.458397399361645,2.6421124826065236,5.717095197330505,0,0,0,1,8,0,0,0,0,0,0,0,0,0,0,0,0,0,0,0,0,0
2421,7,9,0.42857142857142855,1,0.0,0.0,-0.666666666666667,4,1,2.5714285714285716,0.14285714285714285,0.6045145330859617,3,2,0.42857142857142855,3,0,4,0,0,0,0,0,0,2,1,0,0,0,0,0,0,0,0,0,0,1,0,0,0,0,0,0,0,0,0,5,0,0,1,0,0,4.446007726296698,2.646355428172438,5.689999782818735,0,0,0,1,8,0,0,0,0,0,0,0,0,0,0,0,0,0,0,0,0,0
2422,7,8,0.38095238095238093,1,0.0,0.0,-0.6,4,1,2.2857142857142856,0.1619047619047619,0.5710979496693782,3,2,0.5714285714285714,3,0,4,0,0,0,0,0,0,2,1,0,0,0,0,0,0,0,0,0,0,1,0,0,0,0,0,0,0,0,0,5,0,0,1,0,0,4.533020517707395,2.7589313795830583,5.815867365722507,0,0,0,1,7,0,0,0,0,0,0,0,0,0,0,0,0,0,0,0,0,0
2425,7,8,0.38095238095238093,1,0.0,0.0,-0.6,4,1,2.2857142857142856,0.1619047619047619,0.5710979496693782,3,2,0.42857142857142855,3,0,4,0,0,0,0,0,0,2,1,0,0,0,0,0,0,0,0,0,0,1,0,0,0,0,0,0,0,0,0,5,0,0,1,0,0,4.6243056604574155,2.846721550249905,5.92976441919925,0,0,0,1,7,0,0,0,0,0,0,0,0,0,0,0,0,0,0,0,0,0
2426,7,7,0.3333333333333333,1,0.0,0.0,-0.6065573770491793,4,1,2.0,0.18095238095238095,0.544824223395652,3,2,0.5714285714285714,3,0,4,0,0,0,0,0,0,2,1,0,0,0,0,0,0,0,0,0,0,1,0,0,0,0,0,0,0,0,0,5,0,0,1,0,0,4.469622418717998,2.8219684887045333,5.986026578121902,0,0,0,1,6,0,0,0,0,0,0,0,0,0,0,0,0,0,0,0,0,0
2429,7,8,0.38095238095238093,1,0.0,0.0,-0.6,4,1,2.2857142857142856,0.1619047619047619,0.5710979496693783,3,2,0.42857142857142855,3,0,4,0,0,0,0,0,0,2,1,0,0,0,0,0,0,0,0,0,0,1,0,0,0,0,0,0,0,0,0,5,0,0,1,0,0,4.609801404524441,2.771815621548387,5.983883157545672,0,0,0,1,7,0,0,0,0,0,0,0,0,0,0,0,0,0,0,0,0,0
2434,7,10,0.47619047619047616,1,0.0,0.0,-1.0,5,2,2.857142857142857,0.10476190476190474,0.673469387755102,2,2,0.7142857142857143,3,0,4,0,1,0,0,2,0,0,0,0,0,0,0,0,0,0,0,0,0,0,0,0,0,0,0,0,0,2,1,3,0,0,1,0,0,4.6456895217955685,2.9493172139919475,5.850252477390393,0,0,0,0,2,0,0,0,7,1,0,0,0,0,0,0,0,0,0,0,0,0
2436,5,4,0.4,1,0.0,0.0,-1.0,4,1,1.6,0.2,0.6571428571428571,2,1,0.8,1,0,5,0,0,0,0,0,0,0,0,0,0,0,0,0,0,0,0,0,0,0,0,0,0,0,0,0,0,0,0,5,0,0,0,0,0,5.263227662224832,5.136296054796142,5.383146613481257,0,0,0,0,4,0,0,0,0,0,1,0,0,0,0,0,0,0,0,0,0,0
2437,10,12,0.26666666666666666,1,0.0,0.0,-0.6733067729083686,5,1,2.4,0.14166666666666664,0.48220779220779225,4,2,0.6,3,0,3,0,0,0,0,6,0,0,0,0,1,0,0,0,0,0,0,0,0,0,0,0,0,0,0,0,0,5,1,3,0,0,1,0,0,4.735380970664865,2.5234284426381555,5.978850852488127,0,0,0,0,0,0,0,0,11,1,0,0,0,0,0,0,0,0,0,0,0,0
2439,5,4,0.4,1,0.0,0.0,-0.6666666666666666,3,1,1.6,0.26666666666666666,0.5822222222222222,3,2,0.4,3,0,3,0,0,0,1,1,0,0,0,0,0,0,0,0,0,0,0,0,0,1,0,0,0,0,0,0,0,1,0,2,0,0,1,0,0,4.171436511843385,2.601097512525782,5.010385660327874,0,0,0,1,0,0,0,0,3,0,1,0,0,0,0,0,0,0,0,0,0,0
2440,6,8,0.5333333333333333,1,0.0,0.0,-1.0,4,2,2.6666666666666665,0.1166666666666667,0.6944444444444445,2,2,0.3333333333333333,2,0,4,0,2,0,0,0,0,0,0,0,0,0,0,0,0,0,0,0,0,0,0,0,0,0,0,0,0,1,1,3,0,0,1,0,0,3.922901638025791,2.747290168518601,5.18670021802684,0,0,0,0,0,0,0,0,7,1,1,1,1,0,0,0,0,0,0,0,0,0
2444,4,3,0.5,1,0.0,0.0,-0.4999999999999988,2,1,1.5,0.3333333333333333,0.625,3,2,0.5,2,0,2,0,0,0,0,2,0,0,0,0,0,0,0,0,0,0,0,0,0,0,0,0,0,0,0,0,0,2,0,2,0,0,0,0,0,5.024806403006528,4.513125645747813,5.713958964378523,0,0,0,0,0,0,0,0,3,0,1,1,0,0,0,0,0,0,0,0,0,0
2451,10,10,0.2222222222222222,1,0.0,0.0,-0.6400000000000003,5,1,2.0,0.15277777777777776,0.46773226773226784,4,2,0.4,4,0,2,0,0,0,0,6,0,0,0,0,1,0,0,0,1,0,0,0,0,1,0,1,0,0,0,0,0,2,3,1,0,0,2,0,0,4.095888502719829,2.686970352095947,5.807688379881943,0,0,0,2,0,0,0,0,6,2,0,0,0,0,0,0,0,0,0,0,0,0
2457,4,3,0.5,1,0.0,0.0,-0.4999999999999988,2,1,1.5,0.3333333333333333,0.625,3,2,0.5,2,0,2,0,0,0,0,2,0,0,0,0,0,0,0,0,0,0,0,0,0,0,0,0,0,0,0,0,0,2,0,2,0,0,0,0,0,5.200156745994521,4.529759147566189,5.731539267759553,0,0,0,0,0,0,0,0,3,0,1,1,0,0,0,0,0,0,0,0,0,0
2459,6,8,0.5333333333333333,1,0.0,0.0,-1.0,4,2,2.6666666666666665,0.11666666666666668,0.6944444444444445,2,2,0.6666666666666666,2,0,4,0,2,0,0,0,0,0,0,0,0,0,0,0,0,0,0,0,0,0,0,0,0,0,0,0,0,2,0,4,0,0,0,0,0,3.9904693235145743,3.1188346447501565,5.141065530897603,0,0,0,0,0,0,0,0,8,0,1,0,0,0,0,0,0,0,0,0,0,0
2462,6,8,0.5333333333333333,1,0.0,0.0,-1.0,4,2,2.6666666666666665,0.1166666666666667,0.6944444444444445,2,2,0.3333333333333333,2,0,4,0,0,0,0,2,0,0,0,0,0,0,0,0,0,0,0,0,0,0,0,0,0,0,0,0,0,1,1,3,0,0,1,0,0,3.7542928657147363,2.9600334258296943,5.063837477582177,0,0,0,0,0,0,0,0,7,1,1,1,1,0,0,0,0,0,0,0,0,0
2463,8,7,0.25,1,0.0,0.0,-0.33333333333333387,3,1,1.75,0.2857142857142857,0.3859107905982906,6,3,0.5,3,1,1,0,0,0,0,0,0,0,6,0,0,0,0,0,0,0,0,0,0,0,0,0,0,0,0,8,0,0,0,0,0,0,0,0,0,3.705133885642733,3.6251253786785265,3.782758068925852,0,7,0,0,0,0,0,0,0,0,0,0,0,0,0,0,0,0,0,0,0,0
2464,6,8,0.5333333333333333,1,0.0,0.0,-1.0,4,2,2.6666666666666665,0.1166666666666667,0.6944444444444445,2,2,0.3333333333333333,2,0,4,0,2,0,0,0,0,0,0,0,0,0,0,0,0,0,0,0,0,0,0,0,0,0,0,0,0,1,1,2,0,0,2,0,0,3.9269431214108574,2.5942262262069944,5.899220458036892,0,0,0,0,0,0,0,0,6,2,0,0,0,0,0,0,0,0,0,0,0,0
2465,14,29,0.31868131868131866,1,0.0,0.0,-0.5805687203791511,8,1,4.142857142857143,0.07417582417582416,0.5448696145124717,3,2,0.5714285714285714,2,0,12,0,0,0,0,2,0,0,0,0,0,0,0,0,0,0,0,0,0,0,0,0,0,0,0,0,0,1,1,11,0,0,1,0,0,4.147217270840459,2.9370856360972097,5.96032396247648,0,0,0,0,16,0,0,0,12,1,0,0,0,0,0,0,0,0,0,0,0,0
2466,10,14,0.3111111111111111,1,0.0,0.0,-0.9431279620853086,8,1,2.8,0.09166666666666665,0.5917857142857144,3,2,0.2,2,0,8,0,0,0,0,2,0,0,0,0,0,0,0,0,0,0,0,0,0,0,0,0,0,0,0,0,0,1,1,7,0,0,1,0,0,4.248395194070941,2.8358512396852613,5.78508596036425,0,0,0,0,0,0,0,0,13,1,0,0,0,0,0,0,0,0,0,0,0,0
2470,6,8,0.5333333333333333,1,0.0,0.0,-1.0,4,2,2.6666666666666665,0.11666666666666668,0.6944444444444445,2,2,0.6666666666666666,2,0,4,0,2,0,0,0,0,0,0,0,0,0,0,0,0,0,0,0,0,0,0,0,0,0,0,0,0,1,1,3,0,0,1,0,0,3.8450802824537913,2.8004935178443677,5.100320357607669,0,0,0,0,0,0,0,0,7,1,1,1,1,0,0,0,0,0,0,0,0,0
2471,6,8,0.5333333333333333,1,0.0,0.0,-1.0,4,2,2.6666666666666665,0.1166666666666667,0.6944444444444445,2,2,0.6666666666666666,2,0,4,0,0,0,0,2,0,0,0,0,0,0,0,0,0,0,0,0,0,0,0,0,0,0,0,0,0,1,1,3,0,0,1,0,0,3.672307922704957,2.8278524461074146,4.952952926697054,0,0,0,0,0,0,0,0,7,1,1,1,1,0,0,0,0,0,0,0,0,0
2482,6,7,0.4666666666666667,1,0.0,0.0,-0.473684210526322,3,1,2.3333333333333335,0.16666666666666666,0.6180856180856181,3,2,0.5,2,0,4,0,2,0,0,0,0,0,0,0,0,0,0,0,0,0,0,0,0,0,0,0,0,0,0,0,0,2,0,4,0,0,0,0,0,4.963163469031494,4.44767460003899,5.302788307553363,0,0,0,0,1,0,0,0,6,0,0,0,0,0,0,0,0,0,0,0,0,0
2486,6,7,0.4666666666666667,1,0.0,0.0,-0.473684210526322,3,1,2.3333333333333335,0.16666666666666666,0.618085618085618,3,2,0.5,2,0,4,0,2,0,0,0,0,0,0,0,0,0,0,0,0,0,0,0,0,0,0,0,0,0,0,0,0,2,0,4,0,0,0,0,0,5.295249385685478,4.318616330462248,5.922295417220976,0,0,0,0,1,0,0,0,6,0,0,0,0,0,0,0,0,0,0,0,0,0
2504,4,3,0.5,1,0.0,0.0,-1.0,3,1,1.5,0.25,0.7000000000000001,2,1,0.25,2,0,3,0,1,0,0,0,0,0,0,0,0,0,0,0,0,0,0,0,0,0,0,0,0,0,0,0,0,1,0,3,0,0,0,0,0,5.026765041016752,4.289420269863067,5.446170183880046,0,0,0,0,0,0,0,0,3,0,1,1,1,0,0,0,0,0,0,0,0,0
2505,7,6,0.2857142857142857,1,0.0,0.0,-0.44827586206896564,3,1,1.7142857142857142,0.23809523809523808,0.4783113245298119,4,2,0.42857142857142855,2,0,4,0,3,0,0,0,0,0,0,0,0,0,0,0,0,0,0,0,0,0,0,1,0,0,0,0,0,2,1,3,0,0,0,0,0,4.754932964302468,2.823494941711178,5.978546532872025,0,0,0,1,0,0,0,0,5,0,0,0,0,0,0,0,0,0,0,0,0,0
2506,11,12,0.21818181818181817,1,0.0,0.0,-0.2711864406779649,5,1,2.1818181818181817,0.16767676767676767,0.41579618374136784,5,3,0.45454545454545453,4,0,4,0,4,0,0,0,0,2,0,1,0,0,0,0,0,0,0,0,0,1,0,0,0,0,0,0,0,2,2,3,0,0,3,0,0,4.544578555980005,2.4082473803874738,5.966180076822719,0,0,0,1,1,0,0,0,8,2,0,0,0,0,0,0,0,0,0,0,0,0
2508,5,4,0.4,1,0.0,0.0,-0.6666666666666666,3,1,1.6,0.26666666666666666,0.5822222222222222,3,2,0.4,2,0,1,0,0,0,0,0,0,0,0,4,0,0,0,0,0,0,0,0,0,0,0,0,0,0,0,5,0,0,0,0,0,0,0,0,0,3.6523320263312034,3.390877661581064,3.792649476696484,0,4,0,0,0,0,0,0,0,0,1,1,1,1,0,0,0,0,0,0,0,0
2509,4,3,0.5,1,0.0,0.0,-1.0,3,1,1.5,0.25,0.7,2,1,0.75,3,1,0,0,0,0,0,0,0,0,0,2,0,0,0,0,0,0,0,0,1,0,0,0,0,0,0,4,0,0,0,0,0,0,0,0,0,3.6291163849651427,3.5559151218698832,3.746683087590993,0,3,0,0,0,0,0,0,0,0,1,1,1,1,1,0,0,0,0,0,0,0
2510,4,3,0.5,1,0.0,0.0,-1.0,3,1,1.5,0.25,0.7000000000000001,2,1,0.25,3,1,0,0,0,0,0,0,0,0,0,2,0,0,0,0,0,0,0,0,1,0,0,0,0,0,0,4,0,0,0,0,0,0,0,0,0,3.539774106743115,3.310320042275202,3.765866321369047,0,3,0,0,0,0,0,0,0,0,1,1,1,1,1,0,0,0,0,0,0,0
2511,10,11,0.24444444444444444,1,0.0,0.0,-0.604166666666666,4,1,2.2,0.22777777777777777,0.36717392226648127,6,3,0.5,4,0,3,1,4,0,0,0,0,2,0,0,0,0,0,0,0,0,0,0,0,0,0,1,0,0,0,0,0,3,1,5,0,0,0,0,0,4.521021271617817,2.9091398547097542,5.17626789875495,0,0,0,1,1,0,0,0,9,0,0,0,0,0,0,0,0,0,0,0,0,0
2512,5,4,0.4,1,0.0,0.0,-0.3333333333333333,2,1,1.6,0.3333333333333333,0.5219047619047619,4,2,0.4,2,0,0,0,4,0,1,0,0,0,0,0,0,0,0,0,0,0,0,0,0,0,0,1,0,0,0,0,0,3,1,0,0,0,0,0,0,4.265587770335955,2.9705667210604925,5.336229857859702,0,0,0,1,3,0,0,0,0,0,0,0,0,0,0,0,0,0,0,0,0,0
2516,7,6,0.2857142857142857,1,0.0,0.0,-1.0,6,1,1.7142857142857142,0.14285714285714285,0.6103896103896104,2,1,0.8571428571428571,3,1,0,0,0,0,0,0,0,0,0,0,0,0,0,2,0,0,0,4,0,0,0,0,0,0,0,7,0,0,0,0,0,0,0,0,0,3.6564782513354963,3.5786318519440092,3.7575890470530724,0,6,0,0,0,0,0,0,0,0,0,0,0,0,0,0,0,0,0,0,0,0
2519,4,3,0.5,1,0.0,0.0,-0.4999999999999988,2,1,1.5,0.3333333333333333,0.625,3,2,0.5,3,0,0,0,0,0,0,0,0,0,2,1,0,0,0,1,0,0,0,0,0,0,0,0,0,0,0,4,0,0,0,0,0,0,0,0,0,3.5653557771343647,3.436642563147199,3.6541846399631073,0,3,0,0,0,0,0,0,0,0,1,1,1,1,1,1,1,1,1,0,0,0
2542,7,6,0.2857142857142857,1,0.0,0.0,-0.7142857142857147,4,1,1.7142857142857142,0.2380952380952381,0.47817896389324954,4,2,0.7142857142857143,2,0,5,0,2,0,0,0,0,0,0,0,0,0,0,0,0,0,0,0,0,0,0,1,0,0,0,0,0,1,1,4,0,0,0,0,0,4.644797216705155,2.744830728238982,5.917394503900241,0,0,0,1,0,0,0,0,5,0,0,0,0,0,0,0,0,0,0,0,0,0
2543,4,3,0.5,1,0.0,0.0,-1.0,3,1,1.5,0.25,0.7000000000000001,2,1,0.75,2,0,3,0,1,0,0,0,0,0,0,0,0,0,0,0,0,0,0,0,0,0,0,0,0,0,0,0,0,1,0,3,0,0,0,0,0,5.001849236952825,4.30710302166811,5.373085085098955,0,0,0,0,0,0,0,0,3,0,1,1,1,0,0,0,0,0,0,0,0,0
2545,5,5,0.5,1,0.0,0.0,-0.6666666666666623,3,1,2.0,0.19999999999999998,0.6409523809523809,3,2,0.4,1,0,5,0,0,0,0,0,0,0,0,0,0,0,0,0,0,0,0,0,0,0,0,0,0,0,0,0,0,0,0,5,0,0,0,0,0,5.094462900512822,4.40987311961605,5.869463741835583,0,0,0,0,5,0,0,0,0,0,0,0,0,0,0,0,0,0,0,0,0,0
2546,6,6,0.4,1,0.0,0.0,-0.7333333333333336,4,1,2.0,0.18333333333333335,0.5972222222222222,3,2,0.3333333333333333,2,0,4,0,0,0,0,2,0,0,0,0,0,0,0,0,0,0,0,0,0,0,0,0,0,0,0,0,0,2,0,4,0,0,0,0,0,5.1617866722654755,3.695253408935418,5.925267450948302,0,0,0,0,0,0,0,0,6,0,1,1,0,0,0,0,0,0,0,0,0,0
2547,4,3,0.5,1,0.0,0.0,-1.0,3,1,1.5,0.25,0.7000000000000001,2,1,0.25,3,0,1,0,0,0,0,0,0,2,0,0,0,0,0,0,0,0,0,1,0,1,0,0,0,0,0,0,0,0,0,2,0,0,1,0,0,4.652259920970838,2.9591454719788364,5.892975115451211,0,0,0,1,2,0,0,0,0,0,0,0,0,0,0,0,0,0,0,0,0,0
2552,4,3,0.5,1,0.0,0.0,-1.0,3,1,1.5,0.25,0.7000000000000001,2,1,0.75,2,0,3,0,0,0,0,0,0,0,0,0,1,0,0,0,0,0,0,0,0,0,0,0,0,0,0,0,0,0,0,4,0,0,0,0,0,5.430086767388777,5.213881428717627,5.56552644248714,0,0,0,0,3,0,0,0,0,0,1,1,0,0,0,0,0,0,0,0,0,0
2557,8,12,0.42857142857142855,1,0.0,0.0,-0.4347826086956509,4,1,3.0,0.11904761904761904,0.5984375,3,2,0.5,1,0,8,0,0,0,0,0,0,0,0,0,0,0,0,0,0,0,0,0,0,0,0,0,0,0,0,0,0,0,0,8,0,0,0,0,0,4.97446071972091,3.5868731162689276,5.982090214689958,0,0,0,0,12,0,0,0,0,0,0,0,0,0,0,0,0,0,0,0,0,0
2558,6,6,0.4,1,0.0,0.0,-0.7333333333333336,4,1,2.0,0.18333333333333335,0.5972222222222222,3,2,0.3333333333333333,2,0,4,0,0,0,0,2,0,0,0,0,0,0,0,0,0,0,0,0,0,0,0,0,0,0,0,0,0,2,0,4,0,0,0,0,0,4.905868489472332,3.6514009127694536,5.924648959106405,0,0,0,0,0,0,0,0,6,0,1,1,0,0,0,0,0,0,0,0,0,0
2561,6,5,0.3333333333333333,1,0.0,0.0,-0.7391304347826096,4,1,1.6666666666666667,0.21666666666666667,0.5625,3,2,0.6666666666666666,3,0,4,0,0,0,0,0,0,0,0,0,1,0,0,0,0,0,0,1,0,1,0,0,0,0,0,0,0,0,0,4,0,0,1,0,0,3.6585945713611188,2.957141668101877,4.657825418138888,0,0,0,1,4,0,0,0,0,0,0,0,0,0,0,0,0,0,0,0,0,0
2564,10,12,0.26666666666666666,1,0.0,0.0,-0.822525597269624,8,1,2.4,0.10277777777777777,0.5650000000000001,3,2,0.8,3,0,4,0,4,0,0,2,0,0,0,0,0,0,0,0,0,0,0,0,0,0,0,0,0,0,0,0,0,6,0,4,0,0,0,0,0,4.703509962515062,3.1467905510089276,5.812547806525153,0,0,0,0,4,0,0,0,8,0,0,0,0,0,0,0,0,0,0,0,0,0
2566,4,3,0.5,1,0.0,0.0,-0.4999999999999988,2,1,1.5,0.3333333333333333,0.625,3,2,0.5,4,1,0,0,0,0,0,0,0,0,0,1,0,0,0,1,0,1,0,0,0,0,0,0,0,0,0,4,0,0,0,0,0,0,0,0,0,3.686808796472883,3.593534218330731,3.772093665707306,0,3,0,0,0,0,0,0,0,0,1,1,1,1,1,1,1,1,1,0,0,0
2567,4,3,0.5,1,0.0,0.0,-1.0,3,1,1.5,0.25,0.7,2,1,0.75,2,0,0,0,0,0,0,2,0,0,0,0,0,2,0,0,0,0,0,0,0,0,0,0,0,0,0,4,0,0,0,0,0,0,0,0,0,3.7465670320480293,3.722928519377521,3.783431784609461,0,3,0,0,0,0,0,0,0,0,1,1,1,1,1,0,0,0,0,0,0,0
2572,5,4,0.4,1,0.0,0.0,-0.3333333333333333,2,1,1.6,0.3333333333333333,0.5219047619047619,4,2,0.6,1,0,0,0,0,0,0,0,0,0,0,0,0,0,0,0,0,0,5,0,0,0,0,0,0,0,0,5,0,0,0,0,0,0,0,0,0,3.6184245982173273,3.5019143791777565,3.691851753875147,0,4,0,0,0,0,0,0,0,0,1,1,1,0,0,0,0,0,0,0,0,0
2576,15,24,0.22857142857142856,1,0.0,0.0,-0.18331226295828282,6,1,3.2,0.11355311355311357,0.41898515681473764,6,3,0.5333333333333333,3,0,8,0,3,0,0,4,0,0,0,0,0,0,0,0,0,0,0,0,0,0,0,0,0,0,0,0,0,4,3,6,0,0,2,0,0,4.554687259112877,2.7594670497387255,5.946447536759725,0,0,0,0,4,0,0,0,17,3,0,0,0,0,0,0,0,0,0,0,0,0
2578,4,3,0.5,1,0.0,0.0,-0.4999999999999988,2,1,1.5,0.3333333333333333,0.625,3,2,0.5,2,0,0,0,0,0,0,2,0,0,0,0,2,0,0,0,0,0,0,0,0,0,0,0,0,0,0,0,0,2,0,2,0,0,0,0,0,4.884232523360714,4.082943033951084,5.384079436835625,0,0,0,0,0,0,0,0,3,0,1,1,0,0,0,0,0,0,0,0,0,0
2585,4,3,0.5,1,0.0,0.0,-0.4999999999999988,2,1,1.5,0.3333333333333333,0.625,3,2,0.5,2,0,0,0,0,0,0,0,0,0,0,3,0,0,0,0,0,0,0,0,1,0,0,0,0,0,0,4,0,0,0,0,0,0,0,0,0,3.5341084523320205,3.398557393066893,3.7131319445758453,0,3,0,0,0,0,0,0,0,0,1,1,1,1,1,1,1,1,1,0,0,0
2586,5,4,0.4,1,0.0,0.0,-1.0,4,1,1.6,0.2,0.6571428571428571,2,1,0.8,3,0,0,0,0,0,1,0,0,0,0,1,0,0,3,0,0,0,0,0,0,0,0,0,0,0,0,5,0,0,0,0,0,0,0,0,0,3.6707515731976805,3.52346345602892,3.745895945354351,0,4,0,0,0,0,0,0,0,0,0,0,0,0,0,0,0,0,0,0,0,0
2587,4,3,0.5,1,0.0,0.0,-0.4999999999999988,2,1,1.5,0.3333333333333333,0.625,3,2,0.5,2,0,0,0,0,0,0,0,0,0,0,1,0,0,3,0,0,0,0,0,0,0,0,0,0,0,0,4,0,0,0,0,0,0,0,0,0,3.64733729978605,3.5664322655868137,3.7204426892007367,0,3,0,0,0,0,0,0,0,0,1,1,1,1,1,1,1,1,1,0,0,0
2592,4,3,0.5,1,0.0,0.0,-1.0,3,1,1.5,0.25,0.7000000000000001,2,1,0.25,2,0,3,0,0,0,0,0,0,1,0,0,0,0,0,0,0,0,0,0,0,0,0,0,0,0,0,0,0,0,0,4,0,0,0,0,0,5.449201162520727,4.79535066194421,5.779858556272751,0,0,0,0,3,0,0,0,0,0,1,1,0,0,0,0,0,0,0,0,0,0
2594,9,8,0.2222222222222222,1,0.0,0.0,-0.7471264367816092,4,1,1.7777777777777777,0.23015873015873012,0.39903381642512076,5,3,0.3333333333333333,3,0,0,0,0,0,2,0,0,0,0,3,0,0,4,0,0,0,0,0,0,0,0,0,0,0,0,9,0,0,0,0,0,0,0,0,0,3.693687289085641,3.600779456221205,3.7535189241262876,0,8,0,0,0,0,0,0,0,0,0,0,0,0,0,0,0,0,0,0,0,0
2600,5,4,0.4,1,0.0,0.0,-0.6666666666666666,3,1,1.6,0.26666666666666666,0.5822222222222223,3,2,0.4,2,0,0,0,0,0,0,0,0,0,0,4,0,0,0,0,0,0,0,0,1,0,0,0,0,0,0,5,0,0,0,0,0,0,0,0,0,3.734926281592004,3.6786877760684837,3.7828901084228033,0,4,0,0,0,0,0,0,0,0,1,1,1,1,0,0,0,0,0,0,0,0
2625,4,3,0.5,1,0.0,0.0,-0.4999999999999988,2,1,1.5,0.3333333333333333,0.625,3,2,0.5,1,0,0,0,0,0,0,0,0,0,0,0,0,0,4,0,0,0,0,0,0,0,0,0,0,0,0,4,0,0,0,0,0,0,0,0,0,3.7096775222140734,3.6213437193260933,3.789798675955904,0,3,0,0,0,0,0,0,0,0,1,1,1,1,1,1,1,1,1,0,0,0
2628,4,3,0.5,1,0.0,0.0,-1.0,3,1,1.5,0.25,0.7000000000000001,2,1,0.75,2,0,0,0,0,0,0,0,0,0,0,0,3,0,0,0,0,0,0,1,0,0,0,0,0,0,0,4,0,0,0,0,0,0,0,0,0,3.6740013403565164,3.5189061355205884,3.751864340723175,0,3,0,0,0,0,0,0,0,0,1,1,1,1,1,0,0,0,0,0,0,0
2632,5,4,0.4,1,0.0,0.0,-0.6666666666666666,3,1,1.6,0.26666666666666666,0.5822222222222222,3,2,0.6,3,0,0,0,2,0,0,2,0,0,0,0,1,0,0,0,0,0,0,0,0,0,0,0,0,0,0,0,0,3,1,0,0,0,1,0,0,4.348374763337347,2.9986699936799384,5.767364617130388,0,0,0,0,2,0,0,0,1,1,0,0,0,0,0,0,0,0,0,0,0,0
2637,18,39,0.2549019607843137,1,0.0,0.0,-0.15489749430523894,8,1,4.333333333333333,0.07598039215686274,0.46977868395548444,5,3,0.5,5,0,8,0,2,0,0,4,0,2,0,0,2,0,0,0,0,0,0,0,0,2,0,0,0,0,0,0,0,5,1,6,0,0,4,0,0,4.252426960522535,2.8485088231140128,5.652787620618713,0,0,0,4,17,0,0,0,17,1,0,0,0,0,0,0,0,0,0,0,0,0
2638,24,45,0.16304347826086957,1,0.0,0.0,-0.07630979498861044,8,1,3.75,0.09782608695652173,0.33257417141625284,7,4,0.5833333333333334,5,0,3,1,0,0,0,1,0,0,0,0,0,0,8,0,0,0,11,0,0,2,2,1,0,1,0,2,12,1,0,2,0,0,1,0,0,2.798934382927993,1.5001856130101159,5.557572487864721,14,7,17,4,0,0,0,0,3,0,0,0,0,0,0,0,0,0,0,0,0,0
2639,4,3,0.5,1,0.0,0.0,-0.4999999999999988,2,1,1.5,0.3333333333333333,0.625,3,2,0.5,3,1,1,0,2,0,0,0,0,0,0,0,0,0,0,0,0,0,0,0,0,2,0,2,0,0,0,0,0,0,0,0,0,0,0,0,0,2.7632521510284795,2.7115979681280766,2.840280591820465,0,0,0,3,0,0,0,0,0,0,1,1,0,0,0,0,0,0,0,0,0,0
2640,14,15,0.16483516483516483,1,0.0,0.0,-0.5517241379310347,4,1,2.142857142857143,0.2087912087912088,0.2999318890022512,9,5,0.35714285714285715,5,0,5,1,5,0,0,2,0,0,0,0,0,0,0,0,0,0,1,0,0,2,0,3,0,0,0,0,0,3,2,4,0,0,0,0,0,3.962867958132528,2.0085025235980107,5.954754326676569,0,0,0,5,3,0,0,0,7,0,0,0,0,0,0,0,0,0,0,0,0,0
2646,22,46,0.19913419913419914,1,0.0,0.0,-0.04072398190045305,8,1,4.181818181818182,0.09025974025974026,0.3763105536313854,8,4,0.45454545454545453,5,0,2,1,0,0,0,2,0,0,0,0,0,0,7,0,0,0,10,0,0,0,3,0,0,0,0,7,12,0,0,0,0,0,0,0,0,2.741068219209929,1.665707118602385,3.795954394549975,15,13,18,0,0,0,0,0,0,0,0,0,0,0,0,0,0,0,0,0,0,0
2652,6,8,0.5333333333333333,1,0.0,0.0,-1.0,4,2,2.6666666666666665,0.11666666666666668,0.6944444444444445,2,2,0.3333333333333333,2,0,4,0,0,0,0,2,0,0,0,0,0,0,0,0,0,0,0,0,0,0,0,0,0,0,0,0,0,1,1,3,0,0,1,0,0,4.074024951866935,2.851383129252858,5.137809249663313,0,0,0,0,0,0,0,0,7,1,1,1,1,0,0,0,0,0,0,0,0,0
2658,6,8,0.5333333333333333,1,0.0,0.0,-1.0,4,2,2.6666666666666665,0.11666666666666668,0.6944444444444445,2,2,0.6666666666666666,2,0,4,0,0,0,0,2,0,0,0,0,0,0,0,0,0,0,0,0,0,0,0,0,0,0,0,0,0,1,1,3,0,0,1,0,0,3.727227213023265,2.6871398540288007,5.169873911809616,0,0,0,0,0,0,0,0,7,1,1,1,1,0,0,0,0,0,0,0,0,0
2659,5,5,0.5,1,0.0,0.0,-0.6666666666666623,3,1,2.0,0.19999999999999998,0.6409523809523809,3,2,0.6,3,0,0,0,2,0,0,1,0,2,0,0,0,0,0,0,0,0,0,0,0,0,0,0,0,0,0,0,0,2,1,1,0,0,1,0,0,4.344099588913603,2.9023184820545533,5.184765426351793,0,0,0,0,1,0,0,0,3,1,0,0,0,0,0,0,0,0,0,0,0,0
2660,4,3,0.5,1,0.0,0.0,-0.4999999999999988,2,1,1.5,0.3333333333333333,0.625,3,2,0.5,3,0,1,0,2,0,0,1,0,0,0,0,0,0,0,0,0,0,0,0,0,0,0,0,0,0,0,0,0,3,0,1,0,0,0,0,0,5.541012523905747,5.050208366286652,5.865634528635895,0,0,0,0,2,0,0,0,1,0,0,0,0,0,0,0,0,0,0,0,0,0
2664,8,7,0.25,1,0.0,0.0,-0.6666666666666642,3,1,1.75,0.30357142857142855,0.3697688737330681,6,3,0.375,2,0,0,0,0,0,0,0,0,0,0,0,0,0,3,0,0,0,0,5,0,0,1,0,0,0,0,2,5,0,0,0,0,0,0,0,0,3.457905197703827,3.110569889441542,3.733039641248035,1,3,3,0,0,0,0,0,0,0,0,0,0,0,0,0,0,0,0,0,0,0
2669,5,4,0.4,1,0.0,0.0,-0.6666666666666666,3,1,1.6,0.26666666666666666,0.5822222222222223,3,2,0.4,2,0,3,0,2,0,0,0,0,0,0,0,0,0,0,0,0,0,0,0,0,0,0,0,0,0,0,0,0,2,0,3,0,0,0,0,0,5.0659692387569475,4.15293708002242,5.82067315349767,0,0,0,0,0,0,0,0,4,0,0,0,0,0,0,0,0,0,0,0,0,0
2670,6,8,0.5333333333333333,1,0.0,0.0,-1.0,4,2,2.6666666666666665,0.1166666666666667,0.6944444444444445,2,2,0.6666666666666666,3,0,0,0,0,0,0,3,0,2,0,0,1,0,0,0,0,0,0,0,0,0,0,0,0,0,0,0,0,1,2,1,0,0,2,0,0,4.5031685029956705,2.82595327792727,5.837665297221165,0,0,0,0,2,0,0,0,4,2,0,0,0,0,0,0,0,0,0,0,0,0
2671,6,7,0.4666666666666667,1,0.0,0.0,-0.8666666666666683,4,1,2.3333333333333335,0.15000000000000002,0.638888888888889,3,2,0.6666666666666666,2,0,0,0,4,0,0,0,0,2,0,0,0,0,0,0,0,0,0,0,0,0,0,0,0,0,0,0,0,3,1,1,0,0,1,0,0,4.213160648303977,2.7583480241767737,4.901703222522795,0,0,0,0,0,0,0,0,6,1,1,1,0,0,0,0,0,0,0,0,0,0
2672,6,7,0.4666666666666667,1,0.0,0.0,-0.8666666666666683,4,1,2.3333333333333335,0.15,0.638888888888889,3,2,0.3333333333333333,2,0,0,0,4,0,0,0,0,2,0,0,0,0,0,0,0,0,0,0,0,0,0,0,0,0,0,0,0,3,1,1,0,0,1,0,0,4.175295043852757,2.8479541597294964,4.9941302483642795,0,0,0,0,0,0,0,0,6,1,1,1,0,0,0,0,0,0,0,0,0,0
2674,6,7,0.4666666666666667,1,0.0,0.0,-0.8666666666666683,4,1,2.3333333333333335,0.15000000000000002,0.638888888888889,3,2,0.6666666666666666,2,0,0,0,4,0,0,0,0,2,0,0,0,0,0,0,0,0,0,0,0,0,0,0,0,0,0,0,0,3,1,1,0,0,1,0,0,4.124737521170689,2.6146464035883534,4.771873539582052,0,0,0,0,0,0,0,0,6,1,1,1,0,0,0,0,0,0,0,0,0,0
2675,6,7,0.4666666666666667,1,0.0,0.0,-0.8666666666666683,4,1,2.3333333333333335,0.15,0.638888888888889,3,2,0.3333333333333333,2,0,0,0,4,0,0,0,0,2,0,0,0,0,0,0,0,0,0,0,0,0,0,0,0,0,0,0,0,3,1,1,0,0,1,0,0,4.156662101759307,2.6390088773170275,4.8043550106694815,0,0,0,0,0,0,0,0,6,1,1,1,0,0,0,0,0,0,0,0,0,0
2676,4,3,0.5,1,0.0,0.0,-0.4999999999999988,2,1,1.5,0.3333333333333333,0.625,3,2,0.5,1,0,0,0,0,0,0,0,0,4,0,0,0,0,0,0,0,0,0,0,0,0,0,0,0,0,0,0,0,0,0,2,0,2,0,0,0,4.444039751484639,3.0191882155225915,5.159140834056694,0,0,0,0,2,1,0,0,0,0,0,0,0,0,0,0,0,0,0,0,0,0
2677,8,16,0.5714285714285714,1,0.0,0.0,,4,4,4.0,0.07142857142857142,0.7,2,2,0.5,1,0,8,0,0,0,0,0,0,0,0,0,0,0,0,0,0,0,0,0,0,0,0,0,0,0,0,0,0,0,0,8,0,0,0,0,0,4.912372227485033,3.6325103393507594,5.692068518151901,0,0,0,0,16,0,0,0,0,0,0,0,0,0,0,0,0,0,0,0,0,0
2680,7,10,0.47619047619047616,1,0.0,0.0,-0.5000000000000006,4,2,2.857142857142857,0.1238095238095238,0.6248917748917748,3,2,0.42857142857142855,3,0,4,0,0,0,0,2,0,0,0,0,1,0,0,0,0,0,0,0,0,0,0,0,0,0,0,0,0,1,1,4,0,0,1,0,0,4.806693524615836,2.860824849122231,5.905967119649376,0,0,0,0,3,0,0,0,6,1,0,0,0,0,0,0,0,0,0,0,0,0
2682,4,3,0.5,1,0.0,0.0,-0.4999999999999988,2,1,1.5,0.3333333333333333,0.625,3,2,0.5,2,0,3,0,0,0,0,0,0,0,0,0,1,0,0,0,0,0,0,0,0,0,0,0,0,0,0,0,0,0,0,4,0,0,0,0,0,4.974891564210268,4.007180262135317,5.628778334505346,0,0,0,0,3,0,0,0,0,0,1,1,0,0,0,0,0,0,0,0,0,0
2684,6,5,0.3333333333333333,1,0.0,0.0,-0.3333333333333341,3,1,1.6666666666666667,0.26666666666666666,0.5081955081955082,4,2,0.5,3,0,0,0,0,0,1,0,0,0,0,3,0,0,0,0,0,0,0,2,0,0,0,0,0,0,0,6,0,0,0,0,0,0,0,0,0,3.6554790273619284,3.4679311769612196,3.7595709913838453,0,5,0,0,0,0,0,0,0,0,1,0,0,0,0,0,0,0,0,0,0,0
2693,5,4,0.4,1,0.0,0.0,-1.0,4,1,1.6,0.2,0.6571428571428571,2,1,0.8,2,0,4,0,0,0,0,0,0,0,0,0,1,0,0,0,0,0,0,0,0,0,0,0,0,0,0,0,0,0,0,5,0,0,0,0,0,4.71450700312117,3.380194838114496,5.45640869510693,0,0,0,0,4,0,0,0,0,0,1,0,0,0,0,0,0,0,0,0,0,0
2696,4,3,0.5,1,0.0,0.0,-0.4999999999999988,2,1,1.5,0.3333333333333333,0.625,3,2,0.5,4,0,0,0,0,0,1,0,0,0,1,1,0,0,0,0,0,0,0,1,0,0,0,0,0,0,0,4,0,0,0,0,0,0,0,0,0,3.5463857248506034,3.392467790964763,3.690131705733892,0,3,0,0,0,0,0,0,0,0,1,1,1,1,1,1,1,1,1,0,0,0
2701,6,5,0.3333333333333333,1,0.0,0.0,-0.3333333333333341,3,1,1.6666666666666667,0.26666666666666666,0.5081955081955082,4,2,0.5,1,0,0,0,0,0,0,0,0,0,0,0,0,0,6,0,0,0,0,0,0,0,0,0,0,0,0,3,3,0,0,0,0,0,0,0,0,3.5209984041607485,3.4010996925508263,3.6279743722435134,0,3,2,0,0,0,0,0,0,0,0,0,0,0,0,0,0,0,0,0,0,0
2703,5,4,0.4,1,0.0,0.0,-1.0,4,1,1.6,0.2,0.6571428571428571,2,1,0.8,2,0,4,0,0,0,0,0,0,0,0,0,1,0,0,0,0,0,0,0,0,0,0,0,0,0,0,0,0,0,0,5,0,0,0,0,0,4.28193824236276,4.132725240903904,4.658520005889591,0,0,0,0,4,0,0,0,0,0,1,0,0,0,0,0,0,0,0,0,0,0
2705,5,4,0.4,1,0.0,0.0,-1.0,4,1,1.6,0.2,0.6571428571428571,2,1,0.2,2,0,4,0,0,0,0,0,0,0,0,0,1,0,0,0,0,0,0,0,0,0,0,0,0,0,0,0,0,0,0,5,0,0,0,0,0,5.220050484696129,4.14473518911459,5.8555638614886805,0,0,0,0,4,0,0,0,0,0,1,0,0,0,0,0,0,0,0,0,0,0
2707,8,7,0.25,1,0.0,0.0,-0.16666666666667096,2,1,1.75,0.33333333333333326,0.34864267676767674,7,4,0.5,1,0,0,0,0,0,0,0,0,0,0,0,0,0,8,0,0,0,0,0,0,0,0,0,0,0,0,8,0,0,0,0,0,0,0,0,0,3.6079180374077278,3.4451167152778908,3.7814928635931535,0,7,0,0,0,0,0,0,0,0,0,0,0,0,0,0,0,0,0,0,0,0
2709,5,4,0.4,1,0.0,0.0,-0.6666666666666666,3,1,1.6,0.26666666666666666,0.5822222222222222,3,2,0.6,3,0,3,0,0,0,1,0,0,0,0,0,1,0,0,0,0,0,0,0,0,1,0,0,0,0,0,0,0,0,0,3,0,0,1,0,0,4.676713992992609,2.812039447927892,5.746845816786317,0,0,0,1,3,0,0,0,0,0,1,0,0,0,0,0,0,0,0,0,0,0
2713,6,5,0.3333333333333333,1,0.0,0.0,-0.7391304347826096,4,1,1.6666666666666667,0.21666666666666667,0.5625,3,2,0.3333333333333333,3,0,4,0,0,0,1,0,0,0,0,0,1,0,0,0,0,0,0,0,0,1,0,0,0,0,0,0,0,0,0,4,0,0,1,0,0,4.300881284654794,2.696903352920193,5.42644540516584,0,0,0,1,4,0,0,0,0,0,0,0,0,0,0,0,0,0,0,0,0,0
2715,12,15,0.22727272727272727,1,0.0,0.0,-0.565656565656564,6,1,2.5,0.1318181818181818,0.44781815005177017,5,3,0.5833333333333334,1,0,0,0,0,0,0,0,0,0,0,0,0,0,12,0,0,0,0,0,0,0,0,0,0,0,0,10,2,0,0,0,0,0,0,0,0,3.611875589208663,3.3983512017443043,3.781064985333351,0,14,1,0,0,0,0,0,0,0,0,0,0,0,0,0,0,0,0,0,0,0
2717,6,5,0.3333333333333333,1,0.0,0.0,-0.7391304347826096,4,1,1.6666666666666667,0.21666666666666667,0.5625,3,2,0.6666666666666666,3,0,4,0,0,0,1,0,0,0,0,0,1,0,0,0,0,0,0,0,0,1,0,0,0,0,0,0,0,0,0,4,0,0,1,0,0,3.4927729082043752,2.9747501579402122,4.276350916602474,0,0,0,1,4,0,0,0,0,0,0,0,0,0,0,0,0,0,0,0,0,0
2721,6,5,0.3333333333333333,1,0.0,0.0,-0.7391304347826096,4,1,1.6666666666666667,0.21666666666666667,0.5625,3,2,0.3333333333333333,3,0,4,0,0,0,1,0,0,0,0,0,1,0,0,0,0,0,0,0,0,1,0,0,0,0,0,0,0,0,0,4,0,0,1,0,0,4.206118981391462,2.635708624023181,5.265068422660891,0,0,0,1,4,0,0,0,0,0,0,0,0,0,0,0,0,0,0,0,0,0
2722,7,6,0.2857142857142857,1,0.0,0.0,-0.7760000000000005,5,1,1.7142857142857142,0.18095238095238095,0.5510204081632654,3,2,0.2857142857142857,2,0,4,0,0,0,0,3,0,0,0,0,0,0,0,0,0,0,0,0,0,0,0,0,0,0,0,0,0,3,0,4,0,0,0,0,0,4.917070275070729,3.8672985062911387,5.94505960348829,0,0,0,0,1,0,0,0,5,0,0,0,0,0,0,0,0,0,0,0,0,0
2723,4,3,0.5,1,0.0,0.0,-0.4999999999999988,2,1,1.5,0.3333333333333333,0.625,3,2,0.5,3,0,0,0,0,0,1,2,0,0,0,0,1,0,0,0,0,0,0,0,0,0,0,1,0,0,0,0,0,1,1,1,0,0,0,0,0,3.95341431603115,2.75202382154476,4.942037357808446,0,0,0,1,0,0,0,0,2,0,1,0,0,0,0,0,0,0,0,0,0,0
2724,12,18,0.2727272727272727,1,0.0,0.0,-0.08000000000000033,5,1,3.0,0.11969696969696968,0.4735326059416826,4,2,0.4166666666666667,4,0,5,0,4,0,0,0,0,0,0,0,2,0,0,1,0,0,0,0,0,1,0,0,0,0,0,0,0,4,0,6,0,0,1,0,0,4.919233266108527,2.7824109505791643,5.996376454434044,0,0,0,1,5,0,0,0,12,0,0,0,0,0,0,0,0,0,0,0,0,0
2725,10,12,0.26666666666666666,1,0.0,0.0,-0.4820717131474112,5,1,2.4,0.19722222222222222,0.4054383116883117,6,3,0.4,5,0,4,0,2,0,0,2,0,1,0,0,1,0,0,0,0,0,0,0,0,0,0,0,0,0,0,0,0,3,1,5,0,0,1,0,0,4.469859688541259,2.936847873030103,5.780071217855862,0,0,0,0,1,0,0,0,10,1,0,0,0,0,0,0,0,0,0,0,0,0
2728,4,3,0.5,1,0.0,0.0,-1.0,3,1,1.5,0.25,0.7000000000000001,2,1,0.25,2,0,3,0,0,0,0,0,0,0,0,0,1,0,0,0,0,0,0,0,0,0,0,0,0,0,0,0,0,0,0,4,0,0,0,0,0,5.132715255060088,4.1027293817640045,5.964043825843158,0,0,0,0,3,0,0,0,0,0,1,1,0,0,0,0,0,0,0,0,0,0
2729,5,4,0.4,1,0.0,0.0,-1.0,4,1,1.6,0.2,0.6571428571428571,2,1,0.8,2,0,4,0,0,0,0,0,0,0,0,0,1,0,0,0,0,0,0,0,0,0,0,0,0,0,0,0,0,0,0,5,0,0,0,0,0,4.474489601476532,3.7649598078732565,5.600555364274728,0,0,0,0,4,0,0,0,0,0,1,0,0,0,0,0,0,0,0,0,0,0
2730,15,31,0.29523809523809524,1,0.0,0.0,-0.6687173177483846,10,1,4.133333333333334,0.06813186813186814,0.542405651655835,3,2,0.6666666666666666,3,0,12,0,2,0,0,1,0,0,0,0,0,0,0,0,0,0,0,0,0,0,0,0,0,0,0,0,0,3,0,12,0,0,0,0,0,4.91615289796867,3.674463297292742,5.953522997205337,0,0,0,0,24,0,0,0,7,0,0,0,0,0,0,0,0,0,0,0,0,0
2733,20,32,0.16842105263157894,1,0.0,0.0,-0.4562647754137116,6,1,3.2,0.11052631578947365,0.3435294855407395,6,3,0.5,3,0,16,0,2,0,0,2,0,0,0,0,0,0,0,0,0,0,0,0,0,0,0,0,0,0,0,0,0,4,0,16,0,0,0,0,0,5.143045709860892,3.08151871016622,5.999645760328744,0,0,0,0,19,0,0,0,13,0,0,0,0,0,0,0,0,0,0,0,0,0
2738,5,4,0.4,1,0.0,0.0,-1.0,4,1,1.6,0.2,0.6571428571428571,2,1,0.2,2,0,4,0,0,0,0,0,0,0,0,0,1,0,0,0,0,0,0,0,0,0,0,0,0,0,0,0,0,0,0,5,0,0,0,0,0,5.170092428363953,4.6938818762815435,5.498774662205033,0,0,0,0,4,0,0,0,0,0,1,0,0,0,0,0,0,0,0,0,0,0
2739,12,30,0.45454545454545453,1,0.0,0.0,-0.3493723849372464,6,3,5.0,0.06363636363636363,0.6206018518518519,3,2,0.5,2,0,8,0,4,0,0,0,0,0,0,0,0,0,0,0,0,0,0,0,0,0,0,0,0,0,0,0,0,3,1,7,0,0,1,0,0,4.098308589130454,2.868944574182214,5.469828849996588,0,0,0,0,16,0,0,0,13,1,0,0,0,0,0,0,0,0,0,0,0,0
2744,4,3,0.5,1,0.0,0.0,-0.4999999999999988,2,1,1.5,0.3333333333333333,0.625,3,2,0.5,1,0,0,0,0,0,0,0,0,4,0,0,0,0,0,0,0,0,0,0,0,0,0,0,0,0,0,0,0,0,0,2,0,0,0,0,2,4.225560606198774,2.9057095964100887,4.893201430747348,0,0,0,0,2,0,0,1,0,0,1,0,0,0,0,0,0,0,0,0,0,0
2745,4,3,0.5,1,0.0,0.0,-1.0,3,1,1.5,0.25,0.7,2,1,0.25,2,0,3,0,0,0,0,0,0,0,0,0,1,0,0,0,0,0,0,0,0,0,0,0,0,0,0,0,0,0,0,4,0,0,0,0,0,5.327890389229382,4.683332998438062,5.768206120108428,0,0,0,0,3,0,0,0,0,0,1,1,0,0,0,0,0,0,0,0,0,0
2746,9,9,0.25,1,0.0,0.0,-0.12500000000000008,3,1,2.0,0.1984126984126984,0.4379932212884158,5,3,0.5555555555555556,1,0,0,0,0,0,0,0,0,0,0,0,0,0,0,0,0,0,0,9,0,0,0,0,0,0,0,3,6,0,0,0,0,0,0,0,0,3.5116768728105763,3.0129489048786247,3.787217635177502,0,4,5,0,0,0,0,0,0,0,0,0,0,0,0,0,0,0,0,0,0,0
2771,6,8,0.5333333333333333,1,0.0,0.0,-1.0,4,2,2.6666666666666665,0.1166666666666667,0.6944444444444445,2,2,0.3333333333333333,2,0,4,0,2,0,0,0,0,0,0,0,0,0,0,0,0,0,0,0,0,0,0,0,0,0,0,0,0,1,1,3,0,0,1,0,0,4.099613946632624,2.6364348207834953,5.842522578151146,0,0,0,0,0,0,0,0,7,1,1,1,1,0,0,0,0,0,0,0,0,0
2773,6,8,0.5333333333333333,1,0.0,0.0,-1.0,4,2,2.6666666666666665,0.1166666666666667,0.6944444444444445,2,2,0.6666666666666666,2,0,4,0,2,0,0,0,0,0,0,0,0,0,0,0,0,0,0,0,0,0,0,0,0,0,0,0,0,1,1,3,0,0,1,0,0,4.328135574228363,2.7658174439967294,5.96767354000223,0,0,0,0,0,0,0,0,7,1,1,1,1,0,0,0,0,0,0,0,0,0
2782,4,4,0.6666666666666666,1,0.0,0.0,,2,2,2.0,0.16666666666666666,0.75,2,2,0.5,1,0,0,0,0,0,0,4,0,0,0,0,0,0,0,0,0,0,0,0,0,0,0,0,0,0,0,0,0,4,0,0,0,0,0,0,0,4.2629953818037,3.0245151558622303,5.4674628641508365,0,0,0,0,4,0,0,0,0,0,1,1,0,0,0,0,0,0,0,0,0,0
2783,4,4,0.6666666666666666,1,0.0,0.0,,2,2,2.0,0.16666666666666666,0.75,2,2,0.5,1,0,0,0,0,0,0,4,0,0,0,0,0,0,0,0,0,0,0,0,0,0,0,0,0,0,0,0,0,4,0,0,0,0,0,0,0,4.2874790969232155,2.9834060865391376,5.544513193617768,0,0,0,0,4,0,0,0,0,0,1,1,0,0,0,0,0,0,0,0,0,0
2788,9,13,0.3611111111111111,1,0.0,0.0,-0.5402843601895733,5,1,2.888888888888889,0.11904761904761901,0.5620198247649228,3,2,0.5555555555555556,2,0,7,0,2,0,0,0,0,0,0,0,0,0,0,0,0,0,0,0,0,0,0,0,0,0,0,0,0,0,2,5,0,0,2,0,0,4.252575700868932,2.655378088241071,5.609906872428395,0,0,0,0,5,0,0,0,6,2,0,0,0,0,0,0,0,0,0,0,0,0
2792,4,4,0.6666666666666666,1,0.0,0.0,,2,2,2.0,0.16666666666666666,0.75,2,2,0.5,1,0,0,0,4,0,0,0,0,0,0,0,0,0,0,0,0,0,0,0,0,0,0,0,0,0,0,0,0,4,0,0,0,0,0,0,0,4.202021884121954,2.6716610225456336,5.3969432922867275,0,0,0,0,4,0,0,0,0,0,1,1,0,0,0,0,0,0,0,0,0,0
2795,9,13,0.3611111111111111,1,0.0,0.0,-0.5402843601895733,5,1,2.888888888888889,0.11904761904761901,0.5620198247649228,3,2,0.4444444444444444,2,0,7,0,2,0,0,0,0,0,0,0,0,0,0,0,0,0,0,0,0,0,0,0,0,0,0,0,0,0,2,5,0,0,2,0,0,4.305993899434181,2.7741723212297464,5.885501558551065,0,0,0,0,5,0,0,0,6,2,0,0,0,0,0,0,0,0,0,0,0,0
2815,4,3,0.5,1,0.0,0.0,-0.4999999999999988,2,1,1.5,0.3333333333333333,0.625,3,2,0.5,2,0,0,0,0,0,0,0,0,0,0,2,0,0,0,0,0,2,0,0,0,0,0,0,0,0,0,4,0,0,0,0,0,0,0,0,0,3.696958202616194,3.6808086068320565,3.7270901056559396,0,3,0,0,0,0,0,0,0,0,1,1,1,1,1,1,1,1,1,0,0,0
2817,9,13,0.3611111111111111,1,0.0,0.0,-0.5402843601895733,5,1,2.888888888888889,0.11904761904761904,0.5620198247649228,3,2,0.5555555555555556,2,0,7,0,2,0,0,0,0,0,0,0,0,0,0,0,0,0,0,0,0,0,0,0,0,0,0,0,0,1,1,6,0,0,1,0,0,4.366391946617794,2.849863105704134,5.722428662156477,0,0,0,0,5,0,0,0,7,1,0,0,0,0,0,0,0,0,0,0,0,0
2820,4,4,0.6666666666666666,1,0.0,0.0,,2,2,2.0,0.16666666666666666,0.75,2,2,0.5,1,0,0,0,4,0,0,0,0,0,0,0,0,0,0,0,0,0,0,0,0,0,0,0,0,0,0,0,0,4,0,0,0,0,0,0,0,4.216124720828368,2.6941399464676428,5.416640498843386,0,0,0,0,4,0,0,0,0,0,1,1,0,0,0,0,0,0,0,0,0,0
2822,9,18,0.5,1,0.0,0.0,-0.5652173913043409,5,3,4.0,0.07936507936507936,0.6508898508898509,3,2,0.4444444444444444,2,0,7,0,2,0,0,0,0,0,0,0,0,0,0,0,0,0,0,0,0,0,0,0,0,0,0,0,0,0,2,5,0,0,2,0,0,4.4403981990670305,2.4897645710453356,5.967197565374536,0,0,0,0,10,0,0,0,5,3,0,0,0,0,0,0,0,0,0,0,0,0
2841,6,5,0.3333333333333333,1,0.0,0.0,-0.7391304347826096,4,1,1.6666666666666667,0.21666666666666667,0.5625000000000001,3,2,0.3333333333333333,2,0,0,0,0,0,0,0,0,0,0,4,0,0,0,0,0,2,0,0,0,0,0,0,0,0,0,6,0,0,0,0,0,0,0,0,0,3.726383245648254,3.62679045742046,3.798007964695166,0,5,0,0,0,0,0,0,0,0,1,1,0,0,0,0,0,0,0,0,0,0
2843,9,13,0.3611111111111111,1,0.0,0.0,-0.5402843601895733,5,1,2.888888888888889,0.11904761904761904,0.5620198247649228,3,2,0.5555555555555556,2,0,7,0,2,0,0,0,0,0,0,0,0,0,0,0,0,0,0,0,0,0,0,0,0,0,0,0,0,0,2,5,0,0,2,0,0,4.299178877514527,2.794002617337001,5.692436835437325,0,0,0,0,5,0,0,0,6,2,0,0,0,0,0,0,0,0,0,0,0,0
2846,4,4,0.6666666666666666,1,0.0,0.0,,2,2,2.0,0.16666666666666666,0.75,2,2,0.5,1,0,0,0,4,0,0,0,0,0,0,0,0,0,0,0,0,0,0,0,0,0,0,0,0,0,0,0,0,4,0,0,0,0,0,0,0,4.2446492711095285,2.7164991839511874,5.436706200023386,0,0,0,0,4,0,0,0,0,0,1,1,0,0,0,0,0,0,0,0,0,0
2848,9,13,0.3611111111111111,1,0.0,0.0,-0.5402843601895733,5,1,2.888888888888889,0.11904761904761901,0.5620198247649228,3,2,0.4444444444444444,2,0,7,0,2,0,0,0,0,0,0,0,0,0,0,0,0,0,0,0,0,0,0,0,0,0,0,0,0,0,2,5,0,0,2,0,0,4.208104050347356,2.6712511598455024,5.666379479527941,0,0,0,0,5,0,0,0,6,2,0,0,0,0,0,0,0,0,0,0,0,0
2849,4,3,0.5,1,0.0,0.0,-1.0,3,1,1.5,0.25,0.7000000000000001,2,1,0.75,3,1,0,0,0,0,0,0,0,0,0,0,0,0,2,0,0,0,1,0,0,0,0,0,0,0,0,4,0,0,0,0,0,0,0,0,0,3.594357549886228,3.4274407119160273,3.6996317500404627,0,3,0,0,0,0,0,0,0,0,1,1,1,1,1,0,0,0,0,0,0,0
2863,6,6,0.4,1,0.0,0.0,-0.8000000000000019,3,1,2.0,0.21666666666666667,0.5555555555555555,4,2,0.6666666666666666,3,0,0,0,2,0,0,3,0,0,0,0,1,0,0,0,0,0,0,0,0,0,0,0,0,0,0,0,0,5,0,1,0,0,0,0,0,4.776393105926118,3.13872815676369,5.93072333765112,0,0,0,0,4,0,0,0,2,0,0,0,0,0,0,0,0,0,0,0,0,0
2864,8,7,0.25,1,0.0,0.0,-0.5866666666666661,4,1,1.75,0.20833333333333331,0.46497326203208555,4,2,0.625,3,0,1,0,1,0,0,0,0,6,0,0,0,0,0,0,0,0,0,0,0,0,2,0,0,0,0,0,0,1,0,3,0,2,0,0,0,4.181604020061548,3.1325790656052703,5.5707769986393645,2,0,0,0,3,1,0,0,1,0,0,0,0,0,0,0,0,0,0,0,0,0
2866,5,5,0.5,1,0.0,0.0,-0.6666666666666623,3,1,2.0,0.19999999999999998,0.6409523809523808,3,2,0.6,3,1,0,0,2,0,0,0,0,2,0,0,0,0,0,0,0,0,0,0,0,1,0,0,0,0,0,0,0,2,0,1,0,0,1,0,0,4.341139317653862,2.9653847821581367,5.847545880463679,0,0,0,1,0,0,0,0,4,0,0,0,0,0,0,0,0,0,0,0,0,0
2871,4,3,0.5,1,0.0,0.0,-0.4999999999999988,2,1,1.5,0.3333333333333333,0.625,3,2,0.5,3,0,2,1,0,0,0,0,0,0,0,0,0,0,0,0,1,0,0,0,0,2,0,2,0,0,0,0,0,0,0,0,0,0,0,0,0,2.7450052593660756,2.6464259988692103,2.823421245013822,0,0,0,3,0,0,0,0,0,0,1,1,0,0,0,0,0,0,0,0,0,0
2872,8,8,0.2857142857142857,1,0.0,0.0,-0.6296296296296297,4,1,2.0,0.16666666666666669,0.51875,3,2,0.5,1,0,8,0,0,0,0,0,0,0,0,0,0,0,0,0,0,0,0,0,0,0,0,0,0,0,0,0,0,0,0,8,0,0,0,0,0,5.16527306577249,3.8613499648452554,5.829286191772088,0,0,0,0,8,0,0,0,0,0,0,0,0,0,0,0,0,0,0,0,0,0
2875,6,6,0.4,1,0.0,0.0,-0.09090909090909247,3,1,2.0,0.2333333333333333,0.5366855366855368,4,2,0.5,2,0,0,0,2,0,0,4,0,0,0,0,0,0,0,0,0,0,0,0,0,0,0,0,0,0,0,0,0,6,0,0,0,0,0,0,0,4.457323941676775,2.8256811241762834,5.8566694041851965,0,0,0,0,6,0,0,0,0,0,0,0,0,0,0,0,0,0,0,0,0,0
2877,7,7,0.3333333333333333,1,0.0,0.0,-0.45833333333333387,3,1,2.0,0.23809523809523808,0.4769602946073535,5,3,0.5714285714285714,4,1,0,0,2,0,0,3,0,0,0,0,1,0,0,0,0,0,0,0,0,1,0,0,0,0,0,0,0,5,0,0,0,0,1,0,0,4.126667393685318,2.82209745731544,5.757656203959209,0,0,0,1,5,0,0,0,1,0,0,0,0,0,0,0,0,0,0,0,0,0
2888,6,5,0.3333333333333333,1,0.0,0.0,-0.250000000000004,2,1,1.6666666666666667,0.3333333333333333,0.4478114478114478,5,3,0.5,3,0,0,2,2,0,0,0,0,0,0,0,0,2,0,0,0,0,0,0,0,2,0,2,0,0,0,0,0,0,2,0,0,0,0,0,0,3.286002746076383,2.644918888273473,5.434881442571148,0,0,0,4,1,0,0,0,0,0,0,0,0,0,0,0,0,0,0,0,0,0
2902,5,4,0.4,1,0.0,0.0,-0.3333333333333333,2,1,1.6,0.3333333333333333,0.5219047619047619,4,2,0.4,3,0,0,0,0,0,0,2,0,0,0,2,0,1,0,0,0,0,0,0,0,0,0,0,0,0,0,5,0,0,0,0,0,0,0,0,0,3.637736640985258,3.424600491323419,3.761246577186557,0,4,0,0,0,0,0,0,0,0,1,1,1,0,0,0,0,0,0,0,0,0
2907,4,3,0.5,1,0.0,0.0,-0.4999999999999988,2,1,1.5,0.3333333333333333,0.625,3,2,0.5,4,0,0,0,0,0,0,1,0,0,0,0,0,1,0,0,0,0,0,1,1,0,0,0,0,0,0,4,0,0,0,0,0,0,0,0,0,3.7015980574783747,3.561353630011164,3.7767894780045217,0,3,0,0,0,0,0,0,0,0,1,1,1,1,1,1,1,1,1,0,0,0
2918,4,3,0.5,1,0.0,0.0,-0.4999999999999988,2,1,1.5,0.3333333333333333,0.625,3,2,0.5,3,0,0,0,0,0,0,0,0,0,0,0,1,0,0,0,0,1,0,2,0,0,0,0,0,0,0,4,0,0,0,0,0,0,0,0,0,3.6217780229565193,3.606378678244572,3.634127636364323,0,3,0,0,0,0,0,0,0,0,1,1,1,1,1,1,1,1,1,0,0,0
2921,10,10,0.2222222222222222,1,0.0,0.0,-0.17021276595744744,4,1,2.0,0.20833333333333331,0.39387006375976963,6,3,0.4,3,0,0,0,0,0,0,0,0,0,0,2,0,0,0,1,0,0,0,7,0,0,2,0,0,0,0,6,2,0,0,0,0,0,0,0,0,3.5285083860610866,3.0286259295515046,3.790736228023836,2,7,1,0,0,0,0,0,0,0,0,0,0,0,0,0,0,0,0,0,0,0
2924,4,3,0.5,1,0.0,0.0,-1.0,3,1,1.5,0.25,0.7000000000000001,2,1,0.25,2,0,0,0,1,0,0,0,0,0,0,0,0,0,3,0,0,0,0,0,0,0,0,0,0,0,0,4,0,0,0,0,0,0,0,0,0,3.609715348138694,3.493706431030989,3.6833146139023096,0,3,0,0,0,0,0,0,0,0,1,1,1,1,1,0,0,0,0,0,0,0
2926,7,9,0.42857142857142855,1,0.0,0.0,-0.666666666666667,4,1,2.5714285714285716,0.14285714285714285,0.6045145330859617,3,2,0.5714285714285714,3,0,4,0,0,0,0,2,0,0,0,0,1,0,0,0,0,0,0,0,0,0,0,0,0,0,0,0,0,0,2,3,0,0,2,0,0,3.9246217148915923,2.7884909484876457,5.734952471543994,0,0,0,0,1,0,0,0,6,2,0,0,0,0,0,0,0,0,0,0,0,0
2929,6,8,0.5333333333333333,1,0.0,0.0,-1.0,4,2,2.6666666666666665,0.1166666666666667,0.6944444444444445,2,2,0.3333333333333333,2,0,4,0,0,0,0,2,0,0,0,0,0,0,0,0,0,0,0,0,0,0,0,0,0,0,0,0,0,1,1,3,0,0,1,0,0,3.7465652910231713,2.734088462252873,5.125368555995805,0,0,0,0,0,0,0,0,7,1,1,1,1,0,0,0,0,0,0,0,0,0
2931,5,4,0.4,1,0.0,0.0,-0.3333333333333333,2,1,1.6,0.3333333333333333,0.5219047619047619,4,2,0.6,3,0,0,0,0,0,0,0,0,0,0,0,2,0,0,0,0,1,0,2,0,0,0,0,0,0,0,5,0,0,0,0,0,0,0,0,0,3.678168482139289,3.593043791390336,3.7802600175875107,0,4,0,0,0,0,0,0,0,0,1,1,1,0,0,0,0,0,0,0,0,0
2946,4,3,0.5,1,0.0,0.0,-1.0,3,1,1.5,0.25,0.7000000000000001,2,1,0.25,3,0,0,0,0,0,0,0,0,0,0,0,2,0,0,0,0,1,0,1,0,0,0,0,0,0,0,4,0,0,0,0,0,0,0,0,0,3.752587990951993,3.7057815924607937,3.791871619948897,0,3,0,0,0,0,0,0,0,0,1,1,1,1,1,0,0,0,0,0,0,0
2950,11,11,0.2,1,0.0,0.0,-0.3508771929824541,3,1,2.0,0.23636363636363636,0.3348884271877321,7,4,0.45454545454545453,3,0,0,0,0,0,0,0,0,0,0,2,0,2,0,0,0,0,0,7,0,0,2,0,0,0,0,5,4,0,0,0,0,0,0,0,0,3.46246802929003,2.9390575477030207,3.6882031882452404,3,5,3,0,0,0,0,0,0,0,0,0,0,0,0,0,0,0,0,0,0,0
2954,7,9,0.42857142857142855,1,0.0,0.0,-0.666666666666667,4,1,2.5714285714285716,0.14285714285714285,0.6045145330859617,3,2,0.5714285714285714,3,0,4,0,0,0,0,2,0,0,0,0,1,0,0,0,0,0,0,0,0,0,0,0,0,0,0,0,0,1,1,4,0,0,1,0,0,4.0089233556584025,2.875321208205519,5.6812397893246525,0,0,0,0,1,0,0,0,7,1,0,0,0,0,0,0,0,0,0,0,0,0
2957,7,9,0.42857142857142855,1,0.0,0.0,-0.666666666666667,4,1,2.5714285714285716,0.14285714285714285,0.6045145330859617,3,2,0.42857142857142855,3,0,4,0,0,0,0,2,0,0,0,0,1,0,0,0,0,0,0,0,0,0,0,0,0,0,0,0,0,2,0,5,0,0,0,0,0,4.048259654965373,3.0117781656229066,5.945929801715586,0,0,0,0,1,0,0,0,8,0,0,0,0,0,0,0,0,0,0,0,0,0
2962,4,3,0.5,1,0.0,0.0,-0.4999999999999988,2,1,1.5,0.3333333333333333,0.625,3,2,0.5,1,0,0,0,0,0,0,4,0,0,0,0,0,0,0,0,0,0,0,0,0,0,0,0,0,0,0,0,0,4,0,0,0,0,0,0,0,4.884919465406559,4.160499949776808,5.877881140148566,0,0,0,0,3,0,0,0,0,0,1,1,0,0,0,0,0,0,0,0,0,0
2969,5,4,0.4,1,0.0,0.0,-0.3333333333333333,2,1,1.6,0.3333333333333333,0.5219047619047619,4,2,0.4,2,0,1,0,4,0,0,0,0,0,0,0,0,0,0,0,0,0,0,0,0,0,0,0,0,0,0,0,0,4,0,1,0,0,0,0,0,5.155211557051672,4.05513358482248,5.870964140933167,0,0,0,0,3,0,0,0,1,0,0,0,0,0,0,0,0,0,0,0,0,0
2973,5,4,0.4,1,0.0,0.0,-0.3333333333333333,2,1,1.6,0.3333333333333333,0.5219047619047619,4,2,0.6,2,0,1,0,4,0,0,0,0,0,0,0,0,0,0,0,0,0,0,0,0,0,0,0,0,0,0,0,0,4,0,1,0,0,0,0,0,5.104050753927348,3.945763542326681,5.981416034882434,0,0,0,0,3,0,0,0,1,0,0,0,0,0,0,0,0,0,0,0,0,0
2980,8,11,0.39285714285714285,1,0.0,0.0,-0.9642857142857144,6,1,2.75,0.10714285714285714,0.6239583333333334,3,2,0.75,3,0,4,0,2,0,0,2,0,0,0,0,0,0,0,0,0,0,0,0,0,0,0,0,0,0,0,0,0,4,0,4,0,0,0,0,0,4.696413214587496,3.096456138860173,5.7651116839484775,0,0,0,0,4,0,0,0,7,0,0,0,0,0,0,0,0,0,0,0,0,0
2982,4,4,0.6666666666666666,1,0.0,0.0,,2,2,2.0,0.16666666666666666,0.75,2,2,0.5,2,0,0,0,2,0,0,2,0,0,0,0,0,0,0,0,0,0,0,0,0,0,0,0,0,0,0,0,0,4,0,0,0,0,0,0,0,4.307514828151795,2.773179671380385,5.887626931749326,0,0,0,0,4,0,0,0,0,0,1,1,0,0,0,0,0,0,0,0,0,0
2992,5,4,0.4,1,0.0,0.0,-1.0,4,1,1.6,0.2,0.6571428571428571,2,1,0.8,2,0,4,0,0,0,0,0,0,0,0,0,1,0,0,0,0,0,0,0,0,0,0,0,0,0,0,0,0,0,0,5,0,0,0,0,0,5.40636494505756,4.63929789494415,5.855752240121251,0,0,0,0,4,0,0,0,0,0,1,0,0,0,0,0,0,0,0,0,0,0
2994,7,8,0.38095238095238093,1,0.0,0.0,-0.6,4,1,2.2857142857142856,0.16190476190476186,0.5710979496693782,3,2,0.42857142857142855,1,0,0,0,0,0,0,0,0,0,0,0,0,0,0,0,0,0,7,0,0,0,0,0,0,0,0,2,5,0,0,0,0,0,0,0,0,3.5084092683199737,3.0984399939429434,3.789310652136756,0,4,4,0,0,0,0,0,0,0,0,0,0,0,0,0,0,0,0,0,0,0
3006,9,9,0.25,1,0.0,0.0,0.15624999999999944,3,1,2.0,0.23809523809523808,0.3933210643355571,6,3,0.4444444444444444,3,0,1,0,0,0,0,0,0,0,0,2,0,0,0,0,0,0,6,0,0,0,0,0,0,0,0,5,4,0,0,0,0,0,0,0,0,3.3569048504200403,3.026689214681988,3.7240550727593518,0,6,3,0,0,0,0,0,0,0,0,0,0,0,0,0,0,0,0,0,0,0
3009,4,3,0.5,1,0.0,0.0,-0.4999999999999988,2,1,1.5,0.3333333333333333,0.625,3,2,0.5,3,0,0,0,0,1,0,0,0,0,0,0,0,0,2,1,0,0,0,0,0,0,0,0,0,0,0,4,0,0,0,0,0,0,0,0,0,3.720749218798108,3.6682442864333664,3.7859693773576013,0,3,0,0,0,0,0,0,0,0,1,1,1,1,1,1,1,1,1,0,0,0
3015,9,13,0.3611111111111111,1,0.0,0.0,-0.5402843601895733,5,1,2.888888888888889,0.11904761904761901,0.5620198247649228,3,2,0.5555555555555556,2,0,7,0,2,0,0,0,0,0,0,0,0,0,0,0,0,0,0,0,0,0,0,0,0,0,0,0,0,1,1,6,0,0,1,0,0,4.230913181621318,2.6611903777758164,5.318074360673697,0,0,0,0,5,0,0,0,7,1,0,0,0,0,0,0,0,0,0,0,0,0
3019,9,13,0.3611111111111111,1,0.0,0.0,-0.5402843601895733,5,1,2.888888888888889,0.11904761904761901,0.5620198247649228,3,2,0.4444444444444444,2,0,7,0,2,0,0,0,0,0,0,0,0,0,0,0,0,0,0,0,0,0,0,0,0,0,0,0,0,1,1,6,0,0,1,0,0,4.3267365217073985,2.7811541776816924,5.456070371089393,0,0,0,0,5,0,0,0,7,1,0,0,0,0,0,0,0,0,0,0,0,0
3037,9,13,0.3611111111111111,1,0.0,0.0,-0.5402843601895733,5,1,2.888888888888889,0.11904761904761904,0.5620198247649228,3,2,0.5555555555555556,2,0,7,0,2,0,0,0,0,0,0,0,0,0,0,0,0,0,0,0,0,0,0,0,0,0,0,0,0,1,1,6,0,0,1,0,0,4.258613678508264,2.693214953475769,5.389711437740491,0,0,0,0,5,0,0,0,7,1,0,0,0,0,0,0,0,0,0,0,0,0
3040,4,4,0.6666666666666666,1,0.0,0.0,,2,2,2.0,0.16666666666666666,0.75,2,2,0.5,2,0,0,0,0,0,0,0,0,0,0,2,0,0,0,0,0,2,0,0,0,0,0,0,0,0,0,4,0,0,0,0,0,0,0,0,0,3.6884702217012055,3.481586652970045,3.7937029016289534,0,4,0,0,0,0,0,0,0,0,1,1,0,0,0,0,0,0,0,0,0,0
3041,9,13,0.3611111111111111,1,0.0,0.0,-0.5402843601895733,5,1,2.888888888888889,0.119047619047619,0.5620198247649228,3,2,0.4444444444444444,2,0,7,0,2,0,0,0,0,0,0,0,0,0,0,0,0,0,0,0,0,0,0,0,0,0,0,0,0,1,1,6,0,0,1,0,0,4.333374537297447,2.768297973654158,5.449708551489929,0,0,0,0,5,0,0,0,7,1,0,0,0,0,0,0,0,0,0,0,0,0
3057,9,13,0.3611111111111111,1,0.0,0.0,-0.5402843601895733,5,1,2.888888888888889,0.11904761904761904,0.5620198247649228,3,2,0.5555555555555556,2,0,7,0,2,0,0,0,0,0,0,0,0,0,0,0,0,0,0,0,0,0,0,0,0,0,0,0,0,1,1,6,0,0,1,0,0,4.273038560498002,2.7248724458166294,5.422634770461065,0,0,0,0,5,0,0,0,7,1,0,0,0,0,0,0,0,0,0,0,0,0
3061,9,13,0.3611111111111111,1,0.0,0.0,-0.5402843601895733,5,1,2.888888888888889,0.11904761904761901,0.5620198247649228,3,2,0.4444444444444444,2,0,7,0,2,0,0,0,0,0,0,0,0,0,0,0,0,0,0,0,0,0,0,0,0,0,0,0,0,1,1,6,0,0,1,0,0,4.330144045546456,2.791574396524156,5.485241248454316,0,0,0,0,5,0,0,0,7,1,0,0,0,0,0,0,0,0,0,0,0,0
3071,4,3,0.5,1,0.0,0.0,-0.4999999999999988,2,1,1.5,0.3333333333333333,0.625,3,2,0.5,3,0,0,0,0,1,0,0,0,0,0,0,0,0,2,1,0,0,0,0,0,0,0,0,0,0,0,4,0,0,0,0,0,0,0,0,0,3.649483453519043,3.6224994657180614,3.6899697137309118,0,3,0,0,0,0,0,0,0,0,1,1,1,1,1,1,1,1,1,0,0,0
3072,4,3,0.5,1,0.0,0.0,-0.4999999999999988,2,1,1.5,0.3333333333333333,0.625,3,2,0.5,3,0,0,0,0,1,0,0,0,0,0,0,0,0,2,1,0,0,0,0,0,0,0,0,0,0,0,4,0,0,0,0,0,0,0,0,0,3.700651976906338,3.5822216154980104,3.797096628498879,0,3,0,0,0,0,0,0,0,0,1,1,1,1,1,1,1,1,1,0,0,0
3078,9,13,0.3611111111111111,1,0.0,0.0,-0.5402843601895733,5,1,2.888888888888889,0.11904761904761904,0.5620198247649228,3,2,0.5555555555555556,2,0,7,0,2,0,0,0,0,0,0,0,0,0,0,0,0,0,0,0,0,0,0,0,0,0,0,0,0,1,1,6,0,0,1,0,0,4.287466918671931,2.696773695869492,5.373552802744345,0,0,0,0,5,0,0,0,7,1,0,0,0,0,0,0,0,0,0,0,0,0
3082,9,13,0.3611111111111111,1,0.0,0.0,-0.5402843601895733,5,1,2.888888888888889,0.11904761904761901,0.5620198247649228,3,2,0.4444444444444444,2,0,7,0,2,0,0,0,0,0,0,0,0,0,0,0,0,0,0,0,0,0,0,0,0,0,0,0,0,1,1,6,0,0,1,0,0,4.279380585302816,2.7014488629145896,5.438485186746846,0,0,0,0,5,0,0,0,7,1,0,0,0,0,0,0,0,0,0,0,0,0
3094,4,3,0.5,1,0.0,0.0,-0.4999999999999988,2,1,1.5,0.3333333333333333,0.625,3,2,0.5,3,0,0,0,0,1,0,0,0,0,0,0,0,0,2,1,0,0,0,0,0,0,0,0,0,0,0,4,0,0,0,0,0,0,0,0,0,3.674687515292398,3.593596561259645,3.7823049205785133,0,3,0,0,0,0,0,0,0,0,1,1,1,1,1,1,1,1,1,0,0,0
3101,9,13,0.3611111111111111,1,0.0,0.0,-0.5402843601895733,5,1,2.888888888888889,0.11904761904761904,0.5620198247649228,3,2,0.5555555555555556,2,0,7,0,2,0,0,0,0,0,0,0,0,0,0,0,0,0,0,0,0,0,0,0,0,0,0,0,0,1,1,6,0,0,1,0,0,4.2664055228996824,2.7083666025649493,5.439041391301132,0,0,0,0,5,0,0,0,7,1,0,0,0,0,0,0,0,0,0,0,0,0
3104,9,13,0.3611111111111111,1,0.0,0.0,-0.5402843601895733,5,1,2.888888888888889,0.11904761904761901,0.5620198247649228,3,2,0.4444444444444444,2,0,7,0,2,0,0,0,0,0,0,0,0,0,0,0,0,0,0,0,0,0,0,0,0,0,0,0,0,1,1,6,0,0,1,0,0,4.299451883405315,2.7549651693725594,5.462574441692921,0,0,0,0,5,0,0,0,7,1,0,0,0,0,0,0,0,0,0,0,0,0
3119,9,13,0.3611111111111111,1,0.0,0.0,-0.5402843601895733,5,1,2.888888888888889,0.11904761904761901,0.5620198247649228,3,2,0.5555555555555556,2,0,7,0,2,0,0,0,0,0,0,0,0,0,0,0,0,0,0,0,0,0,0,0,0,0,0,0,0,1,1,6,0,0,1,0,0,4.405292591220126,2.8812870880493877,5.74509926815873,0,0,0,0,5,0,0,0,7,1,0,0,0,0,0,0,0,0,0,0,0,0
3122,4,3,0.5,1,0.0,0.0,-0.4999999999999988,2,1,1.5,0.3333333333333333,0.625,3,2,0.5,2,0,0,0,0,0,0,0,0,0,0,2,0,0,0,0,0,2,0,0,0,0,0,0,0,0,0,4,0,0,0,0,0,0,0,0,0,3.646752603690242,3.4661648205569766,3.7529273920387207,0,3,0,0,0,0,0,0,0,0,1,1,1,1,1,1,1,1,1,0,0,0
3123,9,13,0.3611111111111111,1,0.0,0.0,-0.5402843601895733,5,1,2.888888888888889,0.11904761904761904,0.5620198247649228,3,2,0.4444444444444444,2,0,7,0,2,0,0,0,0,0,0,0,0,0,0,0,0,0,0,0,0,0,0,0,0,0,0,0,0,1,1,6,0,0,1,0,0,4.371794422606576,2.8576721686522353,5.698805464418918,0,0,0,0,5,0,0,0,7,1,0,0,0,0,0,0,0,0,0,0,0,0
3128,4,3,0.5,1,0.0,0.0,-1.0,3,1,1.5,0.25,0.7000000000000001,2,1,0.75,2,0,0,0,0,0,0,0,0,0,1,0,0,0,3,0,0,0,0,0,0,0,0,0,0,0,0,4,0,0,0,0,0,0,0,0,0,3.749300048869969,3.6868887126934062,3.7965761266418347,0,3,0,0,0,0,0,0,0,0,1,1,1,1,1,0,0,0,0,0,0,0
3138,4,3,0.5,1,0.0,0.0,-0.4999999999999988,2,1,1.5,0.3333333333333333,0.625,3,2,0.5,2,0,0,0,2,0,0,0,0,0,0,0,0,0,0,0,2,0,0,0,0,0,0,2,0,0,0,0,0,0,2,0,0,0,0,0,0,3.4414431845755877,2.575376838346871,5.118110213728782,0,0,0,2,1,0,0,0,0,0,0,0,0,0,0,0,0,0,0,0,0,0
3143,4,3,0.5,1,0.0,0.0,-0.4999999999999988,2,1,1.5,0.3333333333333333,0.625,3,2,0.5,2,0,0,0,0,0,0,1,0,0,0,3,0,0,0,0,0,0,0,0,0,0,0,0,0,0,0,4,0,0,0,0,0,0,0,0,0,3.6151146956729683,3.5111688438103474,3.6699576924970723,0,3,0,0,0,0,0,0,0,0,1,1,1,1,1,1,1,1,1,0,0,0
3149,4,3,0.5,1,0.0,0.0,-0.4999999999999988,2,1,1.5,0.3333333333333333,0.625,3,2,0.5,1,0,4,0,0,0,0,0,0,0,0,0,0,0,0,0,0,0,0,0,0,0,0,0,0,0,0,0,0,0,0,4,0,0,0,0,0,5.3790020461050405,4.624115024279491,5.8552076479764885,0,0,0,0,3,0,0,0,0,0,1,1,0,0,0,0,0,0,0,0,0,0
3157,5,4,0.4,1,0.0,0.0,-0.6666666666666666,3,1,1.6,0.26666666666666666,0.5822222222222223,3,2,0.4,2,0,4,0,1,0,0,0,0,0,0,0,0,0,0,0,0,0,0,0,0,0,0,0,0,0,0,0,0,1,0,4,0,0,0,0,0,5.632367510976686,5.284781967177591,5.977942245532439,0,0,0,0,3,0,0,0,1,0,0,0,0,0,0,0,0,0,0,0,0,0
3158,7,9,0.42857142857142855,1,0.0,0.0,-0.666666666666667,4,1,2.5714285714285716,0.14285714285714285,0.6045145330859617,3,2,0.5714285714285714,3,0,4,0,0,0,0,0,0,2,1,0,0,0,0,0,0,0,0,0,0,1,0,0,0,0,0,0,0,0,0,5,0,0,1,0,0,4.586927050713855,2.7902289173675596,5.764357843025866,0,0,0,1,8,0,0,0,0,0,0,0,0,0,0,0,0,0,0,0,0,0
3161,5,4,0.4,1,0.0,0.0,-0.6666666666666666,3,1,1.6,0.26666666666666666,0.5822222222222222,3,2,0.6,2,0,4,0,1,0,0,0,0,0,0,0,0,0,0,0,0,0,0,0,0,0,0,0,0,0,0,0,0,1,0,4,0,0,0,0,0,5.59889066375548,5.2110699071805255,5.985216852624005,0,0,0,0,3,0,0,0,1,0,0,0,0,0,0,0,0,0,0,0,0,0
3162,7,9,0.42857142857142855,1,0.0,0.0,-0.666666666666667,4,1,2.5714285714285716,0.14285714285714285,0.6045145330859617,3,2,0.42857142857142855,3,0,4,0,0,0,0,0,0,2,1,0,0,0,0,0,0,0,0,0,0,1,0,0,0,0,0,0,0,0,0,5,0,0,1,0,0,4.662774815537191,2.97912763018322,5.833088750686323,0,0,0,1,8,0,0,0,0,0,0,0,0,0,0,0,0,0,0,0,0,0
3165,5,5,0.5,1,0.0,0.0,-0.6666666666666623,3,1,2.0,0.19999999999999998,0.6409523809523809,3,2,0.4,2,0,1,0,4,0,0,0,0,0,0,0,0,0,0,0,0,0,0,0,0,0,0,0,0,0,0,0,0,4,0,1,0,0,0,0,0,4.451426791867524,3.121668565126606,5.59682714934091,0,0,0,0,4,0,0,0,1,0,1,0,0,0,0,0,0,0,0,0,0,0
3166,8,7,0.25,1,0.0,0.0,-0.7385620915032687,5,1,1.75,0.17261904761904762,0.5130421865715984,3,2,0.625,3,0,0,0,0,0,0,5,0,0,0,0,1,0,0,0,2,0,0,0,0,0,0,2,0,0,0,0,0,2,3,0,0,0,1,0,0,3.399792569728381,2.682270333581349,4.409474395179366,0,0,0,2,0,0,0,0,3,2,0,0,0,0,0,0,0,0,0,0,0,0
3169,13,21,0.2692307692307692,1,0.0,0.0,-0.5744336569579287,7,1,3.230769230769231,0.09557109557109557,0.5032159033605369,4,3,0.38461538461538464,3,0,8,0,0,0,1,4,0,0,0,0,0,0,0,0,0,0,0,0,0,1,0,0,0,0,0,0,0,3,1,7,0,0,1,0,0,4.597650658704456,2.782534314760099,5.7746329999843145,0,0,0,1,0,0,0,0,19,1,0,0,0,0,0,0,0,0,0,0,0,0
3170,6,8,0.5333333333333333,1,0.0,0.0,-1.0,4,2,2.6666666666666665,0.11666666666666668,0.6944444444444445,2,2,0.3333333333333333,2,0,4,0,2,0,0,0,0,0,0,0,0,0,0,0,0,0,0,0,0,0,0,0,0,0,0,0,0,1,1,3,0,0,1,0,0,4.307116792866875,2.774953322257598,5.516960502573939,0,0,0,0,0,0,0,0,7,1,1,1,1,0,0,0,0,0,0,0,0,0
3181,8,7,0.25,1,0.0,0.0,-0.7385620915032687,5,1,1.75,0.17261904761904762,0.5130421865715983,3,2,0.375,3,0,0,0,0,0,0,5,0,0,0,0,1,0,0,0,2,0,0,0,0,0,0,2,0,0,0,0,0,2,3,0,0,0,1,0,0,3.350186066276816,2.7150119212964117,4.4320285348412884,0,0,0,2,0,0,0,0,3,2,0,0,0,0,0,0,0,0,0,0,0,0
3187,6,8,0.5333333333333333,1,0.0,0.0,-1.0,4,2,2.6666666666666665,0.1166666666666667,0.6944444444444445,2,2,0.6666666666666666,2,0,4,0,2,0,0,0,0,0,0,0,0,0,0,0,0,0,0,0,0,0,0,0,0,0,0,0,0,2,0,4,0,0,0,0,0,3.9533345981869705,3.1480796917786122,5.209033758404539,0,0,0,0,0,0,0,0,8,0,1,0,0,0,0,0,0,0,0,0,0,0
3189,6,5,0.3333333333333333,1,0.0,0.0,-0.6666666666666677,3,1,1.6666666666666667,0.23333333333333336,0.5411255411255411,3,2,0.5,3,0,0,0,0,0,0,3,0,0,0,0,1,0,0,0,2,0,0,0,0,0,0,2,0,0,0,0,0,1,2,0,0,0,1,0,0,3.4495014106195354,2.789018726575905,4.652243249551788,0,0,0,2,0,0,0,0,2,1,0,0,0,0,0,0,0,0,0,0,0,0
3192,9,11,0.3055555555555556,1,0.0,0.0,-0.8470764617691152,7,1,2.4444444444444446,0.1111111111111111,0.5786596119929452,3,2,0.2222222222222222,2,0,7,0,0,0,0,2,0,0,0,0,0,0,0,0,0,0,0,0,0,0,0,0,0,0,0,0,0,2,0,7,0,0,0,0,0,4.636341929764593,3.4296144839359934,5.825348463153401,0,0,0,0,0,0,0,0,11,0,0,0,0,0,0,0,0,0,0,0,0,0
3205,11,10,0.18181818181818182,1,0.0,0.0,-0.6531165311653114,5,1,1.8181818181818181,0.14747474747474748,0.4471629787612193,4,2,0.45454545454545453,4,0,2,0,0,0,0,6,0,0,0,0,1,0,0,0,2,0,0,0,0,1,0,2,0,0,0,0,0,3,2,1,0,0,2,0,0,3.8349664374150327,2.695831806611582,5.956916481562864,0,0,0,3,0,0,0,0,6,1,0,0,0,0,0,0,0,0,0,0,0,0
3207,7,9,0.42857142857142855,1,0.0,0.0,-0.666666666666667,4,1,2.5714285714285716,0.14285714285714285,0.6045145330859617,3,2,0.5714285714285714,2,0,4,0,0,0,0,3,0,0,0,0,0,0,0,0,0,0,0,0,0,0,0,0,0,0,0,0,0,3,0,4,0,0,0,0,0,4.1272379373639305,3.3884297667516194,5.732008505673047,0,0,0,0,0,0,0,0,9,0,0,0,0,0,0,0,0,0,0,0,0,0
3212,6,8,0.5333333333333333,1,0.0,0.0,-1.0,4,2,2.6666666666666665,0.1166666666666667,0.6944444444444445,2,2,0.6666666666666666,2,0,4,0,2,0,0,0,0,0,0,0,0,0,0,0,0,0,0,0,0,0,0,0,0,0,0,0,0,2,0,4,0,0,0,0,0,4.064694855849502,3.244741818742976,5.2651103455025074,0,0,0,0,0,0,0,0,8,0,1,0,0,0,0,0,0,0,0,0,0,0
3213,7,6,0.2857142857142857,1,0.0,0.0,-0.7760000000000005,5,1,1.7142857142857142,0.18095238095238095,0.5510204081632654,3,2,0.7142857142857143,3,0,0,0,0,0,0,5,0,0,0,0,1,0,0,0,1,0,0,0,0,0,0,1,0,0,0,0,0,3,2,0,0,0,1,0,0,4.132160717540251,2.7684912445668286,5.770314728668815,0,0,0,1,0,0,0,0,4,1,0,0,0,0,0,0,0,0,0,0,0,0
3216,6,8,0.5333333333333333,1,0.0,0.0,-1.0,4,2,2.6666666666666665,0.1166666666666667,0.6944444444444445,2,2,0.3333333333333333,2,0,4,0,2,0,0,0,0,0,0,0,0,0,0,0,0,0,0,0,0,0,0,0,0,0,0,0,0,1,1,3,0,0,1,0,0,3.8213453532630517,2.9940205484326774,4.99988412780454,0,0,0,0,0,0,0,0,7,1,1,1,1,0,0,0,0,0,0,0,0,0
3220,6,8,0.5333333333333333,1,0.0,0.0,-1.0,4,2,2.6666666666666665,0.1166666666666667,0.6944444444444445,2,2,0.3333333333333333,2,0,4,0,0,0,0,2,0,0,0,0,0,0,0,0,0,0,0,0,0,0,0,0,0,0,0,0,0,1,1,3,0,0,1,0,0,3.708061827035727,2.8837757971358715,4.413416777168535,0,0,0,0,0,0,0,0,7,1,1,1,1,0,0,0,0,0,0,0,0,0
3226,8,7,0.25,1,0.0,0.0,-0.7385620915032687,5,1,1.75,0.17261904761904762,0.5130421865715984,3,2,0.375,3,0,0,0,0,0,0,5,0,0,0,0,1,0,0,0,2,0,0,0,0,0,0,2,0,0,0,0,0,3,2,0,0,0,1,0,0,3.57392414854626,2.7462609480259266,4.807617811564404,0,0,0,2,0,0,0,0,4,1,0,0,0,0,0,0,0,0,0,0,0,0
3228,8,12,0.42857142857142855,1,0.0,0.0,-0.4347826086956509,4,1,3.0,0.11904761904761904,0.5984375,3,2,0.5,2,0,4,0,0,0,0,4,0,0,0,0,0,0,0,0,0,0,0,0,0,0,0,0,0,0,0,0,0,4,0,4,0,0,0,0,0,4.688290302015804,3.637524248019677,5.854660229031325,0,0,0,0,0,0,0,0,12,0,0,0,0,0,0,0,0,0,0,0,0,0
3233,6,8,0.5333333333333333,1,0.0,0.0,-1.0,4,2,2.6666666666666665,0.1166666666666667,0.6944444444444445,2,2,0.6666666666666666,2,0,4,0,2,0,0,0,0,0,0,0,0,0,0,0,0,0,0,0,0,0,0,0,0,0,0,0,0,1,1,3,0,0,1,0,0,4.028371985276209,2.758472579978672,5.276198016506697,0,0,0,0,0,0,0,0,7,1,1,1,1,0,0,0,0,0,0,0,0,0
3234,4,3,0.5,1,0.0,0.0,-1.0,3,1,1.5,0.25,0.7,2,1,0.75,3,0,0,1,2,0,0,0,0,0,0,0,1,0,0,0,0,0,0,0,0,1,0,0,0,0,0,0,0,2,0,0,0,0,1,0,0,3.5909949884000874,2.717936890157924,4.6221493754991485,0,0,0,1,0,0,0,0,2,0,0,0,0,0,0,0,0,0,0,0,0,0
3235,6,6,0.4,1,0.0,0.0,-0.5000000000000007,3,1,2.0,0.20000000000000004,0.5747955747955747,3,2,0.5,2,0,0,0,0,0,0,4,0,0,0,0,2,0,0,0,0,0,0,0,0,0,0,0,0,0,0,0,0,4,0,2,0,0,0,0,0,4.831958267279935,3.1447933852065217,5.41735648098207,0,0,0,0,4,0,0,0,2,0,0,0,0,0,0,0,0,0,0,0,0,0
3238,5,5,0.5,1,0.0,0.0,-0.6666666666666623,3,1,2.0,0.19999999999999998,0.6409523809523809,3,2,0.6,2,0,0,0,0,0,0,4,0,0,0,0,1,0,0,0,0,0,0,0,0,0,0,0,0,0,0,0,0,4,0,1,0,0,0,0,0,4.712919369152497,2.7056997532321194,5.905740096435528,0,0,0,0,3,0,0,0,2,0,0,0,0,0,0,0,0,0,0,0,0,0
3240,5,5,0.5,1,0.0,0.0,-0.6666666666666623,3,1,2.0,0.19999999999999998,0.6409523809523809,3,2,0.4,2,0,0,0,0,0,0,4,0,0,0,0,1,0,0,0,0,0,0,0,0,0,0,0,0,0,0,0,0,3,1,0,0,0,1,0,0,4.4787031286615795,2.9527575601609213,5.764110255434432,0,0,0,0,3,0,0,0,1,1,0,0,0,0,0,0,0,0,0,0,0,0
3241,6,6,0.4,1,0.0,0.0,-0.5000000000000007,3,1,2.0,0.20000000000000004,0.5747955747955747,3,2,0.5,2,0,0,0,0,0,0,4,0,0,0,0,2,0,0,0,0,0,0,0,0,0,0,0,0,0,0,0,0,4,0,2,0,0,0,0,0,5.076866739999463,4.303417518983659,5.997028412715823,0,0,0,0,4,0,0,0,2,0,0,0,0,0,0,0,0,0,0,0,0,0
3244,8,15,0.5357142857142857,1,0.0,0.0,-1.0,5,3,3.75,0.07738095238095237,0.6893939393939394,2,2,0.625,2,0,7,0,0,0,0,1,0,0,0,0,0,0,0,0,0,0,0,0,0,0,0,0,0,0,0,0,0,1,0,7,0,0,0,0,0,5.410991985958993,4.663244173790253,5.977705493869508,0,0,0,0,12,0,0,0,3,0,0,0,0,0,0,0,0,0,0,0,0,0
3247,12,21,0.3181818181818182,1,0.0,0.0,-0.6024096385542186,6,2,3.5,0.09090909090909088,0.5416666666666666,3,2,0.5,2,0,0,0,4,0,0,0,0,8,0,0,0,0,0,0,0,0,0,0,0,0,0,0,0,0,0,0,0,4,0,8,0,0,0,0,0,4.351951407160351,3.0654442937048856,5.537986252783167,0,0,0,0,5,0,0,0,16,0,0,0,0,0,0,0,0,0,0,0,0,0
3249,6,5,0.3333333333333333,1,0.0,0.0,-1.0,5,1,1.6666666666666667,0.16666666666666666,0.6296296296296297,2,1,0.8333333333333334,3,0,3,0,2,0,0,0,0,0,0,0,1,0,0,0,0,0,0,0,0,0,0,0,0,0,0,0,0,1,1,3,0,0,1,0,0,4.386339759130046,2.957706931642861,5.629601424457995,0,0,0,0,3,0,0,0,1,1,0,0,0,0,0,0,0,0,0,0,0,0
3250,8,16,0.5714285714285714,1,0.0,0.0,,4,4,4.0,0.07142857142857142,0.7,2,2,0.5,1,0,8,0,0,0,0,0,0,0,0,0,0,0,0,0,0,0,0,0,0,0,0,0,0,0,0,0,0,0,0,8,0,0,0,0,0,4.492663819642752,3.5714091610925935,5.561574639654772,0,0,0,0,16,0,0,0,0,0,0,0,0,0,0,0,0,0,0,0,0,0
3258,10,12,0.26666666666666666,1,0.0,0.0,-0.619469026548672,6,1,2.4,0.14444444444444443,0.4838831201893015,4,2,0.3,4,0,5,0,1,0,0,2,0,2,0,0,0,0,0,0,0,0,0,0,0,0,0,0,0,0,0,0,0,3,0,7,0,0,0,0,0,4.852910322765664,3.2090147937934352,5.851085415471171,0,0,0,0,1,0,0,0,11,0,0,0,0,0,0,0,0,0,0,0,0,0
3259,14,22,0.24175824175824176,1,0.0,0.0,-0.48648648648648696,6,1,3.142857142857143,0.11263736263736265,0.43832082075254336,5,3,0.42857142857142855,4,0,8,0,2,0,0,2,0,2,0,0,0,0,0,0,0,0,0,0,0,0,0,0,0,0,0,0,0,4,0,10,0,0,0,0,0,5.001665535166886,3.1263561236123554,5.9234198913826,0,0,0,0,5,0,0,0,17,0,0,0,0,0,0,0,0,0,0,0,0,0
3260,4,3,0.5,1,0.0,0.0,-1.0,3,1,1.5,0.25,0.7000000000000001,2,1,0.25,2,1,0,0,0,0,0,0,0,0,0,3,0,0,0,0,0,0,0,0,0,0,0,0,0,0,0,4,0,0,0,0,0,0,0,0,0,3.295838227093236,3.0778662777837313,3.6495416848299422,0,3,0,0,0,0,0,0,0,0,1,1,1,1,1,0,0,0,0,0,0,0
3263,4,4,0.6666666666666666,1,0.0,0.0,,2,2,2.0,0.16666666666666666,0.75,2,2,0.5,2,0,0,0,0,0,0,2,0,0,0,0,2,0,0,0,0,0,0,0,0,0,0,0,0,0,0,0,0,1,1,0,0,0,2,0,0,3.382138593747495,2.5623689962375393,4.615921096234886,0,0,0,0,0,0,0,0,2,2,0,0,0,0,0,0,0,0,0,0,0,0
3269,9,9,0.25,1,0.0,0.0,-0.399999999999999,3,1,2.0,0.21428571428571427,0.41588546529723003,5,3,0.5555555555555556,4,0,3,0,1,0,0,4,0,0,0,0,1,0,0,0,0,0,0,0,0,0,0,0,0,0,0,0,0,5,0,4,0,0,0,0,0,5.148367843343139,4.4856097218836695,5.905066626725383,0,0,0,0,3,0,0,0,6,0,0,0,0,0,0,0,0,0,0,0,0,0
3273,4,3,0.5,1,0.0,0.0,-0.4999999999999988,2,1,1.5,0.3333333333333333,0.625,3,2,0.5,1,0,0,0,0,0,0,0,0,0,0,0,4,0,0,0,0,0,0,0,0,0,0,0,0,0,0,0,0,0,0,4,0,0,0,0,0,4.376292617874264,3.8934676725839403,4.909869500642273,0,0,0,0,3,0,0,0,0,0,1,1,0,0,0,0,0,0,0,0,0,0
3277,4,3,0.5,1,0.0,0.0,-0.4999999999999988,2,1,1.5,0.3333333333333333,0.625,3,2,0.5,2,0,0,0,0,0,0,0,0,0,0,0,0,2,2,0,0,0,0,0,0,0,0,0,0,0,0,4,0,0,0,0,0,0,0,0,0,3.6038362556143135,3.3430323976537046,3.7588269532526857,0,3,0,0,0,0,0,0,0,0,1,1,1,1,1,1,1,1,1,0,0,0
3279,4,3,0.5,1,0.0,0.0,-1.0,3,1,1.5,0.25,0.7,2,1,0.75,1,0,0,0,0,0,0,0,0,0,0,0,0,4,0,0,0,0,0,0,0,0,0,0,0,0,0,4,0,0,0,0,0,0,0,0,0,3.6090584525524982,3.559715270955725,3.644586240253244,0,3,0,0,0,0,0,0,0,0,1,1,1,1,1,0,0,0,0,0,0,0
3285,4,3,0.5,1,0.0,0.0,-0.4999999999999988,2,1,1.5,0.3333333333333333,0.625,3,2,0.5,2,0,0,0,0,0,0,2,0,0,0,0,2,0,0,0,0,0,0,0,0,0,0,0,0,0,0,0,0,1,1,1,0,0,1,0,0,4.398264523102061,2.664077925864545,5.97784498275366,0,0,0,0,0,0,0,0,2,1,0,0,0,0,0,0,0,0,0,0,0,0
3293,11,18,0.32727272727272727,1,0.0,0.0,-0.14285714285714457,6,2,3.272727272727273,0.11111111111111112,0.5147275090984631,4,2,0.5454545454545454,4,0,4,0,1,0,0,4,0,0,0,0,2,0,0,0,0,0,0,0,0,0,0,0,0,0,0,0,0,5,0,6,0,0,0,0,0,4.7476252776051355,3.3668618734074665,5.725200769593926,0,0,0,0,4,0,0,0,14,0,0,0,0,0,0,0,0,0,0,0,0,0
3304,8,8,0.2857142857142857,1,0.0,0.0,-0.14285714285714285,3,1,2.0,0.23809523809523808,0.4300347222222222,5,3,0.5,3,0,2,0,0,0,0,4,0,0,0,0,2,0,0,0,0,0,0,0,0,0,0,0,0,0,0,0,0,3,1,2,0,0,2,0,0,4.526888178370079,2.870852287585064,5.935237735527876,0,0,0,0,2,0,0,0,4,2,0,0,0,0,0,0,0,0,0,0,0,0
3314,10,11,0.24444444444444444,1,0.0,0.0,-0.37499999999999983,4,1,2.2,0.18055555555555552,0.4273376623376624,5,3,0.6,4,0,4,0,1,0,0,4,0,0,0,0,1,0,0,0,0,0,0,0,0,0,0,0,0,0,0,0,0,5,0,5,0,0,0,0,0,5.117834365951702,3.3513235618774053,5.958203098633075,0,0,0,0,1,0,0,0,10,0,0,0,0,0,0,0,0,0,0,0,0,0
3339,12,19,0.2878787878787879,1,0.0,0.0,-0.13675213675213804,6,1,3.1666666666666665,0.11212121212121211,0.4901819381598793,4,2,0.5,4,0,4,0,2,0,0,4,0,0,0,0,2,0,0,0,0,0,0,0,0,0,0,0,0,0,0,0,0,6,0,6,0,0,0,0,0,4.626103877824749,3.1069019682971937,5.753045662707986,0,0,0,0,4,0,0,0,15,0,0,0,0,0,0,0,0,0,0,0,0,0
3341,4,3,0.5,1,0.0,0.0,-1.0,3,1,1.5,0.25,0.7000000000000001,2,1,0.75,3,0,0,0,0,0,0,0,0,0,2,0,0,1,0,0,0,0,0,0,1,0,0,0,0,0,0,4,0,0,0,0,0,0,0,0,0,3.686809879644811,3.6372610661664,3.7668868133902866,0,3,0,0,0,0,0,0,0,0,1,1,1,1,1,0,0,0,0,0,0,0
3351,5,5,0.5,1,0.0,0.0,-0.6666666666666623,3,1,2.0,0.19999999999999998,0.6409523809523809,3,2,0.6,2,0,0,0,0,0,0,3,0,0,0,0,2,0,0,0,0,0,0,0,0,0,0,0,0,0,0,0,0,2,1,1,0,0,1,0,0,3.989313242385056,2.762759407238276,5.908636896236415,0,0,0,0,1,0,0,0,3,1,0,0,0,0,0,0,0,0,0,0,0,0
3366,4,3,0.5,1,0.0,0.0,-0.4999999999999988,2,1,1.5,0.3333333333333333,0.625,3,2,0.5,2,0,0,0,0,0,0,2,0,0,0,0,2,0,0,0,0,0,0,0,0,0,0,0,0,0,0,0,0,2,0,2,0,0,0,0,0,5.630559198582486,5.530099584788664,5.740058045150288,0,0,0,0,0,0,0,0,3,0,1,1,0,0,0,0,0,0,0,0,0,0
3370,6,7,0.4666666666666667,1,0.0,0.0,-0.8666666666666683,4,1,2.3333333333333335,0.15,0.638888888888889,3,2,0.6666666666666666,2,0,4,0,0,0,0,2,0,0,0,0,0,0,0,0,0,0,0,0,0,0,0,0,0,0,0,0,0,2,0,4,0,0,0,0,0,5.057043985206952,3.5830286036635557,5.728285053579356,0,0,0,0,0,0,0,0,7,0,1,0,0,0,0,0,0,0,0,0,0,0
3393,12,19,0.2878787878787879,1,0.0,0.0,-0.09306260575296021,6,1,3.1666666666666665,0.11212121212121212,0.4871661324786325,4,2,0.5,4,0,4,0,2,0,0,4,0,0,0,0,2,0,0,0,0,0,0,0,0,0,0,0,0,0,0,0,0,6,0,6,0,0,0,0,0,4.69874871329017,3.3816203818154422,5.729696359761468,0,0,0,0,4,0,0,0,15,0,0,0,0,0,0,0,0,0,0,0,0,0
3399,4,3,0.5,1,0.0,0.0,-0.4999999999999988,2,1,1.5,0.3333333333333333,0.625,3,2,0.5,3,0,0,0,0,0,0,2,0,0,1,1,0,0,0,0,0,0,0,0,0,0,0,0,0,0,0,4,0,0,0,0,0,0,0,0,0,3.676881990390548,3.5639716672299904,3.761908992950648,0,3,0,0,0,0,0,0,0,0,1,1,1,1,1,1,1,1,1,0,0,0
3406,5,4,0.4,1,0.0,0.0,-0.6666666666666666,3,1,1.6,0.26666666666666666,0.5822222222222223,3,2,0.4,3,0,0,0,2,0,0,2,0,0,0,0,1,0,0,0,0,0,0,0,0,0,0,0,0,0,0,0,0,4,0,1,0,0,0,0,0,5.291589812038561,4.926895762448664,5.731980807205726,0,0,0,0,3,0,0,0,1,0,0,0,0,0,0,0,0,0,0,0,0,0
3408,4,4,0.6666666666666666,1,0.0,0.0,,2,2,2.0,0.16666666666666666,0.75,2,2,0.5,2,0,0,0,2,0,0,2,0,0,0,0,0,0,0,0,0,0,0,0,0,0,0,0,0,0,0,0,0,4,0,0,0,0,0,0,0,4.109513708527492,2.858753892931201,4.997179869230333,0,0,0,0,4,0,0,0,0,0,1,1,0,0,0,0,0,0,0,0,0,0
3419,7,8,0.38095238095238093,1,0.0,0.0,-0.6,4,1,2.2857142857142856,0.1619047619047619,0.5710979496693782,3,2,0.5714285714285714,2,0,5,0,0,0,0,0,0,2,0,0,0,0,0,0,0,0,0,0,0,0,0,0,0,0,0,0,0,0,0,7,0,0,0,0,0,5.223021990476058,4.022060515583658,5.868770053734152,0,0,0,0,8,0,0,0,0,0,0,0,0,0,0,0,0,0,0,0,0,0
3430,6,8,0.5333333333333333,1,0.0,0.0,-1.0,4,2,2.6666666666666665,0.1166666666666667,0.6944444444444445,2,2,0.6666666666666666,2,0,0,0,0,0,0,4,0,2,0,0,0,0,0,0,0,0,0,0,0,0,0,0,0,0,0,0,0,4,0,2,0,0,0,0,0,4.0214044525886266,2.994310783273422,5.145349373248388,0,0,0,0,4,0,0,0,4,0,0,0,0,0,0,0,0,0,0,0,0,0
3433,8,9,0.32142857142857145,1,0.0,0.0,-0.3750000000000011,4,1,2.25,0.16666666666666663,0.5163194444444446,4,2,0.5,2,0,0,0,6,0,0,2,0,0,0,0,0,0,0,0,0,0,0,0,0,0,0,0,0,0,0,0,0,8,0,0,0,0,0,0,0,5.169502894568608,4.026520695087646,5.946783803574697,0,0,0,0,9,0,0,0,0,0,0,0,0,0,0,0,0,0,0,0,0,0
3437,5,4,0.4,1,0.0,0.0,-0.6666666666666666,3,1,1.6,0.26666666666666666,0.5822222222222223,3,2,0.6,3,0,0,0,0,0,0,0,0,0,1,3,0,1,0,0,0,0,0,0,0,0,0,0,0,0,0,5,0,0,0,0,0,0,0,0,0,3.5267267597566763,3.338870996362001,3.7212770739015135,0,4,0,0,0,0,0,0,0,0,1,1,1,1,0,0,0,0,0,0,0,0
3448,6,8,0.5333333333333333,1,0.0,0.0,-1.0,4,2,2.6666666666666665,0.1166666666666667,0.6944444444444445,2,2,0.3333333333333333,2,0,4,0,2,0,0,0,0,0,0,0,0,0,0,0,0,0,0,0,0,0,0,0,0,0,0,0,0,1,1,3,0,0,1,0,0,4.2839773822244975,2.3838128749707987,5.688414333083722,0,0,0,0,0,0,0,0,7,1,1,1,1,0,0,0,0,0,0,0,0,0
3451,6,5,0.3333333333333333,1,0.0,0.0,-1.0,5,1,1.6666666666666667,0.16666666666666666,0.6296296296296297,2,1,0.16666666666666666,2,0,0,0,0,0,0,0,0,5,0,0,1,0,0,0,0,0,0,0,0,1,0,0,0,0,0,0,0,0,0,4,0,0,1,0,0,4.414632283756488,2.664466076277774,5.309169668111156,0,0,0,1,4,0,0,0,0,0,0,0,0,0,0,0,0,0,0,0,0,0
3452,6,8,0.5333333333333333,1,0.0,0.0,-1.0,4,2,2.6666666666666665,0.11666666666666668,0.6944444444444445,2,2,0.6666666666666666,2,0,4,0,0,0,0,0,0,2,0,0,0,0,0,0,0,0,0,0,0,0,0,0,0,0,0,0,0,0,0,6,0,0,0,0,0,3.74820606858927,3.214861217753317,4.426905714056001,0,0,0,0,8,0,0,0,0,0,0,0,0,0,0,0,0,0,0,0,0,0
3453,4,3,0.5,1,0.0,0.0,-0.4999999999999988,2,1,1.5,0.3333333333333333,0.625,3,2,0.5,1,0,0,0,0,0,0,0,0,0,0,0,0,0,0,4,0,0,0,0,0,0,0,0,0,0,0,4,0,0,0,0,0,0,0,0,0,3.187613033555196,2.2408943888390707,3.7639169316540753,0,3,0,0,0,0,0,0,0,0,1,1,1,1,1,1,1,1,1,0,0,0
3456,10,11,0.24444444444444444,1,0.0,0.0,0.15384615384615527,3,1,2.2,0.2611111111111111,0.33746651674418243,7,4,0.5,2,0,0,0,0,0,0,0,0,0,0,0,0,0,0,4,0,0,0,0,6,0,0,0,0,0,0,10,0,0,0,0,0,0,0,0,0,2.991733972413574,2.148255826862556,3.7927563984673505,0,11,0,0,0,0,0,0,0,0,0,0,0,0,0,0,0,0,0,0,0,0
3468,8,12,0.42857142857142855,1,0.0,0.0,-0.4347826086956509,4,1,3.0,0.11904761904761904,0.5984375,3,2,0.5,3,0,4,0,2,0,0,2,0,0,0,0,0,0,0,0,0,0,0,0,0,0,0,0,0,0,0,0,0,4,0,4,0,0,0,0,0,4.693851732023291,3.131300384699718,5.686919228278847,0,0,0,0,0,0,0,0,12,0,0,0,0,0,0,0,0,0,0,0,0,0
3471,5,4,0.4,1,0.0,0.0,-0.6666666666666666,3,1,1.6,0.26666666666666666,0.5822222222222222,3,2,0.4,3,1,0,0,0,0,0,0,0,0,0,0,0,0,3,0,0,0,0,0,1,0,0,0,0,0,0,5,0,0,0,0,0,0,0,0,0,3.4886057877379586,3.366353388609649,3.674920743630027,0,4,0,0,0,0,0,0,0,0,1,1,1,1,0,0,0,0,0,0,0,0
3472,5,5,0.5,1,0.0,0.0,-0.6666666666666623,3,1,2.0,0.19999999999999998,0.6409523809523809,3,2,0.6,1,0,0,0,0,0,0,0,0,0,0,0,0,0,5,0,0,0,0,0,0,0,0,0,0,0,0,1,4,0,0,0,0,0,0,0,0,3.355500496835117,3.0343000771120296,3.782459360593543,0,1,4,0,0,0,0,0,0,0,0,0,0,0,0,0,0,0,0,0,0,0
3473,14,23,0.25274725274725274,1,0.0,0.0,-0.4906522642293314,8,1,3.2857142857142856,0.08882783882783883,0.49889429256551104,4,2,0.42857142857142855,3,0,7,0,4,0,0,3,0,0,0,0,0,0,0,0,0,0,0,0,0,1,0,0,0,0,0,0,0,4,2,5,0,0,2,0,0,4.70825166522607,2.4817836310493613,5.865234519673056,0,0,0,1,1,0,0,0,19,2,0,0,0,0,0,0,0,0,0,0,0,0
3480,4,4,0.6666666666666666,1,0.0,0.0,,2,2,2.0,0.16666666666666666,0.75,2,2,0.5,1,0,0,0,0,0,0,0,0,0,0,0,0,0,4,0,0,0,0,0,0,0,0,0,0,0,0,2,2,0,0,0,0,0,0,0,0,3.513603551855498,3.278213399017172,3.652066917101057,0,3,1,0,0,0,0,0,0,0,0,0,0,0,0,0,0,0,0,0,0,0
3481,8,12,0.42857142857142855,1,0.0,0.0,-0.4347826086956509,4,1,3.0,0.11904761904761904,0.5984375,3,2,0.5,3,0,4,0,2,0,0,2,0,0,0,0,0,0,0,0,0,0,0,0,0,0,0,0,0,0,0,0,0,3,1,3,0,0,1,0,0,4.410107882030084,2.606481992483048,5.523228568643793,0,0,0,0,0,0,0,0,11,1,0,0,0,0,0,0,0,0,0,0,0,0
3482,8,16,0.5714285714285714,1,0.0,0.0,,4,4,4.0,0.07142857142857142,0.7,2,2,0.5,1,0,8,0,0,0,0,0,0,0,0,0,0,0,0,0,0,0,0,0,0,0,0,0,0,0,0,0,0,0,0,8,0,0,0,0,0,4.065808656887802,3.4154877605450946,5.261371750515358,0,0,0,0,16,0,0,0,0,0,0,0,0,0,0,0,0,0,0,0,0,0
3483,8,16,0.5714285714285714,1,0.0,0.0,,4,4,4.0,0.07142857142857142,0.7,2,2,0.5,1,0,8,0,0,0,0,0,0,0,0,0,0,0,0,0,0,0,0,0,0,0,0,0,0,0,0,0,0,0,0,8,0,0,0,0,0,4.145282720481748,3.5450210239672155,4.934098649742127,0,0,0,0,16,0,0,0,0,0,0,0,0,0,0,0,0,0,0,0,0,0
3484,5,4,0.4,1,0.0,0.0,-0.6666666666666666,3,1,1.6,0.26666666666666666,0.5822222222222222,3,2,0.6,2,0,0,0,0,0,0,0,0,0,0,0,0,0,3,0,0,0,0,2,0,0,0,0,0,0,0,3,2,0,0,0,0,0,0,0,0,3.6095947169137004,3.344194181739343,3.7787948045141833,0,3,1,0,0,0,0,0,0,0,0,0,0,0,0,0,0,0,0,0,0,0
3489,8,13,0.4642857142857143,1,0.0,0.0,-0.44444444444444586,4,1,3.25,0.10714285714285712,0.6234375,3,2,0.5,2,0,4,0,4,0,0,0,0,0,0,0,0,0,0,0,0,0,0,0,0,0,0,0,0,0,0,0,0,3,1,3,0,0,1,0,0,4.097509532146298,2.8729863952984402,5.356279290040948,0,0,0,0,0,0,0,0,12,1,0,0,0,0,0,0,0,0,0,0,0,0
3499,4,4,0.6666666666666666,1,0.0,0.0,,2,2,2.0,0.16666666666666666,0.75,2,2,0.5,2,0,0,0,0,0,0,0,0,0,2,0,0,0,2,0,0,0,0,0,0,0,0,0,0,0,0,4,0,0,0,0,0,0,0,0,0,3.6477575641097633,3.409495992691793,3.7371661305452366,0,4,0,0,0,0,0,0,0,0,1,1,0,0,0,0,0,0,0,0,0,0
3502,4,4,0.6666666666666666,1,0.0,0.0,,2,2,2.0,0.16666666666666666,0.75,2,2,0.5,2,0,0,0,0,0,0,0,0,0,0,2,0,0,0,0,0,0,0,2,0,0,0,0,0,0,0,4,0,0,0,0,0,0,0,0,0,3.677638954672519,3.530328034990649,3.7999349567672964,0,4,0,0,0,0,0,0,0,0,1,1,0,0,0,0,0,0,0,0,0,0
3506,8,13,0.4642857142857143,1,0.0,0.0,-0.44444444444444586,4,1,3.25,0.10714285714285712,0.6234375,3,2,0.5,2,0,4,0,4,0,0,0,0,0,0,0,0,0,0,0,0,0,0,0,0,0,0,0,0,0,0,0,0,2,2,2,0,0,2,0,0,3.9887948289178925,2.7585589533293615,5.262138230525757,0,0,0,0,0,0,0,0,11,2,0,0,0,0,0,0,0,0,0,0,0,0
3520,4,3,0.5,1,0.0,0.0,-0.4999999999999988,2,1,1.5,0.3333333333333333,0.625,3,2,0.5,1,0,0,0,0,0,0,0,0,0,0,0,0,0,4,0,0,0,0,0,0,0,0,0,0,0,0,4,0,0,0,0,0,0,0,0,0,3.7545646283656446,3.7370828280155366,3.7693230256294754,0,3,0,0,0,0,0,0,0,0,1,1,1,1,1,1,1,1,1,0,0,0
3526,5,4,0.4,1,0.0,0.0,-0.6666666666666666,3,1,1.6,0.26666666666666666,0.5822222222222221,3,2,0.6,3,0,0,0,0,0,0,0,0,0,0,3,1,0,0,0,0,0,0,0,1,0,0,0,0,0,0,5,0,0,0,0,0,0,0,0,0,3.614855345478354,3.4292696477977054,3.762337064002443,0,4,0,0,0,0,0,0,0,0,1,1,1,1,0,0,0,0,0,0,0,0
3529,12,30,0.45454545454545453,1,0.0,0.0,-0.2000000000000017,6,4,5.0,0.06363636363636363,0.6174768518518519,3,2,0.5,2,0,8,0,4,0,0,0,0,0,0,0,0,0,0,0,0,0,0,0,0,0,0,0,0,0,0,0,0,4,0,8,0,0,0,0,0,4.388198945999809,3.0446130608168085,5.8838466640904885,0,0,0,0,14,0,0,0,16,0,0,0,0,0,0,0,0,0,0,0,0,0
3540,5,4,0.4,1,0.0,0.0,-0.6666666666666666,3,1,1.6,0.26666666666666666,0.5822222222222222,3,2,0.4,1,0,5,0,0,0,0,0,0,0,0,0,0,0,0,0,0,0,0,0,0,0,0,0,0,0,0,0,0,0,0,5,0,0,0,0,0,5.167941945182245,4.653487705643299,5.859374431566696,0,0,0,0,4,0,0,0,0,0,0,0,0,0,0,0,0,0,0,0,0,0
3541,19,36,0.21052631578947367,1,0.0,0.0,-0.9265712507778466,10,1,3.789473684210526,0.07464740282077743,0.4551003792472383,4,2,0.21052631578947367,4,0,12,0,4,0,1,2,0,0,0,0,0,0,0,0,0,0,0,0,0,0,0,1,0,0,0,0,0,3,3,10,0,0,2,0,0,4.015070614642143,2.5010353004146633,5.72102253374526,0,0,0,1,4,0,0,0,29,2,0,0,0,0,0,0,0,0,0,0,0,0
3542,4,3,0.5,1,0.0,0.0,-1.0,3,1,1.5,0.25,0.7000000000000001,2,1,0.25,2,0,0,0,0,0,0,0,0,0,0,0,0,0,0,1,0,0,0,3,0,0,0,0,0,0,0,4,0,0,0,0,0,0,0,0,0,3.6477284935877337,3.5298355902709275,3.708171160277387,0,3,0,0,0,0,0,0,0,0,1,1,1,1,1,0,0,0,0,0,0,0
3547,15,28,0.26666666666666666,1,0.0,0.0,-0.8293772032902462,8,1,3.7333333333333334,0.08717948717948719,0.48528432951280354,4,2,0.7333333333333333,4,0,8,0,4,0,1,2,0,0,0,0,0,0,0,0,0,0,0,0,0,0,0,1,0,0,0,0,0,3,3,6,0,0,2,0,0,4.153586839181359,2.7560647429982836,5.61373013723874,0,0,0,1,4,0,0,0,21,2,0,0,0,0,0,0,0,0,0,0,0,0
3555,4,3,0.5,1,0.0,0.0,-0.4999999999999988,2,1,1.5,0.3333333333333333,0.625,3,2,0.5,2,0,0,0,0,0,0,2,0,0,0,0,0,0,0,0,0,0,0,2,0,0,0,0,0,0,0,4,0,0,0,0,0,0,0,0,0,3.637305550377621,3.483790570280564,3.777090868392496,0,3,0,0,0,0,0,0,0,0,1,1,1,1,1,1,1,1,1,0,0,0
3564,19,36,0.21052631578947367,1,0.0,0.0,-0.9265712507778466,10,1,3.789473684210526,0.07464740282077743,0.45510037924723834,4,2,0.21052631578947367,4,0,12,0,4,0,1,2,0,0,0,0,0,0,0,0,0,0,0,0,0,0,0,1,0,0,0,0,0,3,3,10,0,0,2,0,0,4.122789089357083,2.7608268030743846,5.589558025584831,0,0,0,1,4,0,0,0,28,3,0,0,0,0,0,0,0,0,0,0,0,0
3569,20,37,0.19473684210526315,1,0.0,0.0,-0.9156930126002295,11,1,3.7,0.07251461988304092,0.4474856197309842,4,2,0.8,4,0,13,0,4,0,1,2,0,0,0,0,0,0,0,0,0,0,0,0,0,0,0,2,0,0,0,0,0,2,4,9,0,0,3,0,0,4.086458525346378,2.722272130588987,5.708916541340674,0,0,0,2,4,0,0,0,28,3,0,0,0,0,0,0,0,0,0,0,0,0
3573,4,3,0.5,1,0.0,0.0,-0.4999999999999988,2,1,1.5,0.3333333333333333,0.625,3,2,0.5,2,0,0,0,0,0,0,2,0,0,0,0,0,0,0,0,0,0,0,2,0,0,0,0,0,0,0,4,0,0,0,0,0,0,0,0,0,3.644128320146273,3.56940208167398,3.7464057046864983,0,3,0,0,0,0,0,0,0,0,1,1,1,1,1,1,1,1,1,0,0,0
3578,4,3,0.5,1,0.0,0.0,-0.4999999999999988,2,1,1.5,0.3333333333333333,0.625,3,2,0.5,2,0,0,0,0,0,0,2,0,0,0,0,0,0,0,0,0,0,0,2,0,0,0,0,0,0,0,4,0,0,0,0,0,0,0,0,0,3.5924541590878696,3.567126464720005,3.6080743431993985,0,3,0,0,0,0,0,0,0,0,1,1,1,1,1,1,1,1,1,0,0,0
3581,5,5,0.5,1,0.0,0.0,-0.6666666666666623,3,1,2.0,0.19999999999999998,0.6409523809523809,3,2,0.4,2,0,0,0,0,0,0,0,0,0,0,0,0,0,0,2,0,0,0,3,0,0,0,0,0,0,0,5,0,0,0,0,0,0,0,0,0,3.666682250714543,3.6066786784549025,3.7453746466020337,0,5,0,0,0,0,0,0,0,0,1,1,0,0,0,0,0,0,0,0,0,0
3584,5,4,0.4,1,0.0,0.0,-0.6666666666666666,3,1,1.6,0.26666666666666666,0.5822222222222223,3,2,0.6,2,0,0,0,0,0,0,0,0,0,0,0,0,0,0,2,0,0,0,3,0,0,0,0,0,0,0,5,0,0,0,0,0,0,0,0,0,3.6520710467378725,3.553341554031226,3.7524364085683235,0,4,0,0,0,0,0,0,0,0,1,1,1,1,0,0,0,0,0,0,0,0
3585,5,4,0.4,1,0.0,0.0,-0.6666666666666666,3,1,1.6,0.26666666666666666,0.5822222222222222,3,2,0.4,4,0,0,0,0,0,1,2,0,0,0,0,1,0,0,0,0,0,0,0,1,1,0,1,0,0,0,0,0,2,0,0,0,0,1,0,0,3.0746741151075883,2.7401915280089715,3.6935425507084623,0,0,0,2,0,0,0,0,2,0,0,0,0,0,0,0,0,0,0,0,0,0
3586,20,37,0.19473684210526315,1,0.0,0.0,-0.9156930126002295,11,1,3.7,0.07251461988304092,0.4474856197309842,4,2,0.2,4,0,13,0,4,0,1,2,0,0,0,0,0,0,0,0,0,0,0,0,0,0,0,2,0,0,0,0,0,2,4,9,0,0,3,0,0,4.021252630560296,2.605570518721758,5.480555563442016,0,0,0,2,4,0,0,0,28,3,0,0,0,0,0,0,0,0,0,0,0,0
3593,16,29,0.24166666666666667,1,0.0,0.0,-0.819226011662838,9,1,3.625,0.08452380952380951,0.474062806710833,4,2,0.75,5,0,8,0,4,0,1,2,0,0,0,0,0,0,0,0,0,0,0,1,0,0,0,2,0,0,0,0,0,3,3,6,0,0,2,0,0,4.0206375753462575,2.5061450122100615,5.551947204403443,0,0,0,2,4,0,0,0,21,2,0,0,0,0,0,0,0,0,0,0,0,0
3602,5,4,0.4,1,0.0,0.0,-0.6666666666666666,3,1,1.6,0.26666666666666666,0.5822222222222222,3,2,0.6,2,0,0,0,0,0,0,2,0,0,0,0,0,0,0,0,0,0,0,3,0,0,0,0,0,0,0,5,0,0,0,0,0,0,0,0,0,3.662388515033238,3.4604335593540343,3.78998781401975,0,4,0,0,0,0,0,0,0,0,1,1,1,1,0,0,0,0,0,0,0,0
3606,4,3,0.5,1,0.0,0.0,-0.4999999999999988,2,1,1.5,0.3333333333333333,0.625,3,2,0.5,2,0,0,0,0,0,0,0,0,0,0,0,0,0,0,2,0,0,0,2,0,0,0,0,0,0,0,4,0,0,0,0,0,0,0,0,0,3.643481192062494,3.5713697996501947,3.7851700901798697,0,3,0,0,0,0,0,0,0,0,1,1,1,1,1,1,1,1,1,0,0,0
3612,18,35,0.22875816993464052,1,0.0,0.0,-0.9277108433734944,10,2,3.888888888888889,0.0763888888888889,0.4652439901081205,4,2,0.2222222222222222,3,0,12,0,4,0,0,2,0,0,0,0,0,0,0,0,0,0,0,0,0,0,0,0,0,0,0,0,0,4,2,9,0,0,3,0,0,4.095743716265404,2.534595071979738,5.5427683395325404,0,0,0,0,4,0,0,0,28,3,0,0,0,0,0,0,0,0,0,0,0,0
3619,20,35,0.18421052631578946,1,0.0,0.0,-0.9264819091608941,10,1,3.5,0.07836257309941519,0.42920594519859234,4,2,0.8,4,0,13,0,4,0,1,2,0,0,0,0,0,0,0,0,0,0,0,0,0,0,0,2,0,0,0,0,0,3,3,9,0,0,3,0,0,4.134509921382228,2.6577906731533405,5.541877594780043,0,0,0,2,4,0,0,0,26,3,0,0,0,0,0,0,0,0,0,0,0,0
3629,4,3,0.5,1,0.0,0.0,-0.4999999999999988,2,1,1.5,0.3333333333333333,0.625,3,2,0.5,2,0,0,0,0,0,0,2,0,0,0,0,0,0,0,0,0,0,0,2,0,0,0,0,0,0,0,4,0,0,0,0,0,0,0,0,0,3.6411375270012143,3.5312208857869467,3.75796074705175,0,3,0,0,0,0,0,0,0,0,1,1,1,1,1,1,1,1,1,0,0,0
3632,4,3,0.5,1,0.0,0.0,-0.4999999999999988,2,1,1.5,0.3333333333333333,0.625,3,2,0.5,2,0,0,0,0,0,0,0,0,0,0,0,0,0,0,2,0,0,0,2,0,0,0,0,0,0,0,4,0,0,0,0,0,0,0,0,0,3.7544281118454315,3.7072166658273367,3.7803159624543943,0,3,0,0,0,0,0,0,0,0,1,1,1,1,1,1,1,1,1,0,0,0
3640,19,34,0.19883040935672514,1,0.0,0.0,-0.9298880275624454,10,1,3.5789473684210527,0.07739938080495357,0.44351061078140863,4,2,0.21052631578947367,4,0,12,0,4,0,1,2,0,0,0,0,0,0,0,0,0,0,0,0,0,0,0,1,0,0,0,0,0,4,2,11,0,0,1,0,0,4.1527293214033865,2.3856562428904433,5.498929540135815,0,0,0,1,4,0,0,0,28,1,0,0,0,0,0,0,0,0,0,0,0,0
3645,4,3,0.5,1,0.0,0.0,-1.0,3,1,1.5,0.25,0.7000000000000001,2,1,0.75,4,0,0,0,0,0,0,0,0,0,0,1,0,0,1,0,0,0,0,1,1,0,0,0,0,0,0,4,0,0,0,0,0,0,0,0,0,3.5932904526268197,3.3703394359264442,3.73426495145455,0,3,0,0,0,0,0,0,0,0,1,1,1,1,1,0,0,0,0,0,0,0
3648,20,37,0.19473684210526315,1,0.0,0.0,-0.9156930126002295,11,1,3.7,0.07251461988304093,0.4474856197309841,4,2,0.8,4,0,13,0,4,0,1,2,0,0,0,0,0,0,0,0,0,0,0,0,0,0,0,2,0,0,0,0,0,3,3,10,0,0,2,0,0,4.028578808747943,2.5154464369859473,5.758535162039925,0,0,0,2,4,0,0,0,29,2,0,0,0,0,0,0,0,0,0,0,0,0
3652,4,3,0.5,1,0.0,0.0,-0.4999999999999988,2,1,1.5,0.3333333333333333,0.625,3,2,0.5,2,0,0,0,0,0,0,2,0,0,0,0,0,0,0,0,0,0,0,2,0,0,0,0,0,0,0,4,0,0,0,0,0,0,0,0,0,3.637216858545307,3.489380622454768,3.7651427916167486,0,3,0,0,0,0,0,0,0,0,1,1,1,1,1,1,1,1,1,0,0,0
3659,6,5,0.3333333333333333,1,0.0,0.0,-0.6666666666666673,3,1,1.6666666666666667,0.2833333333333334,0.4900793650793651,4,2,0.3333333333333333,2,0,0,0,0,0,0,0,0,0,0,0,0,0,0,2,0,0,0,4,0,0,0,0,0,0,0,6,0,0,0,0,0,0,0,0,0,3.6518104573045513,3.5804192825678194,3.7252680346622618,0,5,0,0,0,0,0,0,0,0,0,0,0,0,0,0,0,0,0,0,0,0
3664,4,3,0.5,1,0.0,0.0,-1.0,3,1,1.5,0.25,0.7000000000000001,2,1,0.75,2,0,0,0,0,0,0,0,0,0,0,0,0,0,0,1,0,0,0,3,0,0,0,0,0,0,0,4,0,0,0,0,0,0,0,0,0,3.75127550011791,3.669815325868836,3.7938317168206654,0,3,0,0,0,0,0,0,0,0,1,1,1,1,1,0,0,0,0,0,0,0
3667,6,8,0.5333333333333333,1,0.0,0.0,-1.0,4,2,2.6666666666666665,0.1166666666666667,0.6944444444444445,2,2,0.6666666666666666,2,0,4,0,0,0,0,2,0,0,0,0,0,0,0,0,0,0,0,0,0,0,0,0,0,0,0,0,0,2,0,4,0,0,0,0,0,5.065945815276855,3.905894876321135,5.93898234011614,0,0,0,0,0,0,0,0,8,0,1,0,0,0,0,0,0,0,0,0,0,0
3668,4,3,0.5,1,0.0,0.0,-0.4999999999999988,2,1,1.5,0.3333333333333333,0.625,3,2,0.5,3,0,1,0,0,0,0,0,0,0,0,0,0,0,0,2,0,0,0,1,0,0,0,0,0,0,0,4,0,0,0,0,0,0,0,0,0,3.5714766893625387,3.491643505416456,3.6710006161420186,0,3,0,0,0,0,0,0,0,0,1,1,1,1,1,1,1,1,1,0,0,0
3674,20,37,0.19473684210526315,1,0.0,0.0,-0.9156930126002295,11,1,3.7,0.07251461988304092,0.4474856197309842,4,2,0.8,4,0,13,0,4,0,1,2,0,0,0,0,0,0,0,0,0,0,0,0,0,0,0,2,0,0,0,0,0,4,2,11,0,0,1,0,0,4.029413313439826,2.6985611136507206,5.6583264099501305,0,0,0,2,4,0,0,0,30,1,0,0,0,0,0,0,0,0,0,0,0,0
3677,4,3,0.5,1,0.0,0.0,-0.4999999999999988,2,1,1.5,0.3333333333333333,0.625,3,2,0.5,2,0,0,0,0,0,0,2,0,0,0,0,0,0,0,0,0,0,0,2,0,0,0,0,0,0,0,4,0,0,0,0,0,0,0,0,0,3.59745814123583,3.487398056552642,3.65874753182979,0,3,0,0,0,0,0,0,0,0,1,1,1,1,1,1,1,1,1,0,0,0
3684,6,8,0.5333333333333333,1,0.0,0.0,-1.0,4,2,2.6666666666666665,0.1166666666666667,0.6944444444444445,2,2,0.3333333333333333,2,0,4,0,2,0,0,0,0,0,0,0,0,0,0,0,0,0,0,0,0,0,0,0,0,0,0,0,0,2,0,4,0,0,0,0,0,4.3008997344013045,3.575669195299646,5.1201154896555,0,0,0,0,0,0,0,0,8,0,1,0,0,0,0,0,0,0,0,0,0,0
3690,6,5,0.3333333333333333,1,0.0,0.0,-1.0,5,1,1.6666666666666667,0.16666666666666666,0.6296296296296297,2,1,0.16666666666666666,2,0,0,0,0,0,0,0,0,0,0,0,0,0,0,1,0,0,0,5,0,0,0,0,0,0,0,6,0,0,0,0,0,0,0,0,0,3.669722745830202,3.5758000748526353,3.7322193608574747,0,5,0,0,0,0,0,0,0,0,0,0,0,0,0,0,0,0,0,0,0,0
3693,4,3,0.5,1,0.0,0.0,-1.0,3,1,1.5,0.25,0.7,2,1,0.75,3,0,0,0,0,0,1,0,0,0,0,0,0,0,0,1,0,0,0,2,0,0,0,0,0,0,0,4,0,0,0,0,0,0,0,0,0,3.638003885789255,3.5577808495561802,3.788258734860726,0,3,0,0,0,0,0,0,0,0,1,1,1,1,1,0,0,0,0,0,0,0
3694,15,27,0.2571428571428571,1,0.0,0.0,-0.7978048780487815,8,1,3.6,0.0915750915750916,0.4742889385487282,4,2,0.7333333333333333,4,0,8,0,4,0,1,2,0,0,0,0,0,0,0,0,0,0,0,0,0,0,0,1,0,0,0,0,0,3,3,6,0,0,2,0,0,4.075958394888362,2.640136718533834,5.492144114676874,0,0,0,1,4,0,0,0,20,2,0,0,0,0,0,0,0,0,0,0,0,0
3698,4,3,0.5,1,0.0,0.0,-0.4999999999999988,2,1,1.5,0.3333333333333333,0.625,3,2,0.5,2,0,0,0,0,0,0,2,0,0,0,0,0,0,0,0,0,0,0,2,0,0,0,0,0,0,0,4,0,0,0,0,0,0,0,0,0,3.598149622525499,3.5432619150077667,3.6599777412927224,0,3,0,0,0,0,0,0,0,0,1,1,1,1,1,1,1,1,1,0,0,0
3703,12,18,0.2727272727272727,1,0.0,0.0,-0.71247357293869,5,1,3.0,0.11818181818181817,0.47037037037037027,4,2,0.3333333333333333,4,0,5,0,4,0,1,2,0,0,0,0,0,0,0,0,0,0,0,0,0,0,0,2,0,0,0,0,0,4,2,3,0,0,1,0,0,4.003491311327161,2.322086510666124,5.621432143036485,0,0,0,2,4,0,0,0,11,1,0,0,0,0,0,0,0,0,0,0,0,0
3705,4,3,0.5,1,0.0,0.0,-0.4999999999999988,2,1,1.5,0.3333333333333333,0.625,3,2,0.5,3,0,0,0,0,0,0,1,0,0,0,1,0,0,0,0,0,0,0,2,0,0,0,0,0,0,0,4,0,0,0,0,0,0,0,0,0,3.5759922937612054,3.532914964697916,3.609454761866724,0,3,0,0,0,0,0,0,0,0,1,1,1,1,1,1,1,1,1,0,0,0
3712,5,5,0.5,1,0.0,0.0,-0.6666666666666623,3,1,2.0,0.19999999999999998,0.6409523809523808,3,2,0.6,2,0,0,0,0,0,0,3,0,0,0,0,2,0,0,0,0,0,0,0,0,0,0,0,0,0,0,0,0,3,0,2,0,0,0,0,0,5.328884665087637,4.21447951237987,5.838671211364132,0,0,0,0,0,0,0,0,5,0,0,0,0,0,0,0,0,0,0,0,0,0
3714,14,35,0.38461538461538464,1,0.0,0.0,0.15999999999999787,6,1,5.0,0.07326007326007324,0.5525059753631182,5,3,0.5,3,0,8,0,0,0,0,4,2,0,0,0,0,0,0,0,0,0,0,0,0,0,0,2,0,0,0,0,0,1,3,6,0,0,2,0,0,3.726256851962595,2.6718759473516815,5.529774112246498,0,0,0,2,17,0,0,0,14,2,0,0,0,0,0,0,0,0,0,0,0,0
3715,4,3,0.5,1,0.0,0.0,-1.0,3,1,1.5,0.25,0.7,2,1,0.25,1,0,0,0,0,0,0,0,0,0,0,4,0,0,0,0,0,0,0,0,0,0,0,0,0,0,0,4,0,0,0,0,0,0,0,0,0,3.611204226161965,3.5054849982528804,3.7044965444195057,0,3,0,0,0,0,0,0,0,0,1,1,1,1,1,0,0,0,0,0,0,0
3716,4,3,0.5,1,0.0,0.0,-1.0,3,1,1.5,0.25,0.7,2,1,0.25,2,0,0,0,0,0,0,0,0,0,1,0,0,0,3,0,0,0,0,0,0,0,0,0,0,0,0,4,0,0,0,0,0,0,0,0,0,3.6095234193784766,3.4971302249833354,3.6929145433985835,0,3,0,0,0,0,0,0,0,0,1,1,1,1,1,0,0,0,0,0,0,0
3720,6,6,0.4,1,0.0,0.0,-0.5000000000000007,3,1,2.0,0.19999999999999998,0.5747955747955749,3,2,0.5,3,0,1,0,0,0,0,3,0,0,0,0,2,0,0,0,0,0,0,0,0,0,0,0,0,0,0,0,0,3,0,3,0,0,0,0,0,5.177811167081532,3.649763036294339,5.687272095982333,0,0,0,0,0,0,0,0,6,0,0,0,0,0,0,0,0,0,0,0,0,0
3728,32,67,0.1350806451612903,1,0.0,0.0,0.1479768786127171,8,1,4.1875,0.06693548387096773,0.34487860074275767,7,4,0.5,5,0,16,0,3,0,0,9,1,0,0,0,3,0,0,0,0,0,0,0,0,0,0,1,0,0,0,0,0,10,2,18,0,0,1,0,0,4.633063501076489,2.505147236317512,5.9981761453681015,0,0,0,1,36,0,0,0,29,1,0,0,0,0,0,0,0,0,0,0,0,0
3731,6,5,0.3333333333333333,1,0.0,0.0,-1.0,5,1,1.6666666666666667,0.16666666666666666,0.6296296296296297,2,1,0.16666666666666666,2,0,0,0,0,0,0,0,0,0,1,0,0,0,5,0,0,0,0,0,0,0,0,0,0,0,0,6,0,0,0,0,0,0,0,0,0,3.617910147757867,3.442872046207371,3.7917033026067903,0,5,0,0,0,0,0,0,0,0,0,0,0,0,0,0,0,0,0,0,0,0
3733,4,3,0.5,1,0.0,0.0,-1.0,3,1,1.5,0.25,0.7000000000000001,2,1,0.25,3,0,0,0,0,0,0,2,0,0,0,0,1,0,0,0,0,0,0,0,1,1,0,0,0,0,0,0,0,2,0,0,0,0,1,0,0,3.821141846784959,2.7719607879051096,5.179279039735648,0,0,0,1,0,0,0,0,2,0,0,0,0,0,0,0,0,0,0,0,0,0
3734,7,6,0.2857142857142857,1,0.0,0.0,-1.0,6,1,1.7142857142857142,0.14285714285714285,0.6103896103896104,2,1,0.14285714285714285,3,0,0,0,0,0,0,4,0,2,0,0,1,0,0,0,0,0,0,0,0,0,0,0,0,0,0,0,0,3,1,2,0,0,1,0,0,4.71000865162711,2.3399075387005803,5.803817314285798,0,0,0,0,2,0,0,0,3,1,0,0,0,0,0,0,0,0,0,0,0,0
3748,4,3,0.5,1,0.0,0.0,-0.4999999999999988,2,1,1.5,0.3333333333333333,0.625,3,2,0.5,2,0,0,0,0,0,0,0,0,0,0,3,0,0,0,0,0,0,0,1,0,0,0,0,0,0,0,4,0,0,0,0,0,0,0,0,0,3.6262239617365513,3.586545419796874,3.6762165059826644,0,3,0,0,0,0,0,0,0,0,1,1,1,1,1,1,1,1,1,0,0,0
3750,4,4,0.6666666666666666,1,0.0,0.0,,2,2,2.0,0.16666666666666666,0.75,2,2,0.5,2,0,0,0,3,0,0,0,0,0,0,0,1,0,0,0,0,0,0,0,0,0,0,0,0,0,0,0,0,3,0,1,0,0,0,0,0,4.717094185776537,3.101246010544338,5.416535999348576,0,0,0,0,2,0,0,0,2,0,0,0,0,0,0,0,0,0,0,0,0,0
3751,7,9,0.42857142857142855,1,0.0,0.0,-0.4400000000000007,4,2,2.5714285714285716,0.14285714285714282,0.5932900432900432,3,2,0.42857142857142855,3,0,0,0,4,0,0,0,0,2,0,0,1,0,0,0,0,0,0,0,0,0,0,0,0,0,0,0,0,4,0,3,0,0,0,0,0,4.626431927375409,3.205124342883801,5.854962705485416,0,0,0,0,3,0,0,0,6,0,0,0,0,0,0,0,0,0,0,0,0,0
3752,8,16,0.5714285714285714,1,0.0,0.0,,4,4,4.0,0.07142857142857142,0.7,2,2,0.5,1,0,8,0,0,0,0,0,0,0,0,0,0,0,0,0,0,0,0,0,0,0,0,0,0,0,0,0,0,0,0,8,0,0,0,0,0,4.093655202620706,3.4497452092526895,5.299016064949447,0,0,0,0,16,0,0,0,0,0,0,0,0,0,0,0,0,0,0,0,0,0
3766,5,4,0.4,1,0.0,0.0,-0.6666666666666666,3,1,1.6,0.26666666666666666,0.5822222222222222,3,2,0.6,3,0,0,1,0,0,0,2,0,2,0,0,0,0,0,0,0,0,0,0,0,1,0,0,0,0,0,0,0,2,0,1,0,0,1,0,0,3.8509746441400914,2.507335143802353,5.278237893557169,0,0,0,1,0,0,0,0,3,0,1,0,0,0,0,0,0,0,0,0,0,0
3777,5,4,0.4,1,0.0,0.0,-0.6666666666666666,3,1,1.6,0.26666666666666666,0.5822222222222223,3,2,0.4,3,0,0,1,0,0,0,2,0,2,0,0,0,0,0,0,0,0,0,0,0,1,0,0,0,0,0,0,0,2,0,1,0,0,1,0,0,3.941289813918096,2.588802750763277,5.389564489891861,0,0,0,1,0,0,0,0,3,0,1,0,0,0,0,0,0,0,0,0,0,0
3782,8,11,0.39285714285714285,1,0.0,0.0,-0.9642857142857144,6,1,2.75,0.10714285714285714,0.6239583333333334,3,2,0.75,2,0,4,0,0,0,0,4,0,0,0,0,0,0,0,0,0,0,0,0,0,0,0,0,0,0,0,0,0,3,1,3,0,0,1,0,0,4.478176278651664,2.5554954492378132,5.6496028108206655,0,0,0,0,3,0,0,0,7,1,0,0,0,0,0,0,0,0,0,0,0,0
3783,8,11,0.39285714285714285,1,0.0,0.0,-0.9642857142857144,6,1,2.75,0.10714285714285712,0.6239583333333334,3,2,0.75,2,0,4,0,0,0,0,4,0,0,0,0,0,0,0,0,0,0,0,0,0,0,0,0,0,0,0,0,0,3,1,3,0,0,1,0,0,4.409761047030442,2.9368579776198387,5.745092480842657,0,0,0,0,3,0,0,0,7,1,0,0,0,0,0,0,0,0,0,0,0,0
3787,4,3,0.5,1,0.0,0.0,-0.4999999999999988,2,1,1.5,0.3333333333333333,0.625,3,2,0.5,3,0,0,0,1,0,0,2,0,0,0,0,1,0,0,0,0,0,0,0,0,0,0,0,0,0,0,0,0,3,0,1,0,0,0,0,0,5.076276043486697,4.057846725539911,5.664324980541374,0,0,0,0,1,0,0,0,2,0,1,1,0,0,0,0,0,0,0,0,0,0
3789,12,21,0.3181818181818182,1,0.0,0.0,-0.06684491978609468,5,2,3.5,0.10303030303030303,0.5030194342694343,4,3,0.5,2,0,8,0,4,0,0,0,0,0,0,0,0,0,0,0,0,0,0,0,0,0,0,0,0,0,0,0,0,2,2,6,0,0,2,0,0,4.7325941868648815,2.772745024998127,5.979447651527946,0,0,0,0,8,0,0,0,11,2,0,0,0,0,0,0,0,0,0,0,0,0
3820,4,3,0.5,1,0.0,0.0,-1.0,3,1,1.5,0.25,0.7,2,1,0.25,2,0,0,0,0,0,0,0,0,0,0,0,0,1,3,0,0,0,0,0,0,0,0,0,0,0,0,4,0,0,0,0,0,0,0,0,0,3.6630732350857413,3.5498457324329435,3.7230102007873564,0,3,0,0,0,0,0,0,0,0,1,1,1,1,1,0,0,0,0,0,0,0
3825,7,9,0.42857142857142855,1,0.0,0.0,-0.9367088607594948,5,1,2.5714285714285716,0.12380952380952381,0.6319727891156462,3,2,0.7142857142857143,3,0,4,0,0,0,0,2,0,0,0,0,0,0,0,0,0,0,1,0,0,0,0,1,0,0,0,0,0,0,2,2,0,0,2,0,0,3.5823749771214404,2.647581859547553,4.888278998660805,0,0,0,1,0,0,0,0,6,2,0,0,0,0,0,0,0,0,0,0,0,0
3826,4,4,0.6666666666666666,1,0.0,0.0,,2,2,2.0,0.16666666666666666,0.75,2,2,0.5,2,0,0,0,2,0,0,0,0,0,0,0,2,0,0,0,0,0,0,0,0,0,0,0,0,0,0,0,0,2,0,2,0,0,0,0,0,4.2199767017354715,3.067177204477249,5.993065624439912,0,0,0,0,0,0,0,0,4,0,1,1,0,0,0,0,0,0,0,0,0,0
3828,4,3,0.5,1,0.0,0.0,-0.4999999999999988,2,1,1.5,0.3333333333333333,0.625,3,2,0.5,3,1,0,0,0,0,0,0,0,0,1,2,0,0,0,0,0,0,0,0,0,0,0,0,0,0,0,4,0,0,0,0,0,0,0,0,0,3.676173999484194,3.64077532133176,3.714865116312784,0,3,0,0,0,0,0,0,0,0,1,1,1,1,1,1,1,1,1,0,0,0
3830,6,6,0.4,1,0.0,0.0,-0.5000000000000007,3,1,2.0,0.19999999999999998,0.5747955747955747,3,2,0.5,2,0,0,0,0,0,0,4,0,0,0,0,2,0,0,0,0,0,0,0,0,0,0,0,0,0,0,0,0,4,0,2,0,0,0,0,0,4.881210672264658,4.597007537992132,5.480759224679506,0,0,0,0,4,0,0,0,2,0,0,0,0,0,0,0,0,0,0,0,0,0
3837,5,4,0.4,1,0.0,0.0,-1.0,4,1,1.6,0.2,0.6571428571428571,2,1,0.2,3,0,0,0,2,0,0,2,0,0,0,0,1,0,0,0,0,0,0,0,0,0,0,0,0,0,0,0,0,4,0,1,0,0,0,0,0,4.599103801185129,3.275073626012562,5.083495391543739,0,0,0,0,0,0,0,0,4,0,1,0,0,0,0,0,0,0,0,0,0,0
3839,7,6,0.2857142857142857,1,0.0,0.0,-0.19999999999999687,2,1,1.7142857142857142,0.3333333333333333,0.3920722135007849,6,3,0.5714285714285714,3,0,0,0,0,0,0,0,0,0,0,1,2,0,4,0,0,0,0,0,0,0,0,0,0,0,0,7,0,0,0,0,0,0,0,0,0,3.483776819679811,3.3046718601245977,3.7835819152062005,0,6,0,0,0,0,0,0,0,0,0,0,0,0,0,0,0,0,0,0,0,0
3844,4,3,0.5,1,0.0,0.0,-0.4999999999999988,2,1,1.5,0.3333333333333333,0.625,3,2,0.5,2,0,0,0,0,0,0,2,0,2,0,0,0,0,0,0,0,0,0,0,0,0,0,0,0,0,0,0,0,1,1,1,0,0,1,0,0,3.825009520125672,2.541815884288314,4.471870879924753,0,0,0,0,0,0,0,0,2,1,0,0,0,0,0,0,0,0,0,0,0,0
3851,8,8,0.2857142857142857,1,0.0,0.0,-0.76,6,1,2.0,0.14285714285714285,0.5598958333333334,3,2,0.75,3,0,0,0,2,0,0,4,0,0,0,0,2,0,0,0,0,0,0,0,0,0,0,0,0,0,0,0,0,2,4,0,0,0,2,0,0,3.47409580925657,2.60473141507543,5.063766185033642,0,0,0,0,0,0,0,0,4,4,0,0,0,0,0,0,0,0,0,0,0,0
3854,7,9,0.42857142857142855,1,0.0,0.0,-0.9367088607594948,5,1,2.5714285714285716,0.1238095238095238,0.6319727891156462,3,2,0.2857142857142857,3,0,4,0,0,0,0,2,0,0,0,0,0,0,0,0,0,0,1,0,0,0,0,1,0,0,0,0,0,0,2,2,0,0,2,0,0,3.611548238021316,2.7134341432091458,4.902173007384538,0,0,0,1,0,0,0,0,6,2,0,0,0,0,0,0,0,0,0,0,0,0
3861,6,7,0.4666666666666667,1,0.0,0.0,-0.8666666666666683,4,1,2.3333333333333335,0.15,0.638888888888889,3,2,0.6666666666666666,2,0,4,0,0,0,0,2,0,0,0,0,0,0,0,0,0,0,0,0,0,0,0,0,0,0,0,0,0,1,1,2,0,0,2,0,0,3.8661978682264215,2.7153029614162256,4.933681755228281,0,0,0,0,0,0,0,0,5,2,0,0,0,0,0,0,0,0,0,0,0,0
3863,6,7,0.4666666666666667,1,0.0,0.0,-0.8666666666666683,4,1,2.3333333333333335,0.15,0.638888888888889,3,2,0.3333333333333333,2,0,4,0,0,0,0,2,0,0,0,0,0,0,0,0,0,0,0,0,0,0,0,0,0,0,0,0,0,1,1,2,0,0,2,0,0,3.8158534615523387,2.6939022796345973,4.887644934025426,0,0,0,0,0,0,0,0,5,2,0,0,0,0,0,0,0,0,0,0,0,0
3864,4,3,0.5,1,0.0,0.0,-0.4999999999999988,2,1,1.5,0.3333333333333333,0.625,3,2,0.5,4,0,0,1,1,0,1,0,0,0,0,0,0,0,0,0,0,1,0,0,0,2,0,2,0,0,0,0,0,0,0,0,0,0,0,0,0,2.839785629651674,2.7318811393007048,2.9211957048434343,0,0,0,3,0,0,0,0,0,0,1,1,0,0,0,0,0,0,0,0,0,0
3869,8,8,0.2857142857142857,1,0.0,0.0,-0.76,6,1,2.0,0.14285714285714285,0.5598958333333334,3,2,0.25,3,0,0,0,2,0,0,4,0,0,0,0,2,0,0,0,0,0,0,0,0,0,0,0,0,0,0,0,0,2,4,0,0,0,2,0,0,3.3998913219141214,2.449659942834202,4.819747219197901,0,0,0,0,0,0,0,0,4,4,0,0,0,0,0,0,0,0,0,0,0,0
3874,6,8,0.5333333333333333,1,0.0,0.0,-1.0,4,2,2.6666666666666665,0.1166666666666667,0.6944444444444445,2,2,0.6666666666666666,2,0,4,0,2,0,0,0,0,0,0,0,0,0,0,0,0,0,0,0,0,0,0,0,0,0,0,0,0,1,1,3,0,0,1,0,0,4.271712116690553,2.5665380268205373,5.796766950197886,0,0,0,0,0,0,0,0,7,1,1,1,1,0,0,0,0,0,0,0,0,0
3876,4,3,0.5,1,0.0,0.0,-1.0,3,1,1.5,0.25,0.7000000000000001,2,1,0.25,2,0,0,0,0,0,0,0,0,0,0,0,0,0,0,0,0,0,0,3,1,0,0,0,0,0,0,4,0,0,0,0,0,0,0,0,0,3.427287334104078,3.2522310519023616,3.529526118867087,0,3,0,0,0,0,0,0,0,0,1,1,1,1,1,0,0,0,0,0,0,0
3883,4,3,0.5,1,0.0,0.0,-1.0,3,1,1.5,0.25,0.7,2,1,0.75,3,0,0,0,2,0,0,1,0,0,0,0,1,0,0,0,0,0,0,0,0,0,0,0,0,0,0,0,0,3,0,1,0,0,0,0,0,4.753263308171494,3.837340766727541,5.933730633693364,0,0,0,0,0,0,0,0,3,0,1,1,1,0,0,0,0,0,0,0,0,0
3884,8,9,0.32142857142857145,1,0.0,0.0,-0.5981308411214957,4,1,2.25,0.15476190476190474,0.5369791666666667,3,2,0.5,4,0,4,0,1,0,0,1,0,2,0,0,0,0,0,0,0,0,0,0,0,2,0,0,0,0,0,0,0,0,0,4,1,0,1,0,0,4.224650246476268,2.927489242095145,5.820128968246891,0,0,0,2,6,0,1,0,0,0,0,0,0,0,0,0,0,0,0,0,0,0
3885,14,38,0.4175824175824176,1,0.0,0.0,-0.33091787439613396,7,1,5.428571428571429,0.05952380952380952,0.5947027674706247,4,2,0.42857142857142855,2,0,11,0,3,0,0,0,0,0,0,0,0,0,0,0,0,0,0,0,0,0,0,0,0,0,0,0,0,1,2,10,0,0,1,0,0,4.813862283974397,2.350820652349153,5.869137150658151,0,0,0,0,25,0,0,0,11,2,0,0,0,0,0,0,0,0,0,0,0,0
3886,4,3,0.5,1,0.0,0.0,-1.0,3,1,1.5,0.25,0.7,2,1,0.75,2,0,0,0,0,0,0,0,0,0,0,0,0,0,0,0,0,0,0,3,1,0,0,0,0,0,0,4,0,0,0,0,0,0,0,0,0,3.520070572229798,3.2786395785505853,3.7317893159678763,0,3,0,0,0,0,0,0,0,0,1,1,1,1,1,0,0,0,0,0,0,0
3890,10,11,0.24444444444444444,1,0.0,0.0,-0.5294117647058816,4,1,2.2,0.15277777777777776,0.4689448051948052,4,2,0.4,6,0,4,1,1,0,0,1,0,2,0,0,0,0,0,0,1,0,0,0,0,4,0,0,0,0,0,0,0,0,0,4,0,0,2,0,0,3.928873703635293,2.701193270690722,5.644509577310946,0,0,0,4,7,0,0,0,0,0,0,0,0,0,0,0,0,0,0,0,0,0
3893,6,6,0.4,1,0.0,0.0,-0.7333333333333336,4,1,2.0,0.18333333333333335,0.5972222222222222,3,2,0.3333333333333333,2,0,4,0,2,0,0,0,0,0,0,0,0,0,0,0,0,0,0,0,0,0,0,0,0,0,0,0,0,1,1,3,0,0,1,0,0,4.160748203528923,2.4924293839265803,5.518188132284972,0,0,0,0,0,0,0,0,5,1,1,0,0,0,0,0,0,0,0,0,0,0
3896,4,3,0.5,1,0.0,0.0,-1.0,3,1,1.5,0.25,0.7000000000000001,2,1,0.75,3,0,0,1,0,0,0,0,0,0,1,0,0,0,0,0,0,0,0,2,0,0,0,0,0,0,0,4,0,0,0,0,0,0,0,0,0,3.5488112817938613,3.437098947888209,3.6578833967357274,0,3,0,0,0,0,0,0,0,0,1,1,1,1,1,0,0,0,0,0,0,0
3903,15,38,0.3619047619047619,1,0.0,0.0,-0.38293075684380296,8,1,5.066666666666666,0.06373626373626373,0.5604624608373175,4,2,0.6,2,0,12,0,3,0,0,0,0,0,0,0,0,0,0,0,0,0,0,0,0,0,0,0,0,0,0,0,0,1,2,11,0,0,1,0,0,4.68556207903534,2.2484482660905902,5.870479793671409,0,0,0,0,26,0,0,0,10,2,0,0,0,0,0,0,0,0,0,0,0,0
3905,4,4,0.6666666666666666,1,0.0,0.0,,2,2,2.0,0.16666666666666666,0.75,2,2,0.5,1,0,0,0,4,0,0,0,0,0,0,0,0,0,0,0,0,0,0,0,0,0,0,0,0,0,0,0,0,4,0,0,0,0,0,0,0,3.9580260001320986,2.6725646591658503,5.587283928736564,0,0,0,0,4,0,0,0,0,0,1,1,0,0,0,0,0,0,0,0,0,0
3906,8,12,0.42857142857142855,1,0.0,0.0,-0.7032258064516119,5,1,3.0,0.11309523809523808,0.6083527583527584,3,2,0.625,3,0,4,0,2,0,0,0,0,0,0,0,2,0,0,0,0,0,0,0,0,0,0,0,0,0,0,0,0,2,0,6,0,0,0,0,0,4.387538051862781,3.078862719159988,5.513022949722418,0,0,0,0,3,0,0,0,9,0,0,0,0,0,0,0,0,0,0,0,0,0
3908,6,5,0.3333333333333333,1,0.0,0.0,-1.0,5,1,1.6666666666666667,0.16666666666666666,0.6296296296296297,2,1,0.16666666666666666,2,0,0,0,0,0,0,1,0,0,0,0,0,0,5,0,0,0,0,0,0,0,0,0,0,0,0,6,0,0,0,0,0,0,0,0,0,3.5051270787238336,3.2669948232125114,3.7240904006496462,0,5,0,0,0,0,0,0,0,0,0,0,0,0,0,0,0,0,0,0,0,0
3915,4,3,0.5,1,0.0,0.0,-1.0,3,1,1.5,0.25,0.7,2,1,0.75,2,0,3,0,0,0,0,1,0,0,0,0,0,0,0,0,0,0,0,0,0,0,0,0,0,0,0,0,0,1,0,3,0,0,0,0,0,5.085586940193372,4.423896570514508,5.417873013202132,0,0,0,0,0,0,0,0,3,0,1,1,1,0,0,0,0,0,0,0,0,0
3918,8,8,0.2857142857142857,1,0.0,0.0,-0.4444444444444444,4,1,2.0,0.19047619047619047,0.48593749999999997,4,2,0.5,4,0,2,0,2,0,0,2,0,2,0,0,0,0,0,0,0,0,0,0,0,0,0,0,0,0,0,0,0,4,0,4,0,0,0,0,0,4.718297317969399,3.2894384467724955,5.973262163656542,0,0,0,0,2,0,0,0,6,0,0,0,0,0,0,0,0,0,0,0,0,0
3926,4,3,0.5,1,0.0,0.0,-0.4999999999999988,2,1,1.5,0.3333333333333333,0.625,3,2,0.5,4,0,0,0,0,0,0,1,0,0,0,1,0,1,0,0,0,1,0,0,0,0,0,0,0,0,0,4,0,0,0,0,0,0,0,0,0,3.6305862164741867,3.385731302450726,3.759108253846662,0,3,0,0,0,0,0,0,0,0,1,1,1,1,1,1,1,1,1,0,0,0
3938,16,32,0.26666666666666666,1,0.0,0.0,-0.338562091503268,6,1,4.0,0.08571428571428572,0.4747105964211227,5,3,0.5,2,0,10,0,0,0,0,6,0,0,0,0,0,0,0,0,0,0,0,0,0,0,0,0,0,0,0,0,0,6,0,10,0,0,0,0,0,4.908385019041377,3.6337396046527823,5.943828057998628,0,0,0,0,17,0,0,0,15,0,0,0,0,0,0,0,0,0,0,0,0,0
3943,7,7,0.3333333333333333,1,0.0,0.0,-0.6065573770491793,4,1,2.0,0.18095238095238095,0.544824223395652,3,2,0.5714285714285714,2,0,0,2,0,0,0,0,0,5,0,0,0,0,0,0,0,0,0,0,0,2,1,0,0,0,0,0,0,0,0,2,0,0,0,2,0,3.673860741921231,2.691048113597421,4.952855086009309,1,0,0,2,3,1,0,0,0,0,0,0,0,0,0,0,0,0,0,0,0,0
3948,5,4,0.4,1,0.0,0.0,-0.3333333333333333,2,1,1.6,0.3333333333333333,0.5219047619047619,4,2,0.4,2,0,1,0,4,0,0,0,0,0,0,0,0,0,0,0,0,0,0,0,0,0,0,0,0,0,0,0,0,4,0,1,0,0,0,0,0,5.127751573125678,3.9688297270502617,5.910007519638093,0,0,0,0,3,0,0,0,1,0,0,0,0,0,0,0,0,0,0,0,0,0
3949,6,5,0.3333333333333333,1,0.0,0.0,-0.3333333333333341,3,1,1.6666666666666667,0.26666666666666666,0.5081955081955082,4,2,0.5,4,0,1,0,3,0,0,1,0,0,0,0,1,0,0,0,0,0,0,0,0,1,0,0,0,0,0,0,0,2,1,0,0,0,2,0,0,4.41021285832961,2.7295543304367906,5.90605920681484,0,0,0,1,1,0,0,0,2,1,0,0,0,0,0,0,0,0,0,0,0,0
3950,4,3,0.5,1,0.0,0.0,-0.4999999999999988,2,1,1.5,0.3333333333333333,0.625,3,2,0.5,1,0,0,0,0,0,0,0,0,0,0,0,0,0,0,0,0,0,4,0,0,0,0,0,0,0,0,4,0,0,0,0,0,0,0,0,0,3.651550786170265,3.557736488808576,3.760597039574633,0,3,0,0,0,0,0,0,0,0,1,1,1,1,1,1,1,1,1,0,0,0
3952,7,7,0.3333333333333333,1,0.0,0.0,-0.6065573770491793,4,1,2.0,0.18095238095238095,0.544824223395652,3,2,0.5714285714285714,4,0,1,0,3,0,0,2,0,0,0,0,1,0,0,0,0,0,0,0,0,1,0,0,0,0,0,0,0,3,1,0,0,0,2,0,0,4.517107813135796,2.594169567033677,5.92520398450266,0,0,0,1,2,0,0,0,3,1,0,0,0,0,0,0,0,0,0,0,0,0
3958,4,3,0.5,1,0.0,0.0,-1.0,3,1,1.5,0.25,0.7000000000000001,2,1,0.25,2,0,0,0,0,0,0,0,0,0,0,0,0,0,3,0,0,0,0,0,1,0,0,0,0,0,0,4,0,0,0,0,0,0,0,0,0,3.431102861402204,3.256131692144801,3.5804924352286864,0,3,0,0,0,0,0,0,0,0,1,1,1,1,1,0,0,0,0,0,0,0
3962,5,4,0.4,1,0.0,0.0,-1.0,4,1,1.6,0.2,0.6571428571428571,2,1,0.8,3,0,0,0,0,0,0,0,0,0,0,0,0,1,3,0,0,0,0,0,1,0,0,0,0,0,0,5,0,0,0,0,0,0,0,0,0,3.5337733068000947,3.3105899354889767,3.7292150819015255,0,4,0,0,0,0,0,0,0,0,0,0,0,0,0,0,0,0,0,0,0,0
3974,12,17,0.25757575757575757,1,0.0,0.0,-0.7401574803149612,5,2,2.8333333333333335,0.13030303030303034,0.4450142450142451,5,3,0.5,2,0,8,0,4,0,0,0,0,0,0,0,0,0,0,0,0,0,0,0,0,0,0,0,0,0,0,0,0,2,2,6,0,0,2,0,0,3.998080199756867,2.8800874790093536,5.471620697117764,0,0,0,0,1,0,0,0,14,2,0,0,0,0,0,0,0,0,0,0,0,0
3977,4,3,0.5,1,0.0,0.0,-0.4999999999999988,2,1,1.5,0.3333333333333333,0.625,3,2,0.5,1,0,0,0,0,0,0,4,0,0,0,0,0,0,0,0,0,0,0,0,0,0,0,0,0,0,0,0,0,4,0,0,0,0,0,0,0,3.8575714615436367,2.447345329054944,4.566747594269242,0,0,0,0,3,0,0,0,0,0,1,1,0,0,0,0,0,0,0,0,0,0
3981,5,4,0.4,1,0.0,0.0,-1.0,4,1,1.6,0.2,0.6571428571428571,2,1,0.8,2,1,0,0,0,0,0,0,0,0,0,0,0,0,4,0,0,0,0,0,0,0,0,0,0,0,0,5,0,0,0,0,0,0,0,0,0,3.5450167714105607,3.400939536044026,3.7046984274508294,0,4,0,0,0,0,0,0,0,0,0,0,0,0,0,0,0,0,0,0,0,0
3983,13,17,0.21794871794871795,1,0.0,0.0,-0.7411408815903201,8,1,2.6153846153846154,0.10722610722610723,0.47757788769934517,5,3,0.6923076923076923,3,0,9,0,3,0,0,0,0,0,0,0,0,0,0,1,0,0,0,0,0,2,0,0,0,0,0,0,0,0,2,5,0,0,4,0,0,4.049860093601691,2.564602847864836,5.506896447314858,0,0,0,2,0,0,0,0,13,2,0,0,0,0,0,0,0,0,0,0,0,0
3985,6,8,0.5333333333333333,1,0.0,0.0,-1.0,4,2,2.6666666666666665,0.1166666666666667,0.6944444444444445,2,2,0.3333333333333333,2,0,4,0,0,0,0,2,0,0,0,0,0,0,0,0,0,0,0,0,0,0,0,0,0,0,0,0,0,1,1,3,0,0,1,0,0,4.111884147366302,2.5403373001164455,5.739582391639508,0,0,0,0,0,0,0,0,7,1,1,1,1,0,0,0,0,0,0,0,0,0
3987,4,3,0.5,1,0.0,0.0,-0.4999999999999988,2,1,1.5,0.3333333333333333,0.625,3,2,0.5,2,0,2,0,0,0,0,2,0,0,0,0,0,0,0,0,0,0,0,0,0,0,0,0,0,0,0,0,0,2,0,2,0,0,0,0,0,5.357645048963619,4.6563345794654305,5.92593983947017,0,0,0,0,0,0,0,0,3,0,1,1,0,0,0,0,0,0,0,0,0,0
3989,14,17,0.18681318681318682,1,0.0,0.0,-0.7194994786235664,9,1,2.4285714285714284,0.10714285714285714,0.4560290058052206,5,3,0.2857142857142857,3,0,10,0,3,0,0,0,0,0,0,0,0,0,0,1,0,0,0,0,0,2,0,0,0,0,0,0,0,1,1,7,0,0,3,0,0,4.77963423420315,2.822290977124484,5.857072644557582,0,0,0,2,0,0,0,0,14,1,0,0,0,0,0,0,0,0,0,0,0,0
3993,5,4,0.4,1,0.0,0.0,-0.6666666666666666,3,1,1.6,0.26666666666666666,0.5822222222222221,3,2,0.6,2,0,0,0,0,0,0,0,0,0,1,4,0,0,0,0,0,0,0,0,0,0,0,0,0,0,0,5,0,0,0,0,0,0,0,0,0,3.455185916420691,3.2881730055298712,3.5881996772480322,0,4,0,0,0,0,0,0,0,0,1,1,1,1,0,0,0,0,0,0,0,0
3994,4,3,0.5,1,0.0,0.0,-1.0,3,1,1.5,0.25,0.7000000000000001,2,1,0.25,2,1,0,0,0,0,0,0,0,0,0,0,0,0,3,0,0,0,0,0,0,0,0,0,0,0,0,4,0,0,0,0,0,0,0,0,0,3.6248620908876408,3.5098706599862455,3.719927626986186,0,3,0,0,0,0,0,0,0,0,1,1,1,1,1,0,0,0,0,0,0,0
3995,4,3,0.5,1,0.0,0.0,-1.0,3,1,1.5,0.25,0.7000000000000001,2,1,0.75,2,1,0,0,0,0,0,0,0,0,0,0,0,0,3,0,0,0,0,0,0,0,0,0,0,0,0,4,0,0,0,0,0,0,0,0,0,3.7431952918981217,3.691104567283979,3.7955186126943072,0,3,0,0,0,0,0,0,0,0,1,1,1,1,1,0,0,0,0,0,0,0
3997,11,12,0.21818181818181817,1,0.0,0.0,-0.6242424242424255,6,1,2.1818181818181817,0.1515151515151515,0.4422411666993711,5,3,0.6363636363636364,3,0,7,0,3,0,0,0,0,0,0,0,0,0,0,1,0,0,0,0,0,2,0,0,0,0,0,0,0,1,1,4,0,0,3,0,0,4.39508069615275,2.7957483933861673,5.641918394210057,0,0,0,2,0,0,0,0,9,1,0,0,0,0,0,0,0,0,0,0,0,0
3999,6,7,0.4666666666666667,1,0.0,0.0,-0.8666666666666683,4,1,2.3333333333333335,0.15000000000000002,0.638888888888889,3,2,0.3333333333333333,2,0,4,0,0,0,0,2,0,0,0,0,0,0,0,0,0,0,0,0,0,0,0,0,0,0,0,0,0,2,0,4,0,0,0,0,0,4.231191111048546,3.268026394555504,5.156876138776647,0,0,0,0,0,0,0,0,7,0,1,0,0,0,0,0,0,0,0,0,0,0
4000,6,7,0.4666666666666667,1,0.0,0.0,-0.8666666666666683,4,1,2.3333333333333335,0.15000000000000002,0.638888888888889,3,2,0.6666666666666666,2,0,4,0,0,0,0,2,0,0,0,0,0,0,0,0,0,0,0,0,0,0,0,0,0,0,0,0,0,2,0,4,0,0,0,0,0,4.762594087769052,3.318729345869347,5.836589790479276,0,0,0,0,0,0,0,0,7,0,1,0,0,0,0,0,0,0,0,0,0,0
4002,15,20,0.19047619047619047,1,0.0,0.0,-0.8578255675029868,11,1,2.6666666666666665,0.07985347985347985,0.5056982177423602,4,2,0.2,2,0,12,0,3,0,0,0,0,0,0,0,0,0,0,0,0,0,0,0,0,1,0,0,0,0,0,0,0,0,2,8,0,0,4,0,0,4.093559994456842,2.457307771034108,5.949200201424144,0,0,0,1,0,0,0,0,16,3,0,0,0,0,0,0,0,0,0,0,0,0
4005,4,3,0.5,1,0.0,0.0,-0.4999999999999988,2,1,1.5,0.3333333333333333,0.625,3,2,0.5,2,0,0,0,0,0,0,0,0,0,1,3,0,0,0,0,0,0,0,0,0,0,0,0,0,0,0,4,0,0,0,0,0,0,0,0,0,3.4152908097016166,3.270270139405442,3.678362981048412,0,3,0,0,0,0,0,0,0,0,1,1,1,1,1,1,1,1,1,0,0,0
4006,6,5,0.3333333333333333,1,0.0,0.0,-0.6666666666666673,3,1,1.6666666666666667,0.2833333333333334,0.49007936507936506,4,2,0.6666666666666666,2,0,0,0,0,0,0,0,0,0,1,5,0,0,0,0,0,0,0,0,0,0,0,0,0,0,0,6,0,0,0,0,0,0,0,0,0,3.221498804146595,2.8599650288531833,3.556431917918464,0,5,0,0,0,0,0,0,0,0,0,0,0,0,0,0,0,0,0,0,0,0
4011,5,4,0.4,1,0.0,0.0,-0.6666666666666666,3,1,1.6,0.26666666666666666,0.5822222222222223,3,2,0.6,1,0,0,0,0,0,0,0,0,0,5,0,0,0,0,0,0,0,0,0,0,0,0,0,0,0,0,5,0,0,0,0,0,0,0,0,0,3.2487611901702924,2.6239356799500424,3.745262031525345,0,4,0,0,0,0,0,0,0,0,1,1,1,1,0,0,0,0,0,0,0,0
4014,6,5,0.3333333333333333,1,0.0,0.0,-0.6666666666666677,3,1,1.6666666666666667,0.23333333333333336,0.5411255411255411,3,2,0.5,1,0,6,0,0,0,0,0,0,0,0,0,0,0,0,0,0,0,0,0,0,0,0,0,0,0,0,0,0,0,0,6,0,0,0,0,0,4.820502579134665,3.7607972309573654,5.321923623275339,0,0,0,0,5,0,0,0,0,0,0,0,0,0,0,0,0,0,0,0,0,0
4016,6,5,0.3333333333333333,1,0.0,0.0,-0.7391304347826096,4,1,1.6666666666666667,0.21666666666666667,0.5625,3,2,0.3333333333333333,1,0,0,0,0,0,0,0,0,0,6,0,0,0,0,0,0,0,0,0,0,0,0,0,0,0,0,6,0,0,0,0,0,0,0,0,0,3.315944730383624,3.0033545103351535,3.6746511019938786,0,5,0,0,0,0,0,0,0,0,1,1,0,0,0,0,0,0,0,0,0,0
4019,8,9,0.32142857142857145,1,0.0,0.0,-0.6822429906542058,4,1,2.25,0.1607142857142857,0.5276635129576306,4,2,0.375,4,0,4,0,2,0,0,1,0,0,0,0,0,0,0,0,1,0,0,0,0,1,0,0,0,0,0,0,0,3,0,3,0,0,1,0,0,4.47342353767349,2.76261567366053,5.86688054533704,0,0,0,1,1,0,0,0,7,0,0,0,0,0,0,0,0,0,0,0,0,0
4021,4,3,0.5,1,0.0,0.0,-1.0,3,1,1.5,0.25,0.7000000000000001,2,1,0.25,1,0,4,0,0,0,0,0,0,0,0,0,0,0,0,0,0,0,0,0,0,0,0,0,0,0,0,0,0,0,0,4,0,0,0,0,0,5.490396937269323,5.333016597822926,5.60663694530769,0,0,0,0,3,0,0,0,0,0,1,1,0,0,0,0,0,0,0,0,0,0
4022,4,3,0.5,1,0.0,0.0,-0.4999999999999988,2,1,1.5,0.3333333333333333,0.625,3,2,0.5,2,0,0,0,3,0,0,0,0,0,0,0,1,0,0,0,0,0,0,0,0,0,0,0,0,0,0,0,0,3,0,1,0,0,0,0,0,4.737920287510578,4.0723307610361115,5.572280610228264,0,0,0,0,1,0,0,0,2,0,1,1,0,0,0,0,0,0,0,0,0,0
4030,4,3,0.5,1,0.0,0.0,-0.4999999999999988,2,1,1.5,0.3333333333333333,0.625,3,2,0.5,3,1,0,0,0,0,0,0,0,0,0,0,0,0,0,0,2,0,0,0,1,1,0,1,2,0,0,0,0,0,0,0,0,0,0,0,0,2.744705091683533,2.6452841433809846,2.8975927352913997,0,0,0,3,0,0,0,0,0,0,1,1,0,0,0,0,0,0,0,0,0,0
4042,5,4,0.4,1,0.0,0.0,-0.6666666666666666,3,1,1.6,0.26666666666666666,0.5822222222222222,3,2,0.4,3,0,0,0,0,0,0,2,0,1,0,0,2,0,0,0,0,0,0,0,0,1,0,0,0,0,0,0,0,2,0,1,0,0,1,0,0,4.108068926192946,2.7964806518267498,5.417085922472552,0,0,0,1,1,0,0,0,2,0,0,0,0,0,0,0,0,0,0,0,0,0
4044,4,4,0.6666666666666666,1,0.0,0.0,,2,2,2.0,0.16666666666666666,0.75,2,2,0.5,2,0,0,0,2,0,0,2,0,0,0,0,0,0,0,0,0,0,0,0,0,0,0,0,0,0,0,0,0,4,0,0,0,0,0,0,0,3.9447910830875017,3.107714632472219,4.9333342763199335,0,0,0,0,4,0,0,0,0,0,1,1,0,0,0,0,0,0,0,0,0,0
4061,6,6,0.4,1,0.0,0.0,-0.7333333333333336,4,1,2.0,0.18333333333333335,0.5972222222222222,3,2,0.3333333333333333,2,0,4,0,0,0,0,2,0,0,0,0,0,0,0,0,0,0,0,0,0,0,0,0,0,0,0,0,0,2,0,4,0,0,0,0,0,4.791599247139005,4.078474860980579,5.57575303576175,0,0,0,0,0,0,0,0,6,0,1,1,0,0,0,0,0,0,0,0,0,0
4075,5,4,0.4,1,0.0,0.0,-0.6666666666666666,3,1,1.6,0.26666666666666666,0.5822222222222221,3,2,0.4,2,0,3,0,0,0,0,0,0,2,0,0,0,0,0,0,0,0,0,0,0,0,0,0,0,0,0,0,0,0,0,5,0,0,0,0,0,5.040320932143317,4.116468129982106,5.817611875978433,0,0,0,0,4,0,0,0,0,0,0,0,0,0,0,0,0,0,0,0,0,0
4076,13,23,0.2948717948717949,1,0.0,0.0,-0.33333333333333365,7,2,3.5384615384615383,0.09557109557109558,0.4991235398887725,4,2,0.5384615384615384,3,0,8,0,0,0,0,4,0,1,0,0,0,0,0,0,0,0,0,0,0,0,0,0,0,0,0,0,0,2,2,7,0,0,2,0,0,4.822091710904118,2.8887213829218834,5.950787546726356,0,0,0,0,7,0,0,0,14,2,0,0,0,0,0,0,0,0,0,0,0,0
4079,6,5,0.3333333333333333,1,0.0,0.0,-0.7391304347826096,4,1,1.6666666666666667,0.21666666666666667,0.5625,3,2,0.6666666666666666,2,0,4,0,0,0,0,2,0,0,0,0,0,0,0,0,0,0,0,0,0,0,0,0,0,0,0,0,0,2,0,4,0,0,0,0,0,4.912490504432078,3.916148814462865,5.6448071167640315,0,0,0,0,0,0,0,0,5,0,1,1,0,0,0,0,0,0,0,0,0,0
4080,6,8,0.5333333333333333,1,0.0,0.0,-1.0,4,2,2.6666666666666665,0.1166666666666667,0.6944444444444445,2,2,0.6666666666666666,2,0,4,0,0,0,0,2,0,0,0,0,0,0,0,0,0,0,0,0,0,0,0,0,0,0,0,0,0,2,0,4,0,0,0,0,0,4.5465151604051055,3.722351871518634,5.4968030234571605,0,0,0,0,0,0,0,0,8,0,1,0,0,0,0,0,0,0,0,0,0,0
4086,4,3,0.5,1,0.0,0.0,-0.4999999999999988,2,1,1.5,0.3333333333333333,0.625,3,2,0.5,2,0,0,0,0,0,0,0,0,2,0,0,0,0,2,0,0,0,0,0,0,0,1,0,0,0,0,2,1,0,0,0,0,0,0,0,0,3.601174860284917,3.464391398605776,3.7130704288600023,1,2,0,0,0,0,0,0,0,0,0,0,0,0,0,0,0,0,0,0,0,0
4087,5,4,0.4,1,0.0,0.0,-0.6666666666666666,3,1,1.6,0.26666666666666666,0.5822222222222222,3,2,0.6,3,0,0,1,0,0,0,2,0,2,0,0,0,0,0,0,0,0,0,0,0,1,0,0,0,0,0,0,0,2,0,1,0,0,1,0,0,4.463195466853596,2.66210297435809,5.983612632322565,0,0,0,1,0,0,0,0,3,0,1,0,0,0,0,0,0,0,0,0,0,0
4092,4,3,0.5,1,0.0,0.0,-0.4999999999999988,2,1,1.5,0.3333333333333333,0.625,3,2,0.5,3,0,0,1,0,0,0,0,0,0,0,0,0,1,2,0,0,0,0,0,0,0,0,0,0,0,0,4,0,0,0,0,0,0,0,0,0,3.6727681762068656,3.6449053508595393,3.693579021830866,0,3,0,0,0,0,0,0,0,0,1,1,1,1,1,1,1,1,1,0,0,0
4093,5,4,0.4,1,0.0,0.0,-0.6666666666666666,3,1,1.6,0.26666666666666666,0.5822222222222223,3,2,0.4,3,0,0,1,0,0,0,2,0,2,0,0,0,0,0,0,0,0,0,0,0,1,0,0,0,0,0,0,0,2,0,1,0,0,1,0,0,4.160749294815632,2.5629083802484924,5.645369652875658,0,0,0,1,0,0,0,0,3,0,1,0,0,0,0,0,0,0,0,0,0,0
4104,5,4,0.4,1,0.0,0.0,-1.0,4,1,1.6,0.2,0.6571428571428571,2,1,0.8,2,0,3,0,2,0,0,0,0,0,0,0,0,0,0,0,0,0,0,0,0,0,0,0,0,0,0,0,0,2,0,3,0,0,0,0,0,5.5337332424160985,5.1739027270356,5.997354589115909,0,0,0,0,2,0,0,0,2,0,0,0,0,0,0,0,0,0,0,0,0,0
4107,4,4,0.6666666666666666,1,0.0,0.0,,2,2,2.0,0.16666666666666666,0.75,2,2,0.5,1,0,0,0,4,0,0,0,0,0,0,0,0,0,0,0,0,0,0,0,0,0,0,0,0,0,0,0,0,4,0,0,0,0,0,0,0,4.3137368607661255,2.8176130744520402,5.5347516032787665,0,0,0,0,4,0,0,0,0,0,1,1,0,0,0,0,0,0,0,0,0,0
4109,4,3,0.5,1,0.0,0.0,-0.4999999999999988,2,1,1.5,0.3333333333333333,0.625,3,2,0.5,2,0,0,0,0,0,0,0,0,0,0,2,0,0,0,0,0,2,0,0,0,0,0,0,0,0,0,4,0,0,0,0,0,0,0,0,0,3.53248260563263,3.3956979958075424,3.634420961885911,0,3,0,0,0,0,0,0,0,0,1,1,1,1,1,1,1,1,1,0,0,0
4110,9,13,0.3611111111111111,1,0.0,0.0,-0.5402843601895733,5,1,2.888888888888889,0.11904761904761901,0.5620198247649228,3,2,0.4444444444444444,2,0,7,0,2,0,0,0,0,0,0,0,0,0,0,0,0,0,0,0,0,0,0,0,0,0,0,0,0,0,2,5,0,0,2,0,0,4.273660269190824,2.6240131243518268,5.666421958094482,0,0,0,0,5,0,0,0,6,2,0,0,0,0,0,0,0,0,0,0,0,0
4119,5,5,0.5,1,0.0,0.0,-0.6666666666666623,3,1,2.0,0.19999999999999998,0.6409523809523809,3,2,0.4,3,0,0,0,0,1,0,0,0,0,0,0,0,0,3,1,0,0,0,0,0,0,0,0,0,0,0,5,0,0,0,0,0,0,0,0,0,3.673413413969709,3.416384423918673,3.7722789584705727,0,5,0,0,0,0,0,0,0,0,1,1,0,0,0,0,0,0,0,0,0,0
4125,5,4,0.4,1,0.0,0.0,-0.3333333333333333,2,1,1.6,0.3333333333333333,0.5219047619047619,4,2,0.4,2,0,0,0,0,0,0,0,0,0,0,3,0,0,0,0,0,2,0,0,0,0,0,0,0,0,0,5,0,0,0,0,0,0,0,0,0,3.669342562646656,3.546751923977191,3.7744286996676215,0,4,0,0,0,0,0,0,0,0,1,1,1,0,0,0,0,0,0,0,0,0
4127,9,14,0.3888888888888889,1,0.0,0.0,-0.5477386934673358,5,1,3.111111111111111,0.1111111111111111,0.5795735129068462,3,2,0.5555555555555556,2,0,7,0,2,0,0,0,0,0,0,0,0,0,0,0,0,0,0,0,0,0,0,0,0,0,0,0,0,1,1,6,0,0,1,0,0,4.314463251682986,2.4641882124272443,5.634378176817818,0,0,0,0,6,0,0,0,7,1,0,0,0,0,0,0,0,0,0,0,0,0
4129,4,4,0.6666666666666666,1,0.0,0.0,,2,2,2.0,0.16666666666666666,0.75,2,2,0.5,1,0,0,0,4,0,0,0,0,0,0,0,0,0,0,0,0,0,0,0,0,0,0,0,0,0,0,0,0,4,0,0,0,0,0,0,0,4.314249870793551,2.8351851946441085,5.502212373181819,0,0,0,0,4,0,0,0,0,0,1,1,0,0,0,0,0,0,0,0,0,0
4131,9,13,0.3611111111111111,1,0.0,0.0,-0.5402843601895733,5,1,2.888888888888889,0.11904761904761904,0.5620198247649228,3,2,0.4444444444444444,2,0,7,0,2,0,0,0,0,0,0,0,0,0,0,0,0,0,0,0,0,0,0,0,0,0,0,0,0,1,1,6,0,0,1,0,0,4.37677438451408,2.6751632838190607,5.689293620909691,0,0,0,0,5,0,0,0,7,1,0,0,0,0,0,0,0,0,0,0,0,0
4150,9,13,0.3611111111111111,1,0.0,0.0,-0.5402843601895733,5,1,2.888888888888889,0.11904761904761904,0.5620198247649228,3,2,0.5555555555555556,2,0,7,0,2,0,0,0,0,0,0,0,0,0,0,0,0,0,0,0,0,0,0,0,0,0,0,0,0,0,2,5,0,0,2,0,0,4.338308341796636,2.6946578252416704,5.708659001514021,0,0,0,0,5,0,0,0,6,2,0,0,0,0,0,0,0,0,0,0,0,0
4152,4,4,0.6666666666666666,1,0.0,0.0,,2,2,2.0,0.16666666666666666,0.75,2,2,0.5,1,0,0,0,4,0,0,0,0,0,0,0,0,0,0,0,0,0,0,0,0,0,0,0,0,0,0,0,0,4,0,0,0,0,0,0,0,4.247699911118072,2.7149393235823607,5.499441472086237,0,0,0,0,4,0,0,0,0,0,1,1,0,0,0,0,0,0,0,0,0,0
4154,4,3,0.5,1,0.0,0.0,-0.4999999999999988,2,1,1.5,0.3333333333333333,0.625,3,2,0.5,2,0,0,0,0,0,0,0,0,0,0,2,0,0,0,0,0,2,0,0,0,0,0,0,0,0,0,4,0,0,0,0,0,0,0,0,0,3.6361675834015745,3.5328235358884643,3.7692540149470237,0,3,0,0,0,0,0,0,0,0,1,1,1,1,1,1,1,1,1,0,0,0
4155,9,13,0.3611111111111111,1,0.0,0.0,-0.5402843601895733,5,1,2.888888888888889,0.11904761904761901,0.5620198247649228,3,2,0.4444444444444444,2,0,7,0,2,0,0,0,0,0,0,0,0,0,0,0,0,0,0,0,0,0,0,0,0,0,0,0,0,1,1,6,0,0,1,0,0,4.337684107482074,2.6709328909719274,5.653335756462161,0,0,0,0,5,0,0,0,7,1,0,0,0,0,0,0,0,0,0,0,0,0
4173,4,3,0.5,1,0.0,0.0,-0.4999999999999988,2,1,1.5,0.3333333333333333,0.625,3,2,0.5,3,0,0,0,0,0,0,0,0,0,1,2,0,0,1,0,0,0,0,0,0,0,0,0,0,0,0,4,0,0,0,0,0,0,0,0,0,3.6530771859052464,3.454377571244463,3.7803798266032196,0,3,0,0,0,0,0,0,0,0,1,1,1,1,1,1,1,1,1,0,0,0
4177,9,14,0.3888888888888889,1,0.0,0.0,-0.5477386934673358,5,1,3.111111111111111,0.1111111111111111,0.5795735129068462,3,2,0.5555555555555556,2,0,7,0,2,0,0,0,0,0,0,0,0,0,0,0,0,0,0,0,0,0,0,0,0,0,0,0,0,2,0,7,0,0,0,0,0,4.544320580828747,3.097160799239228,5.681090250134774,0,0,0,0,6,0,0,0,8,0,0,0,0,0,0,0,0,0,0,0,0,0
4178,4,3,0.5,1,0.0,0.0,-1.0,3,1,1.5,0.25,0.7000000000000001,2,1,0.25,2,0,0,0,0,0,0,0,0,0,0,2,0,0,0,2,0,0,0,0,0,0,0,0,0,0,0,4,0,0,0,0,0,0,0,0,0,3.643733652041771,3.4869271904575974,3.724507262573765,0,3,0,0,0,0,0,0,0,0,1,1,1,1,1,0,0,0,0,0,0,0
4181,9,14,0.3888888888888889,1,0.0,0.0,-0.5477386934673358,5,1,3.111111111111111,0.1111111111111111,0.5795735129068462,3,2,0.4444444444444444,2,0,7,0,2,0,0,0,0,0,0,0,0,0,0,0,0,0,0,0,0,0,0,0,0,0,0,0,0,1,1,6,0,0,1,0,0,4.438103832840206,2.879227515765946,5.690641673906131,0,0,0,0,6,0,0,0,7,1,0,0,0,0,0,0,0,0,0,0,0,0
4189,5,4,0.4,1,0.0,0.0,-0.3333333333333333,2,1,1.6,0.3333333333333333,0.5219047619047619,4,2,0.6,3,0,0,0,0,0,0,0,0,0,1,3,0,0,1,0,0,0,0,0,0,0,0,0,0,0,0,5,0,0,0,0,0,0,0,0,0,3.6548174861415905,3.5232438390016636,3.7995578072889025,0,4,0,0,0,0,0,0,0,0,1,1,1,0,0,0,0,0,0,0,0,0
4199,9,13,0.3611111111111111,1,0.0,0.0,-0.5402843601895733,5,1,2.888888888888889,0.11904761904761901,0.5620198247649228,3,2,0.5555555555555556,2,0,7,0,2,0,0,0,0,0,0,0,0,0,0,0,0,0,0,0,0,0,0,0,0,0,0,0,0,1,1,6,0,0,1,0,0,4.280567422066455,2.6817587329693633,5.4607394061065175,0,0,0,0,5,0,0,0,7,1,0,0,0,0,0,0,0,0,0,0,0,0
4203,9,13,0.3611111111111111,1,0.0,0.0,-0.5402843601895733,5,1,2.888888888888889,0.11904761904761904,0.5620198247649228,3,2,0.4444444444444444,2,0,7,0,2,0,0,0,0,0,0,0,0,0,0,0,0,0,0,0,0,0,0,0,0,0,0,0,0,0,2,5,0,0,2,0,0,4.201569480629311,2.772506320030541,5.312269866153666,0,0,0,0,5,0,0,0,6,2,0,0,0,0,0,0,0,0,0,0,0,0
4223,13,19,0.24358974358974358,1,0.0,0.0,-0.39141414141414166,6,1,2.923076923076923,0.10955710955710957,0.467858960066318,4,2,0.5384615384615384,5,0,7,0,2,0,0,2,0,0,0,0,1,0,0,0,0,0,0,1,0,0,0,1,0,0,0,0,0,1,3,6,0,0,2,0,0,4.417740468633903,2.6303704251803306,5.963216555132234,0,0,0,1,8,0,0,0,8,2,0,0,0,0,0,0,0,0,0,0,0,0
4224,13,20,0.2564102564102564,1,0.0,0.0,-0.32295719844357995,6,1,3.076923076923077,0.1072261072261072,0.4736055880203037,4,2,0.46153846153846156,5,0,7,0,2,0,0,2,0,0,0,0,1,0,0,0,0,0,0,1,0,0,0,1,0,0,0,0,0,1,3,6,0,0,2,0,0,4.552234756983358,2.63975486002751,5.9711196174989745,0,0,0,1,9,0,0,0,8,2,0,0,0,0,0,0,0,0,0,0,0,0
4234,9,13,0.3611111111111111,1,0.0,0.0,-0.5402843601895733,5,1,2.888888888888889,0.11904761904761901,0.5620198247649228,3,2,0.5555555555555556,2,0,7,0,2,0,0,0,0,0,0,0,0,0,0,0,0,0,0,0,0,0,0,0,0,0,0,0,0,1,1,6,0,0,1,0,0,4.386158641924167,2.810274632277028,5.63335965240907,0,0,0,0,5,0,0,0,7,1,0,0,0,0,0,0,0,0,0,0,0,0
4236,4,4,0.6666666666666666,1,0.0,0.0,,2,2,2.0,0.16666666666666666,0.75,2,2,0.5,1,0,0,0,4,0,0,0,0,0,0,0,0,0,0,0,0,0,0,0,0,0,0,0,0,0,0,0,0,4,0,0,0,0,0,0,0,4.353747248823906,2.7970449037904648,5.633863579705559,0,0,0,0,4,0,0,0,0,0,1,1,0,0,0,0,0,0,0,0,0,0
4239,9,13,0.3611111111111111,1,0.0,0.0,-0.5402843601895733,5,1,2.888888888888889,0.11904761904761904,0.5620198247649228,3,2,0.4444444444444444,2,0,7,0,2,0,0,0,0,0,0,0,0,0,0,0,0,0,0,0,0,0,0,0,0,0,0,0,0,0,2,5,0,0,2,0,0,4.340633048457122,2.737549015172906,5.636585867984806,0,0,0,0,5,0,0,0,6,2,0,0,0,0,0,0,0,0,0,0,0,0
4253,4,3,0.5,1,0.0,0.0,-1.0,3,1,1.5,0.25,0.7000000000000001,2,1,0.25,2,0,0,0,0,0,0,0,0,0,0,0,0,0,3,1,0,0,0,0,0,0,0,0,0,0,0,4,0,0,0,0,0,0,0,0,0,3.6040014178133766,3.4300387535978594,3.7425423759799448,0,3,0,0,0,0,0,0,0,0,1,1,1,1,1,0,0,0,0,0,0,0
4257,9,13,0.3611111111111111,1,0.0,0.0,-0.5402843601895733,5,1,2.888888888888889,0.11904761904761901,0.5620198247649228,3,2,0.5555555555555556,2,0,7,0,2,0,0,0,0,0,0,0,0,0,0,0,0,0,0,0,0,0,0,0,0,0,0,0,0,1,1,6,0,0,1,0,0,4.409410913402969,2.775903770911627,5.70976512939245,0,0,0,0,5,0,0,0,7,1,0,0,0,0,0,0,0,0,0,0,0,0
4259,4,3,0.5,1,0.0,0.0,-0.4999999999999988,2,1,1.5,0.3333333333333333,0.625,3,2,0.5,3,0,0,0,0,0,0,0,0,0,1,1,0,0,2,0,0,0,0,0,0,0,0,0,0,0,0,4,0,0,0,0,0,0,0,0,0,3.6660006845639166,3.5803641718861963,3.720252322649342,0,3,0,0,0,0,0,0,0,0,1,1,1,1,1,1,1,1,1,0,0,0
4260,4,4,0.6666666666666666,1,0.0,0.0,,2,2,2.0,0.16666666666666666,0.75,2,2,0.5,1,0,0,0,4,0,0,0,0,0,0,0,0,0,0,0,0,0,0,0,0,0,0,0,0,0,0,0,0,4,0,0,0,0,0,0,0,4.050482193248668,2.5430529190510267,5.225997279491012,0,0,0,0,4,0,0,0,0,0,1,1,0,0,0,0,0,0,0,0,0,0
4263,9,14,0.3888888888888889,1,0.0,0.0,-0.5477386934673358,5,1,3.111111111111111,0.1111111111111111,0.5795735129068462,3,2,0.4444444444444444,2,0,7,0,2,0,0,0,0,0,0,0,0,0,0,0,0,0,0,0,0,0,0,0,0,0,0,0,0,1,1,6,0,0,1,0,0,4.396361072641835,2.7555549847663627,5.789303199153673,0,0,0,0,6,0,0,0,7,1,0,0,0,0,0,0,0,0,0,0,0,0
4281,6,5,0.3333333333333333,1,0.0,0.0,-0.7391304347826096,4,1,1.6666666666666667,0.21666666666666667,0.5625,3,2,0.3333333333333333,3,0,0,0,0,0,0,0,0,0,1,0,0,0,4,1,0,0,0,0,0,0,0,0,0,0,0,6,0,0,0,0,0,0,0,0,0,3.4994780374281858,3.358181227201771,3.7335935593958807,0,5,0,0,0,0,0,0,0,0,1,1,0,0,0,0,0,0,0,0,0,0
4283,4,3,0.5,1,0.0,0.0,-0.4999999999999988,2,1,1.5,0.3333333333333333,0.625,3,2,0.5,2,0,0,0,0,0,0,0,0,2,0,0,0,0,0,0,0,0,0,2,0,0,4,0,0,0,0,0,0,0,0,0,0,0,0,0,0,3.215996226555086,2.9802565580086853,3.4430074872074177,3,0,0,0,0,0,0,0,0,0,1,1,0,0,0,0,0,0,0,0,0,0
4284,9,10,0.2777777777777778,1,0.0,0.0,-0.6438356164383571,5,1,2.2222222222222223,0.14285714285714288,0.517585208813279,3,2,0.5555555555555556,3,0,2,0,0,0,0,6,0,0,0,0,1,0,0,0,0,0,0,0,0,0,0,0,0,0,0,0,0,6,0,3,0,0,0,0,0,4.270442818111766,2.7989637690221536,5.9839917162603085,0,0,0,0,4,0,0,0,6,0,0,0,0,0,0,0,0,0,0,0,0,0
4286,9,10,0.2777777777777778,1,0.0,0.0,-0.5079365079365089,4,1,2.2222222222222223,0.1746031746031746,0.4695297150199111,4,2,0.3333333333333333,4,0,0,0,0,0,0,4,0,2,0,0,1,0,0,0,0,0,0,2,0,0,0,0,0,0,0,1,1,4,0,2,0,1,0,0,0,4.268813439460598,3.438477596554626,5.706629968596773,1,1,0,0,4,0,0,0,4,0,0,0,0,0,0,0,0,0,0,0,0,0
4287,8,12,0.42857142857142855,1,0.0,0.0,-1.0,6,2,3.0,0.09523809523809522,0.65625,2,2,0.25,3,0,4,0,2,0,0,2,0,0,0,0,0,0,0,0,0,0,0,0,0,0,0,0,0,0,0,0,0,4,0,4,0,0,0,0,0,4.4061892353304275,3.561751317373141,5.397751796104951,0,0,0,0,4,0,0,0,8,0,0,0,0,0,0,0,0,0,0,0,0,0
4288,6,5,0.3333333333333333,1,0.0,0.0,-0.6666666666666677,3,1,1.6666666666666667,0.23333333333333336,0.5411255411255411,3,2,0.5,1,0,6,0,0,0,0,0,0,0,0,0,0,0,0,0,0,0,0,0,0,0,0,0,0,0,0,0,0,0,0,6,0,0,0,0,0,4.816964048540461,4.024111998845663,5.065940532058229,0,0,0,0,5,0,0,0,0,0,0,0,0,0,0,0,0,0,0,0,0,0
4292,8,13,0.4642857142857143,1,0.0,0.0,-0.44444444444444586,4,1,3.25,0.10714285714285712,0.6234375,3,2,0.5,4,0,4,0,1,0,0,2,0,0,0,0,1,0,0,0,0,0,0,0,0,0,0,0,0,0,0,0,0,1,2,3,0,0,2,0,0,4.083032728134275,2.9243924205975995,5.823819282568003,0,0,0,0,4,0,0,0,7,2,0,0,0,0,0,0,0,0,0,0,0,0
4293,8,13,0.4642857142857143,1,0.0,0.0,-0.44444444444444586,4,1,3.25,0.10714285714285712,0.6234375,3,2,0.5,4,0,4,0,1,0,0,2,0,0,0,0,1,0,0,0,0,0,0,0,0,0,0,0,0,0,0,0,0,1,2,3,0,0,2,0,0,4.2348983219169964,2.894641646571665,5.887518817893925,0,0,0,0,4,0,0,0,7,2,0,0,0,0,0,0,0,0,0,0,0,0
4296,4,3,0.5,1,0.0,0.0,-1.0,3,1,1.5,0.25,0.7,2,1,0.75,2,0,0,0,0,0,0,2,0,0,0,0,2,0,0,0,0,0,0,0,0,0,0,0,0,0,0,0,0,2,0,2,0,0,0,0,0,3.976885323903107,3.0514965849321336,5.094126416900462,0,0,0,0,1,0,0,0,2,0,1,1,1,0,0,0,0,0,0,0,0,0
4298,8,13,0.4642857142857143,1,0.0,0.0,-0.44444444444444586,4,1,3.25,0.10714285714285712,0.6234375,3,2,0.5,4,0,4,0,1,0,0,2,0,0,0,0,1,0,0,0,0,0,0,0,0,0,0,0,0,0,0,0,0,1,2,3,0,0,2,0,0,4.2551111296840585,2.9344106659263294,5.780951381334574,0,0,0,0,4,0,0,0,7,2,0,0,0,0,0,0,0,0,0,0,0,0
4299,8,13,0.4642857142857143,1,0.0,0.0,-0.44444444444444586,4,1,3.25,0.10714285714285712,0.6234375,3,2,0.5,4,0,4,0,1,0,0,2,0,0,0,0,1,0,0,0,0,0,0,0,0,0,0,0,0,0,0,0,0,1,2,3,0,0,2,0,0,4.16416899764098,2.906488848588097,5.809356316162982,0,0,0,0,4,0,0,0,7,2,0,0,0,0,0,0,0,0,0,0,0,0
4304,4,3,0.5,1,0.0,0.0,-1.0,3,1,1.5,0.25,0.7,2,1,0.25,2,0,0,0,0,0,0,2,0,0,0,0,2,0,0,0,0,0,0,0,0,0,0,0,0,0,0,0,0,2,0,2,0,0,0,0,0,3.845444232079475,3.006297622038678,4.740133718270493,0,0,0,0,1,0,0,0,2,0,1,1,1,0,0,0,0,0,0,0,0,0
4307,6,5,0.3333333333333333,1,0.0,0.0,-0.6666666666666673,3,1,1.6666666666666667,0.2833333333333334,0.4900793650793651,4,2,0.3333333333333333,4,0,0,0,0,0,0,2,1,2,0,0,0,0,0,0,1,0,0,0,0,0,0,2,0,0,0,0,0,0,2,1,0,0,1,0,0,3.492792193775057,2.6999018859443242,4.843245348391469,0,0,0,2,0,0,0,0,2,1,0,0,0,0,0,0,0,0,0,0,0,0
4309,13,19,0.24358974358974358,1,0.0,0.0,-0.5340114431023528,7,1,2.923076923076923,0.10722610722610723,0.47730478608480903,4,2,0.6153846153846154,4,0,5,0,4,0,0,0,1,3,0,0,0,0,0,0,0,0,0,0,0,1,0,1,0,0,0,0,0,2,2,5,0,0,2,0,0,4.241529811164702,2.727706242510375,5.597997531192603,0,0,0,2,1,0,0,0,15,1,0,0,0,0,0,0,0,0,0,0,0,0
4312,8,10,0.35714285714285715,1,0.0,0.0,-0.40000000000000163,4,1,2.5,0.15476190476190477,0.5430555555555556,4,2,0.5,4,0,4,0,2,0,0,0,1,0,0,0,0,0,0,0,1,0,0,0,0,2,0,0,0,0,0,0,0,0,2,1,0,0,3,0,0,3.52420694852524,2.7722617718951654,4.965295021925281,0,0,0,2,0,0,0,0,6,2,0,0,0,0,0,0,0,0,0,0,0,0
4316,5,4,0.4,1,0.0,0.0,-1.0,4,1,1.6,0.2,0.6571428571428571,2,1,0.2,2,1,0,0,0,0,0,0,0,0,0,0,0,0,4,0,0,0,0,0,0,0,0,0,0,0,0,5,0,0,0,0,0,0,0,0,0,3.4164976750359077,3.211692603704745,3.583565223151628,0,4,0,0,0,0,0,0,0,0,0,0,0,0,0,0,0,0,0,0,0,0
4326,7,9,0.42857142857142855,1,0.0,0.0,-0.9367088607594948,5,1,2.5714285714285716,0.12380952380952381,0.6319727891156462,3,2,0.2857142857142857,3,1,4,0,0,0,0,2,0,0,0,0,0,0,0,0,0,0,0,0,0,0,0,1,0,0,0,0,0,0,2,3,0,0,1,0,0,4.27583647238204,2.7206596721930407,5.953307438673258,0,0,0,1,0,0,0,0,7,1,0,0,0,0,0,0,0,0,0,0,0,0
4328,5,4,0.4,1,0.0,0.0,-0.3333333333333333,2,1,1.6,0.3333333333333333,0.5219047619047619,4,2,0.6,2,0,0,0,0,0,0,0,0,0,0,0,0,0,3,2,0,0,0,0,0,0,0,0,0,0,0,5,0,0,0,0,0,0,0,0,0,3.6129884516110566,3.481031392973444,3.7689685807779743,0,4,0,0,0,0,0,0,0,0,1,1,1,0,0,0,0,0,0,0,0,0
4338,4,3,0.5,1,0.0,0.0,-1.0,3,1,1.5,0.25,0.7000000000000001,2,1,0.75,2,0,0,0,0,0,0,0,0,0,0,0,0,0,3,0,0,1,0,0,0,0,0,0,0,0,0,4,0,0,0,0,0,0,0,0,0,3.1162763171815215,2.6518199054534923,3.726458063131009,0,3,0,0,0,0,0,0,0,0,1,1,1,1,1,0,0,0,0,0,0,0
4342,6,6,0.4,1,0.0,0.0,-0.5000000000000007,3,1,2.0,0.19999999999999998,0.5747955747955749,3,2,0.5,3,0,0,0,2,0,0,2,0,0,0,0,2,0,0,0,0,0,0,0,0,0,0,0,0,0,0,0,0,2,2,0,0,0,2,0,0,4.111677275478196,2.857495663351425,5.293840566997804,0,0,0,0,2,0,0,0,2,2,0,0,0,0,0,0,0,0,0,0,0,0
4348,7,8,0.38095238095238093,1,0.0,0.0,-0.6,4,1,2.2857142857142856,0.16190476190476194,0.5710979496693782,3,2,0.42857142857142855,3,0,4,0,2,0,0,1,0,0,0,0,0,0,0,0,0,0,0,0,0,0,0,0,0,0,0,0,0,2,1,3,0,0,1,0,0,4.181185313238061,2.4626739688382995,5.47962358196728,0,0,0,0,0,0,0,0,7,1,0,0,0,0,0,0,0,0,0,0,0,0
4353,5,4,0.4,1,0.0,0.0,-1.0,4,1,1.6,0.2,0.6571428571428571,2,1,0.8,3,1,0,0,0,0,0,0,0,0,0,0,0,0,3,1,0,0,0,0,0,0,0,0,0,0,0,5,0,0,0,0,0,0,0,0,0,3.568617066951682,3.0959738635579233,3.7964355088567525,0,4,0,0,0,0,0,0,0,0,0,0,0,0,0,0,0,0,0,0,0,0
4355,4,3,0.5,1,0.0,0.0,-0.4999999999999988,2,1,1.5,0.3333333333333333,0.625,3,2,0.5,2,0,2,0,0,0,0,0,0,2,0,0,0,0,0,0,0,0,0,0,0,0,0,0,0,0,0,0,0,0,0,4,0,0,0,0,0,5.360391976725199,4.449287934742417,5.996535581765895,0,0,0,0,3,0,0,0,0,0,1,1,0,0,0,0,0,0,0,0,0,0
4358,6,5,0.3333333333333333,1,0.0,0.0,-0.7391304347826096,4,1,1.6666666666666667,0.21666666666666667,0.5625000000000001,3,2,0.6666666666666666,2,0,4,0,0,0,0,0,0,2,0,0,0,0,0,0,0,0,0,0,0,0,0,0,0,0,0,0,0,0,0,6,0,0,0,0,0,4.715636854686996,3.4119954915336606,5.411569331090624,0,0,0,0,5,0,0,0,0,0,0,0,0,0,0,0,0,0,0,0,0,0
4359,5,4,0.4,1,0.0,0.0,-0.3333333333333333,2,1,1.6,0.3333333333333333,0.5219047619047619,4,2,0.6,2,0,0,0,0,0,0,0,0,0,0,0,0,0,4,0,0,0,1,0,0,0,0,0,0,0,0,2,3,0,0,0,0,0,0,0,0,3.6211092142258012,3.4157262309673007,3.7963079979524252,0,2,2,0,0,0,0,0,0,0,0,0,0,0,0,0,0,0,0,0,0,0
4365,18,37,0.24183006535947713,1,0.0,0.0,0.5096385542168651,6,2,4.111111111111111,0.09967320261437909,0.40634872363459595,7,4,0.5,3,0,8,0,4,0,0,6,0,0,0,0,0,0,0,0,0,0,0,0,0,0,0,0,0,0,0,0,0,10,0,8,0,0,0,0,0,4.7515315353069285,3.2995689783381543,5.9524142790974315,0,0,0,0,25,0,0,0,12,0,0,0,0,0,0,0,0,0,0,0,0,0
4376,7,7,0.3333333333333333,1,0.0,0.0,-0.6065573770491793,4,1,2.0,0.18095238095238095,0.544824223395652,3,2,0.42857142857142855,2,0,6,0,0,0,0,0,0,1,0,0,0,0,0,0,0,0,0,0,0,0,0,0,0,0,0,0,0,0,0,7,0,0,0,0,0,5.396808499647878,4.791891434821672,5.9203459518716075,0,0,0,0,7,0,0,0,0,0,1,0,0,0,0,0,0,0,0,0,0,0
4378,6,5,0.3333333333333333,1,0.0,0.0,-0.6666666666666673,3,1,1.6666666666666667,0.2833333333333334,0.4900793650793651,4,2,0.3333333333333333,4,0,0,0,2,0,0,0,1,2,0,0,0,0,0,0,1,0,0,0,0,0,0,2,0,0,0,0,0,0,2,1,0,0,1,0,0,3.4969248485608615,2.5201441558420012,5.031069720319587,0,0,0,2,0,0,0,0,2,1,0,0,0,0,0,0,0,0,0,0,0,0
4379,6,8,0.5333333333333333,1,0.0,0.0,-1.0,4,2,2.6666666666666665,0.1166666666666667,0.6944444444444445,2,2,0.6666666666666666,2,0,4,0,2,0,0,0,0,0,0,0,0,0,0,0,0,0,0,0,0,0,0,0,0,0,0,0,0,0,2,2,0,0,2,0,0,3.72873047887216,2.7202957234548686,4.96573414762705,0,0,0,0,0,0,0,0,6,2,0,0,0,0,0,0,0,0,0,0,0,0
4380,4,3,0.5,1,0.0,0.0,-0.4999999999999988,2,1,1.5,0.3333333333333333,0.625,3,2,0.5,4,0,0,0,0,0,1,1,0,0,0,0,1,0,0,0,0,0,0,0,1,1,0,1,0,0,0,0,0,0,1,1,0,0,0,0,0,3.841821937178752,2.833666425277447,5.744021566067855,0,0,0,2,0,0,0,0,1,0,0,0,0,0,0,0,0,0,0,0,0,0
4382,8,11,0.39285714285714285,1,0.0,0.0,-0.26436781609195426,4,1,2.75,0.14285714285714285,0.5595486111111111,4,2,0.5,4,0,4,0,2,0,0,0,1,0,0,0,0,0,0,0,1,0,0,0,0,2,0,0,0,0,0,0,0,0,2,1,0,0,3,0,0,3.4769858346013263,2.838032000914779,4.89808737737102,0,0,0,3,0,0,0,0,6,2,0,0,0,0,0,0,0,0,0,0,0,0
4384,7,6,0.2857142857142857,1,0.0,0.0,-0.3333333333333326,3,1,1.7142857142857142,0.27619047619047615,0.44066960608313993,5,3,0.42857142857142855,3,0,1,0,0,0,0,0,0,4,0,0,0,0,0,0,0,0,0,2,0,0,5,0,0,0,0,0,0,0,0,1,0,1,0,0,0,3.7857550389392176,3.2239601231853876,5.877090728935962,5,0,0,0,1,0,0,0,0,0,0,0,0,0,0,0,0,0,0,0,0,0
4387,6,5,0.3333333333333333,1,0.0,0.0,-0.6666666666666673,3,1,1.6666666666666667,0.2833333333333334,0.4900793650793651,4,2,0.3333333333333333,4,0,0,0,2,0,0,0,1,2,0,0,0,0,0,0,1,0,0,0,0,0,0,2,0,0,0,0,0,0,2,1,0,0,1,0,0,3.529564556805238,2.5436453893878435,5.01589582562166,0,0,0,2,0,0,0,0,2,1,0,0,0,0,0,0,0,0,0,0,0,0
4388,6,8,0.5333333333333333,1,0.0,0.0,-1.0,4,2,2.6666666666666665,0.1166666666666667,0.6944444444444445,2,2,0.6666666666666666,2,0,4,0,2,0,0,0,0,0,0,0,0,0,0,0,0,0,0,0,0,0,0,0,0,0,0,0,0,0,2,2,0,0,2,0,0,3.7179683928994796,2.698484362753741,4.989939281857513,0,0,0,0,0,0,0,0,6,2,0,0,0,0,0,0,0,0,0,0,0,0
