cluster,support,patternId,rank,pdbid,model,chain,residueName,residueNumber,residueInsertionCode,heteroFlag,isLigand,occurrenceCount,atomMatchCount,graphCount,graphIds,occurrenceIds,chainPairSources,chainPairTargets,pdbFile,chainPairFile,avgCoordX,avgCoordY,avgCoordZ
0,"0.7",0,1,"7ekc",0,"B","PHE",456,"","",True,3,3,3,"87;88;89","16;17;18","A","B","pdbfiles/pdb7ekc.ent","pdbs/7ekc.A.pdb",-34.25199890136719,37.155999501546226,4.065999984741211
0,"0.7",0,2,"8dlq",0,"B","PHE",486,"","",False,3,3,3,"364;365;366","61;62;63","B","E","pdbfiles/pdb8dlq.ent","pdbs/8dlq.B.pdb",228.94299825032553,190.3143310546875,266.52833048502606
0,"0.7",0,3,"7ekc",0,"A","LYS",31,"","",False,2,2,2,"88;89","17;18","A","B","pdbfiles/pdb7ekc.ent","pdbs/7ekc.A.pdb",-36.65449905395508,35.440500259399414,1.2094999998807907
0,"0.7",0,4,"7pki",0,"A","LYS",353,"","",False,2,2,2,"177;178","28;29","A","E","pdbfiles/pdb7pki.ent","pdbs/7pki.A.pdb",76.03799819946289,111.63050079345703,6.54200005531311
0,"0.7",0,5,"7pki",0,"E","TYR",501,"","",True,2,2,2,"177;178","28;29","A","E","pdbfiles/pdb7pki.ent","pdbs/7pki.A.pdb",74.86899948120117,114.08049774169922,3.944000005722046
0,"0.7",0,6,"7t9l",0,"D","LYS",31,"","",True,2,2,2,"219;222","34;36","A","D","pdbfiles/pdb7t9l.ent","pdbs/7t9l.A.pdb",229.7740020751953,179.89099884033203,260.85450744628906
0,"0.7",0,7,"7w6u",0,"A","LYS",353,"","",False,2,2,2,"241;242","37;38","A","B","pdbfiles/pdb7w6u.ent","pdbs/7w6u.A.pdb",-10.680500030517578,58.028499603271484,-8.758500099182129
0,"0.7",0,8,"7w6u",0,"B","TYR",505,"","",True,2,2,2,"241;242","37;38","A","B","pdbfiles/pdb7w6u.ent","pdbs/7w6u.A.pdb",-13.253000259399414,57.81449890136719,-6.0970001220703125
0,"0.7",0,9,"7wpa",0,"A","PHE",453,"","",False,2,2,2,"287;288","50;51","A","D","pdbfiles/pdb7wpa.ent","pdbs/7wpa.A.pdb",210.92549896240234,182.2594985961914,260.6374969482422
0,"0.7",0,10,"7wse",0,"A","LYS",31,"","",False,2,2,2,"310;311","53;54","A","B","pdbfiles/pdb7wse.ent","pdbs/7wse.A.pdb",106.17300033569336,97.6870002746582,136.47699737548828
0,"0.7",0,11,"8dlq",0,"E","MET",82,"","",True,2,2,2,"364;365","61;62","B","E","pdbfiles/pdb8dlq.ent","pdbs/8dlq.B.pdb",228.8740005493164,189.5225067138672,269.9929962158203
0,"0.7",0,12,"8dm6",0,"D","LYS",31,"","",True,2,2,2,"372;375","64;65","A","D","pdbfiles/pdb8dm6.ent","pdbs/8dm6.A.pdb",227.62899780273438,179.11349487304688,264.10699462890625
0,"0.7",0,13,"6lzg",0,"A","TYR",83,"","",False,1,1,1,"9","0","A","B","pdbfiles/pdb6lzg.ent","pdbs/6lzg.A.pdb",-35.263999938964844,44.606998443603516,-4.860000133514404
0,"0.7",0,14,"6lzg",0,"A","LYS",353,"","",False,1,1,1,"12","1","A","B","pdbfiles/pdb6lzg.ent","pdbs/6lzg.A.pdb",-34.27799987792969,20.398000717163086,1.0399999618530273
0,"0.7",0,15,"6lzg",0,"B","PHE",486,"","",True,1,1,1,"9","0","A","B","pdbfiles/pdb6lzg.ent","pdbs/6lzg.A.pdb",-38.7130012512207,46.06700134277344,-5.440999984741211
0,"0.7",0,16,"6lzg",0,"B","TYR",505,"","",True,1,1,1,"12","1","A","B","pdbfiles/pdb6lzg.ent","pdbs/6lzg.A.pdb",-31.843000411987305,21.30299949645996,3.747999906539917
0,"0.7",0,17,"6m0j",0,"A","LEU",79,"","",False,1,1,1,"20","2","A","E","pdbfiles/pdb6m0j.ent","pdbs/6m0j.A.pdb",-41.887001037597656,41.37099838256836,-6.2870001792907715
0,"0.7",0,18,"6m0j",0,"E","PHE",486,"","",True,1,1,1,"20","2","A","E","pdbfiles/pdb6m0j.ent","pdbs/6m0j.A.pdb",-40.483001708984375,44.72200012207031,-5.265999794006348
0,"0.7",0,19,"7bh9",0,"A","LYS",353,"","",False,1,1,1,"31","3","A","E","pdbfiles/pdb7bh9.ent","pdbs/7bh9.A.pdb",186.41200256347656,183.26199340820312,201.52200317382812
0,"0.7",0,20,"7bh9",0,"E","TYR",501,"","",True,1,1,1,"31","3","A","E","pdbfiles/pdb7bh9.ent","pdbs/7bh9.A.pdb",189.4759979248047,185.09300231933594,201.65499877929688
0,"0.7",0,21,"7dhx",0,"A","ASN",82,"","",False,1,1,1,"37","4","A","B","pdbfiles/pdb7dhx.ent","pdbs/7dhx.A.pdb",12.987000465393066,35.01499938964844,59.86899948120117
0,"0.7",0,22,"7dhx",0,"B","PHE",486,"","",True,1,1,1,"37","4","A","B","pdbfiles/pdb7dhx.ent","pdbs/7dhx.A.pdb",15.196999549865723,34.13100051879883,62.577999114990234
0,"0.7",0,23,"7e3j",0,"A","LYS",31,"","",False,1,1,1,"45","5","A","B","pdbfiles/pdb7e3j.ent","pdbs/7e3j.A.pdb",-98.31600189208984,42.1510009765625,-24.243999481201172
0,"0.7",0,24,"7e3j",0,"A","TYR",34,"","",False,1,1,1,"47","6","A","B","pdbfiles/pdb7e3j.ent","pdbs/7e3j.A.pdb",-98.4800033569336,34.224998474121094,-20.024999618530273
0,"0.7",0,25,"7e3j",0,"B","LEU",455,"","",True,1,1,1,"47","6","A","B","pdbfiles/pdb7e3j.ent","pdbs/7e3j.A.pdb",-101.52799987792969,36.38399887084961,-19.781999588012695
0,"0.7",0,26,"7e3j",0,"B","TYR",489,"","",True,1,1,1,"45","5","A","B","pdbfiles/pdb7e3j.ent","pdbs/7e3j.A.pdb",-100.23100280761719,45.1349983215332,-23.9689998626709
0,"0.7",0,27,"7efp",0,"A","TRP",19,"","",False,1,1,1,"55","7","A","B","pdbfiles/pdb7efp.ent","pdbs/7efp.A.pdb",-24.648000717163086,-35.94599914550781,-13.45199966430664
0,"0.7",0,28,"7efp",0,"A","THR",27,"","",False,1,1,1,"56","8","A","B","pdbfiles/pdb7efp.ent","pdbs/7efp.A.pdb",-28.172000885009766,-33.571998596191406,-15.623000144958496
0,"0.7",0,29,"7efp",0,"A","TYR",41,"","",False,1,1,1,"61","9","A","B","pdbfiles/pdb7efp.ent","pdbs/7efp.A.pdb",-44.32400131225586,-27.572999954223633,-33.946998596191406
0,"0.7",0,30,"7efp",0,"A","LEU",79,"","",False,1,1,1,"63","10","A","B","pdbfiles/pdb7efp.ent","pdbs/7efp.A.pdb",-33.518001556396484,-24.802000045776367,-10.13700008392334
0,"0.7",0,31,"7efp",0,"A","TYR",330,"","",False,1,1,1,"66","11","A","B","pdbfiles/pdb7efp.ent","pdbs/7efp.A.pdb",-47.68000030517578,-28.054000854492188,-42.944000244140625
0,"0.7",0,32,"7efp",0,"B","ALA",475,"","",True,1,1,1,"55","7","A","B","pdbfiles/pdb7efp.ent","pdbs/7efp.A.pdb",-27.509000778198242,-34.29499816894531,-11.585000038146973
0,"0.7",0,33,"7efp",0,"B","PHE",486,"","",True,1,1,1,"63","10","A","B","pdbfiles/pdb7efp.ent","pdbs/7efp.A.pdb",-30.43899917602539,-26.402000427246094,-8.630999565124512
0,"0.7",0,34,"7efp",0,"B","TYR",489,"","",True,1,1,1,"56","8","A","B","pdbfiles/pdb7efp.ent","pdbs/7efp.A.pdb",-30.524999618530273,-32.61800003051758,-13.076000213623047
0,"0.7",0,35,"7efp",0,"B","GLN",498,"","",True,1,1,1,"61","9","A","B","pdbfiles/pdb7efp.ent","pdbs/7efp.A.pdb",-46.433998107910156,-30.70800018310547,-33.683998107910156
0,"0.7",0,36,"7efp",0,"B","THR",500,"","",True,1,1,1,"66","11","A","B","pdbfiles/pdb7efp.ent","pdbs/7efp.A.pdb",-47.25600051879883,-28.091999053955078,-39.32699966430664
0,"0.7",0,37,"7efr",0,"A","TRP",27,"","",False,1,1,1,"70","12","A","B","pdbfiles/pdb7efr.ent","pdbs/7efr.A.pdb",34.685001373291016,25.04199981689453,13.593000411987305
0,"0.7",0,38,"7efr",0,"A","LYS",31,"","",False,1,1,1,"72","13","A","B","pdbfiles/pdb7efr.ent","pdbs/7efr.A.pdb",31.708999633789062,34.064998626708984,16.996999740600586
0,"0.7",0,39,"7efr",0,"A","TYR",83,"","",False,1,1,1,"80","14","A","B","pdbfiles/pdb7efr.ent","pdbs/7efr.A.pdb",26.690000534057617,25.972000122070312,11.4350004196167
0,"0.7",0,40,"7efr",0,"A","TYR",330,"","",False,1,1,1,"82","15","A","B","pdbfiles/pdb7efr.ent","pdbs/7efr.A.pdb",28.14699935913086,47.54399871826172,42.915000915527344
0,"0.7",0,41,"7efr",0,"B","ALA",475,"","",True,1,1,1,"70","12","A","B","pdbfiles/pdb7efr.ent","pdbs/7efr.A.pdb",34.05699920654297,27.964000701904297,11.605999946594238
0,"0.7",0,42,"7efr",0,"B","PHE",486,"","",True,1,1,1,"80","14","A","B","pdbfiles/pdb7efr.ent","pdbs/7efr.A.pdb",25.856000900268555,27.89699935913086,8.62600040435791
0,"0.7",0,43,"7efr",0,"B","TYR",489,"","",True,1,1,1,"72","13","A","B","pdbfiles/pdb7efr.ent","pdbs/7efr.A.pdb",31.926000595092773,33.39400100708008,13.520999908447266
0,"0.7",0,44,"7efr",0,"B","THR",500,"","",True,1,1,1,"82","15","A","B","pdbfiles/pdb7efr.ent","pdbs/7efr.A.pdb",27.966999053955078,47.180999755859375,39.150001525878906
0,"0.7",0,45,"7ekc",0,"A","THR",27,"","",False,1,1,1,"87","16","A","B","pdbfiles/pdb7ekc.ent","pdbs/7ekc.A.pdb",-32.819000244140625,40.667999267578125,2.3540000915527344
0,"0.7",0,46,"7ekc",0,"A","LEU",79,"","",False,1,1,1,"93","19","A","B","pdbfiles/pdb7ekc.ent","pdbs/7ekc.A.pdb",-40.84700012207031,41.07600021362305,-6.7129998207092285
0,"0.7",0,47,"7ekc",0,"B","PHE",486,"","",True,1,1,1,"93","19","A","B","pdbfiles/pdb7ekc.ent","pdbs/7ekc.A.pdb",-39.25,44.24800109863281,-5.752999782562256
0,"0.7",0,48,"7eke",0,"A","TYR",41,"","",False,1,1,1,"104","20","A","B","pdbfiles/pdb7eke.ent","pdbs/7eke.A.pdb",-37.590999603271484,16.341999053955078,-0.2840000092983246
0,"0.7",0,49,"7eke",0,"A","LYS",353,"","",False,1,1,1,"108","21","A","B","pdbfiles/pdb7eke.ent","pdbs/7eke.A.pdb",-34.12200164794922,20.451000213623047,1.0859999656677246
0,"0.7",0,50,"7eke",0,"B","GLN",498,"","",True,1,1,1,"104","20","A","B","pdbfiles/pdb7eke.ent","pdbs/7eke.A.pdb",-39.361000061035156,16.8799991607666,2.9489998817443848
0,"0.7",0,51,"7eke",0,"B","TYR",505,"","",True,1,1,1,"108","21","A","B","pdbfiles/pdb7eke.ent","pdbs/7eke.A.pdb",-31.759000778198242,21.368000030517578,3.7139999866485596
0,"0.7",0,52,"7ekf",0,"A","THR",27,"","",False,1,1,1,"111","22","A","B","pdbfiles/pdb7ekf.ent","pdbs/7ekf.A.pdb",-34.51499938964844,40.527000427246094,2.3259999752044678
0,"0.7",0,53,"7ekf",0,"A","MET",82,"","",False,1,1,1,"118","23","A","B","pdbfiles/pdb7ekf.ent","pdbs/7ekf.A.pdb",-39.007999420166016,45.32400131225586,-9.5600004196167
0,"0.7",0,54,"7ekf",0,"B","PHE",456,"","",True,1,1,1,"111","22","A","B","pdbfiles/pdb7ekf.ent","pdbs/7ekf.A.pdb",-34.5629997253418,37.46200180053711,4.117000102996826
0,"0.7",0,55,"7ekf",0,"B","PHE",486,"","",True,1,1,1,"118","23","A","B","pdbfiles/pdb7ekf.ent","pdbs/7ekf.A.pdb",-39.762001037597656,44.91999816894531,-6.2870001792907715
0,"0.7",0,56,"7ekh",0,"A","LYS",31,"","",False,1,1,1,"135","24","A","B","pdbfiles/pdb7ekh.ent","pdbs/7ekh.A.pdb",-38.097999572753906,34.8489990234375,2.486999988555908
0,"0.7",0,57,"7ekh",0,"B","LEU",455,"","",True,1,1,1,"135","24","A","B","pdbfiles/pdb7ekh.ent","pdbs/7ekh.A.pdb",-35.55799865722656,34.369998931884766,5.196000099182129
0,"0.7",0,58,"7fc5",0,"A","LYS",31,"","",True,1,1,1,"148","25","E","A","pdbfiles/pdb7fc5.ent","pdbs/7fc5.E.pdb",2.1470000743865967,-29.549999237060547,-35.80099868774414
0,"0.7",0,59,"7fc5",0,"E","PHE",456,"","",False,1,1,1,"148","25","E","A","pdbfiles/pdb7fc5.ent","pdbs/7fc5.E.pdb",4.603000164031982,-28.572999954223633,-38.43600082397461
0,"0.7",0,60,"7lo4",0,"A","LYS",353,"","",False,1,1,1,"165","26","A","B","pdbfiles/pdb7lo4.ent","pdbs/7lo4.A.pdb",-6.372000217437744,10.319000244140625,-53.23500061035156
0,"0.7",0,61,"7lo4",0,"B","TYR",505,"","",True,1,1,1,"165","26","A","B","pdbfiles/pdb7lo4.ent","pdbs/7lo4.A.pdb",-5.619999885559082,10.979000091552734,-56.845001220703125
0,"0.7",0,62,"7pki",0,"A","LYS",31,"","",False,1,1,1,"170","27","A","E","pdbfiles/pdb7pki.ent","pdbs/7pki.A.pdb",59.029998779296875,110.65299987792969,11.246999740600586
0,"0.7",0,63,"7pki",0,"E","TYR",485,"","",True,1,1,1,"170","27","A","E","pdbfiles/pdb7pki.ent","pdbs/7pki.A.pdb",55.57400131225586,110.73699951171875,10.984000205993652
0,"0.7",0,64,"7spp",0,"A","ARG",346,"","",False,1,1,1,"179","30","A","C","pdbfiles/pdb7spp.ent","pdbs/7spp.A.pdb",8.258000373840332,3.0290000438690186,14.765999794006348
0,"0.7",0,65,"7spp",0,"A","ASN",354,"","",False,1,1,1,"182","31","A","C","pdbfiles/pdb7spp.ent","pdbs/7spp.A.pdb",14.093000411987305,6.684000015258789,8.652999877929688
0,"0.7",0,66,"7spp",0,"C","MET",114,"","",True,1,1,1,"182","31","A","C","pdbfiles/pdb7spp.ent","pdbs/7spp.A.pdb",10.449999809265137,7.4679999351501465,8.470000267028809
0,"0.7",0,67,"7spp",0,"C","PHE",116,"","",True,1,1,1,"179","30","A","C","pdbfiles/pdb7spp.ent","pdbs/7spp.A.pdb",10.406999588012695,3.256999969482422,11.95300006866455
0,"0.7",0,68,"7sxy",0,"B","GLN",498,"","",False,1,1,1,"195","32","B","E","pdbfiles/pdb7sxy.ent","pdbs/7sxy.B.pdb",228.14100646972656,163.53399658203125,251.91000366210938
0,"0.7",0,69,"7sxy",0,"E","TYR",41,"","",True,1,1,1,"195","32","B","E","pdbfiles/pdb7sxy.ent","pdbs/7sxy.B.pdb",225.5279998779297,163.4530029296875,254.53599548339844
0,"0.7",0,70,"7sy0",0,"B","GLN",498,"","",False,1,1,1,"206","33","B","E","pdbfiles/pdb7sy0.ent","pdbs/7sy0.B.pdb",228.66000366210938,163.3820037841797,252.052001953125
0,"0.7",0,71,"7sy0",0,"E","TYR",41,"","",True,1,1,1,"206","33","B","E","pdbfiles/pdb7sy0.ent","pdbs/7sy0.B.pdb",226.03599548339844,163.23800659179688,254.6060028076172
0,"0.7",0,72,"7t9l",0,"A","PHE",456,"","",False,1,1,1,"219","34","A","D","pdbfiles/pdb7t9l.ent","pdbs/7t9l.A.pdb",227.70399475097656,182.27999877929688,257.4729919433594
0,"0.7",0,73,"7t9l",0,"A","PHE",486,"","",False,1,1,1,"220","35","A","D","pdbfiles/pdb7t9l.ent","pdbs/7t9l.A.pdb",229.6439971923828,187.33799743652344,269.1090087890625
0,"0.7",0,74,"7t9l",0,"A","TYR",489,"","",False,1,1,1,"222","36","A","D","pdbfiles/pdb7t9l.ent","pdbs/7t9l.A.pdb",231.52999877929688,183.56500244140625,261.1960144042969
0,"0.7",0,75,"7t9l",0,"D","MET",82,"","",True,1,1,1,"220","35","A","D","pdbfiles/pdb7t9l.ent","pdbs/7t9l.A.pdb",228.96299743652344,186.20599365234375,272.50299072265625
0,"0.7",0,76,"7w8s",0,"A","THR",27,"","",False,1,1,1,"243","39","A","B","pdbfiles/pdb7w8s.ent","pdbs/7w8s.A.pdb",130.41900634765625,122.802001953125,168.95399475097656
0,"0.7",0,77,"7w8s",0,"A","TYR",34,"","",False,1,1,1,"246","40","A","B","pdbfiles/pdb7w8s.ent","pdbs/7w8s.A.pdb",136.39199829101562,131.73899841308594,167.6219940185547
0,"0.7",0,78,"7w8s",0,"B","LEU",455,"","",True,1,1,1,"246","40","A","B","pdbfiles/pdb7w8s.ent","pdbs/7w8s.A.pdb",135.33399963378906,129.69500732421875,170.46800231933594
0,"0.7",0,79,"7w8s",0,"B","PHE",456,"","",True,1,1,1,"243","39","A","B","pdbfiles/pdb7w8s.ent","pdbs/7w8s.A.pdb",132.86599731445312,125.3949966430664,169.83399963378906
0,"0.7",0,80,"7wa1",0,"A","LEU",24,"","",False,1,1,1,"259","41","A","B","pdbfiles/pdb7wa1.ent","pdbs/7wa1.A.pdb",132.5679931640625,102.96399688720703,89.28399658203125
0,"0.7",0,81,"7wa1",0,"A","LYS",31,"","",False,1,1,1,"263","42","A","B","pdbfiles/pdb7wa1.ent","pdbs/7wa1.A.pdb",121.46600341796875,107.9010009765625,91.41500091552734
0,"0.7",0,82,"7wa1",0,"A","TYR",34,"","",False,1,1,1,"264","43","A","B","pdbfiles/pdb7wa1.ent","pdbs/7wa1.A.pdb",117.26399993896484,116.83999633789062,90.5270004272461
0,"0.7",0,83,"7wa1",0,"A","TYR",41,"","",False,1,1,1,"267","44","A","B","pdbfiles/pdb7wa1.ent","pdbs/7wa1.A.pdb",109.7239990234375,121.33300018310547,97.68099975585938
0,"0.7",0,84,"7wa1",0,"B","TYR",453,"","",True,1,1,1,"264","43","A","B","pdbfiles/pdb7wa1.ent","pdbs/7wa1.A.pdb",118.55899810791016,116.89700317382812,87.24400329589844
0,"0.7",0,85,"7wa1",0,"B","ALA",475,"","",True,1,1,1,"259","41","A","B","pdbfiles/pdb7wa1.ent","pdbs/7wa1.A.pdb",129.26699829101562,103.82599639892578,87.66200256347656
0,"0.7",0,86,"7wa1",0,"B","TYR",489,"","",True,1,1,1,"263","42","A","B","pdbfiles/pdb7wa1.ent","pdbs/7wa1.A.pdb",123.06500244140625,105.15299987792969,89.61199951171875
0,"0.7",0,87,"7wa1",0,"B","GLN",498,"","",True,1,1,1,"267","44","A","B","pdbfiles/pdb7wa1.ent","pdbs/7wa1.A.pdb",108.00199890136719,121.50900268554688,94.44100189208984
0,"0.7",0,88,"7wnm",0,"A","PHE",456,"","",True,1,1,1,"275","45","B","A","pdbfiles/pdb7wnm.ent","pdbs/7wnm.B.pdb",-49.50199890136719,42.194000244140625,23.219999313354492
0,"0.7",0,89,"7wnm",0,"A","PHE",486,"","",True,1,1,1,"281","47","B","A","pdbfiles/pdb7wnm.ent","pdbs/7wnm.B.pdb",-54.882999420166016,48.84400177001953,13.552000045776367
0,"0.7",0,90,"7wnm",0,"A","TYR",489,"","",True,1,1,1,"276","46","B","A","pdbfiles/pdb7wnm.ent","pdbs/7wnm.B.pdb",-54.89699935913086,42.13800048828125,19.740999221801758
0,"0.7",0,91,"7wnm",0,"A","TYR",505,"","",True,1,1,1,"284","48","B","A","pdbfiles/pdb7wnm.ent","pdbs/7wnm.B.pdb",-41.4630012512207,27.46500015258789,21.701000213623047
0,"0.7",0,92,"7wnm",0,"B","PHE",27,"","",False,1,1,1,"275","45","B","A","pdbfiles/pdb7wnm.ent","pdbs/7wnm.B.pdb",-47.88100051879883,45.542999267578125,22.851999282836914
0,"0.7",0,93,"7wnm",0,"B","LYS",31,"","",False,1,1,1,"276","46","B","A","pdbfiles/pdb7wnm.ent","pdbs/7wnm.B.pdb",-53.755001068115234,38.792999267578125,18.486000061035156
0,"0.7",0,94,"7wnm",0,"B","TYR",83,"","",False,1,1,1,"281","47","B","A","pdbfiles/pdb7wnm.ent","pdbs/7wnm.B.pdb",-51.33700180053711,48.53900146484375,14.458000183105469
0,"0.7",0,95,"7wnm",0,"B","LYS",353,"","",False,1,1,1,"284","48","B","A","pdbfiles/pdb7wnm.ent","pdbs/7wnm.B.pdb",-44.02199935913086,26.4689998626709,19.42300033569336
0,"0.7",0,96,"7wpa",0,"A","LEU",452,"","",False,1,1,1,"286","49","A","D","pdbfiles/pdb7wpa.ent","pdbs/7wpa.A.pdb",207.2220001220703,178.41000366210938,258.50201416015625
0,"0.7",0,97,"7wpa",0,"A","TYR",486,"","",False,1,1,1,"290","52","A","D","pdbfiles/pdb7wpa.ent","pdbs/7wpa.A.pdb",215.4669952392578,180.10400390625,266.37701416015625
0,"0.7",0,98,"7wpa",0,"D","PHE",28,"","",True,1,1,1,"290","52","A","D","pdbfiles/pdb7wpa.ent","pdbs/7wpa.A.pdb",212.79400634765625,181.4530029296875,268.5679931640625
0,"0.7",0,99,"7wpa",0,"D","ASP",30,"","",True,1,1,1,"288","51","A","D","pdbfiles/pdb7wpa.ent","pdbs/7wpa.A.pdb",207.04100036621094,183.61399841308594,261.0690002441406
0,"0.7",0,100,"7wpa",0,"D","LYS",31,"","",True,1,1,1,"287","50","A","D","pdbfiles/pdb7wpa.ent","pdbs/7wpa.A.pdb",209.86399841308594,179.7969970703125,263.4339904785156
0,"0.7",0,101,"7wpa",0,"D","HIS",34,"","",True,1,1,1,"286","49","A","D","pdbfiles/pdb7wpa.ent","pdbs/7wpa.A.pdb",205.12100219726562,177.7449951171875,261.53399658203125
0,"0.7",0,102,"7wse",0,"A","TYR",41,"","",False,1,1,1,"317","55","A","B","pdbfiles/pdb7wse.ent","pdbs/7wse.A.pdb",117.74500274658203,110.11599731445312,126.55000305175781
0,"0.7",0,103,"7wse",0,"A","ILE",79,"","",False,1,1,1,"319","56","A","B","pdbfiles/pdb7wse.ent","pdbs/7wse.A.pdb",104.07099914550781,89.95999908447266,133.20399475097656
0,"0.7",0,104,"7wse",0,"A","LYS",352,"","",False,1,1,1,"322","57","A","B","pdbfiles/pdb7wse.ent","pdbs/7wse.A.pdb",112.99600219726562,109.68399810791016,129.43099975585938
0,"0.7",0,105,"7wse",0,"B","PHE",456,"","",True,1,1,1,"310","53","A","B","pdbfiles/pdb7wse.ent","pdbs/7wse.A.pdb",104.2979965209961,100.0009994506836,139.10800170898438
0,"0.7",0,106,"7wse",0,"B","PHE",486,"","",True,1,1,1,"319","56","A","B","pdbfiles/pdb7wse.ent","pdbs/7wse.A.pdb",101.3759994506836,88.4260025024414,135.36000061035156
0,"0.7",0,107,"7wse",0,"B","TYR",489,"","",True,1,1,1,"311","54","A","B","pdbfiles/pdb7wse.ent","pdbs/7wse.A.pdb",105.91100311279297,94.56900024414062,138.7790069580078
0,"0.7",0,108,"7wse",0,"B","GLN",498,"","",True,1,1,1,"317","55","A","B","pdbfiles/pdb7wse.ent","pdbs/7wse.A.pdb",119.33200073242188,110.25,129.656005859375
0,"0.7",0,109,"7wse",0,"B","TYR",505,"","",True,1,1,1,"322","57","A","B","pdbfiles/pdb7wse.ent","pdbs/7wse.A.pdb",110.56700134277344,112.2239990234375,130.66400146484375
0,"0.7",0,110,"7wsh",0,"A","GLU",38,"","",False,1,1,1,"328","58","A","B","pdbfiles/pdb7wsh.ent","pdbs/7wsh.A.pdb",112.06500244140625,129.44400024414062,142.5500030517578
0,"0.7",0,111,"7wsh",0,"B","TYR",449,"","",True,1,1,1,"328","58","A","B","pdbfiles/pdb7wsh.ent","pdbs/7wsh.A.pdb",109.90799713134766,129.2760009765625,145.63800048828125
0,"0.7",0,112,"7xo9",0,"A","TYR",489,"","",False,1,1,1,"345","59","A","D","pdbfiles/pdb7xo9.ent","pdbs/7xo9.A.pdb",215.29800415039062,178.88699340820312,265.0480041503906
0,"0.7",0,113,"7xo9",0,"A","TYR",501,"","",False,1,1,1,"350","60","A","D","pdbfiles/pdb7xo9.ent","pdbs/7xo9.A.pdb",197.5279998779297,168.61500549316406,258.4830017089844
0,"0.7",0,114,"7xo9",0,"D","LYS",31,"","",True,1,1,1,"345","59","A","D","pdbfiles/pdb7xo9.ent","pdbs/7xo9.A.pdb",212.06199645996094,177.20399475097656,265.1029968261719
0,"0.7",0,115,"7xo9",0,"D","LYS",353,"","",True,1,1,1,"350","60","A","D","pdbfiles/pdb7xo9.ent","pdbs/7xo9.A.pdb",197.5260009765625,171.53199768066406,260.8599853515625
0,"0.7",0,116,"8dlq",0,"E","TYR",83,"","",True,1,1,1,"366","63","B","E","pdbfiles/pdb8dlq.ent","pdbs/8dlq.B.pdb",224.86500549316406,189.77699279785156,265.1759948730469
0,"0.7",0,117,"8dm6",0,"A","PHE",456,"","",False,1,1,1,"372","64","A","D","pdbfiles/pdb8dm6.ent","pdbs/8dm6.A.pdb",225.67300415039062,181.5850067138672,260.5769958496094
0,"0.7",0,118,"8dm6",0,"A","TYR",489,"","",False,1,1,1,"375","65","A","D","pdbfiles/pdb8dm6.ent","pdbs/8dm6.A.pdb",229.48899841308594,182.6219940185547,264.427001953125
0,"0.7",0,119,"8dm8",0,"A","PHE",456,"","",False,1,1,1,"382","66","A","D","pdbfiles/pdb8dm8.ent","pdbs/8dm8.A.pdb",225.76100158691406,181.74200439453125,260.52899169921875
0,"0.7",0,120,"8dm8",0,"D","ASN",31,"","",True,1,1,1,"382","66","A","D","pdbfiles/pdb8dm8.ent","pdbs/8dm8.A.pdb",226.66900634765625,179.6580047607422,263.5639953613281
0,"0.8",0,1,"7ekc",0,"B","PHE",456,"","",True,3,3,3,"87;88;89","83;84;85","A","B","pdbfiles/pdb7ekc.ent","pdbs/7ekc.A.pdb",-34.25199890136719,37.155999501546226,4.065999984741211
0,"0.8",0,2,"8dlq",0,"B","PHE",486,"","",False,3,3,3,"364;365;366","128;129;130","B","E","pdbfiles/pdb8dlq.ent","pdbs/8dlq.B.pdb",228.94299825032553,190.3143310546875,266.52833048502606
0,"0.8",0,3,"7ekc",0,"A","LYS",31,"","",False,2,2,2,"88;89","84;85","A","B","pdbfiles/pdb7ekc.ent","pdbs/7ekc.A.pdb",-36.65449905395508,35.440500259399414,1.2094999998807907
0,"0.8",0,4,"7pki",0,"A","LYS",353,"","",False,2,2,2,"177;178","95;96","A","E","pdbfiles/pdb7pki.ent","pdbs/7pki.A.pdb",76.03799819946289,111.63050079345703,6.54200005531311
0,"0.8",0,5,"7pki",0,"E","TYR",501,"","",True,2,2,2,"177;178","95;96","A","E","pdbfiles/pdb7pki.ent","pdbs/7pki.A.pdb",74.86899948120117,114.08049774169922,3.944000005722046
0,"0.8",0,6,"7t9l",0,"D","LYS",31,"","",True,2,2,2,"219;222","101;103","A","D","pdbfiles/pdb7t9l.ent","pdbs/7t9l.A.pdb",229.7740020751953,179.89099884033203,260.85450744628906
0,"0.8",0,7,"7w6u",0,"A","LYS",353,"","",False,2,2,2,"241;242","104;105","A","B","pdbfiles/pdb7w6u.ent","pdbs/7w6u.A.pdb",-10.680500030517578,58.028499603271484,-8.758500099182129
0,"0.8",0,8,"7w6u",0,"B","TYR",505,"","",True,2,2,2,"241;242","104;105","A","B","pdbfiles/pdb7w6u.ent","pdbs/7w6u.A.pdb",-13.253000259399414,57.81449890136719,-6.0970001220703125
0,"0.8",0,9,"7wpa",0,"A","PHE",453,"","",False,2,2,2,"287;288","117;118","A","D","pdbfiles/pdb7wpa.ent","pdbs/7wpa.A.pdb",210.92549896240234,182.2594985961914,260.6374969482422
0,"0.8",0,10,"7wse",0,"A","LYS",31,"","",False,2,2,2,"310;311","120;121","A","B","pdbfiles/pdb7wse.ent","pdbs/7wse.A.pdb",106.17300033569336,97.6870002746582,136.47699737548828
0,"0.8",0,11,"8dlq",0,"E","MET",82,"","",True,2,2,2,"364;365","128;129","B","E","pdbfiles/pdb8dlq.ent","pdbs/8dlq.B.pdb",228.8740005493164,189.5225067138672,269.9929962158203
0,"0.8",0,12,"8dm6",0,"D","LYS",31,"","",True,2,2,2,"372;375","131;132","A","D","pdbfiles/pdb8dm6.ent","pdbs/8dm6.A.pdb",227.62899780273438,179.11349487304688,264.10699462890625
0,"0.8",0,13,"6lzg",0,"A","TYR",83,"","",False,1,1,1,"9","67","A","B","pdbfiles/pdb6lzg.ent","pdbs/6lzg.A.pdb",-35.263999938964844,44.606998443603516,-4.860000133514404
0,"0.8",0,14,"6lzg",0,"A","LYS",353,"","",False,1,1,1,"12","68","A","B","pdbfiles/pdb6lzg.ent","pdbs/6lzg.A.pdb",-34.27799987792969,20.398000717163086,1.0399999618530273
0,"0.8",0,15,"6lzg",0,"B","PHE",486,"","",True,1,1,1,"9","67","A","B","pdbfiles/pdb6lzg.ent","pdbs/6lzg.A.pdb",-38.7130012512207,46.06700134277344,-5.440999984741211
0,"0.8",0,16,"6lzg",0,"B","TYR",505,"","",True,1,1,1,"12","68","A","B","pdbfiles/pdb6lzg.ent","pdbs/6lzg.A.pdb",-31.843000411987305,21.30299949645996,3.747999906539917
0,"0.8",0,17,"6m0j",0,"A","LEU",79,"","",False,1,1,1,"20","69","A","E","pdbfiles/pdb6m0j.ent","pdbs/6m0j.A.pdb",-41.887001037597656,41.37099838256836,-6.2870001792907715
0,"0.8",0,18,"6m0j",0,"E","PHE",486,"","",True,1,1,1,"20","69","A","E","pdbfiles/pdb6m0j.ent","pdbs/6m0j.A.pdb",-40.483001708984375,44.72200012207031,-5.265999794006348
0,"0.8",0,19,"7bh9",0,"A","LYS",353,"","",False,1,1,1,"31","70","A","E","pdbfiles/pdb7bh9.ent","pdbs/7bh9.A.pdb",186.41200256347656,183.26199340820312,201.52200317382812
0,"0.8",0,20,"7bh9",0,"E","TYR",501,"","",True,1,1,1,"31","70","A","E","pdbfiles/pdb7bh9.ent","pdbs/7bh9.A.pdb",189.4759979248047,185.09300231933594,201.65499877929688
0,"0.8",0,21,"7dhx",0,"A","ASN",82,"","",False,1,1,1,"37","71","A","B","pdbfiles/pdb7dhx.ent","pdbs/7dhx.A.pdb",12.987000465393066,35.01499938964844,59.86899948120117
0,"0.8",0,22,"7dhx",0,"B","PHE",486,"","",True,1,1,1,"37","71","A","B","pdbfiles/pdb7dhx.ent","pdbs/7dhx.A.pdb",15.196999549865723,34.13100051879883,62.577999114990234
0,"0.8",0,23,"7e3j",0,"A","LYS",31,"","",False,1,1,1,"45","72","A","B","pdbfiles/pdb7e3j.ent","pdbs/7e3j.A.pdb",-98.31600189208984,42.1510009765625,-24.243999481201172
0,"0.8",0,24,"7e3j",0,"A","TYR",34,"","",False,1,1,1,"47","73","A","B","pdbfiles/pdb7e3j.ent","pdbs/7e3j.A.pdb",-98.4800033569336,34.224998474121094,-20.024999618530273
0,"0.8",0,25,"7e3j",0,"B","LEU",455,"","",True,1,1,1,"47","73","A","B","pdbfiles/pdb7e3j.ent","pdbs/7e3j.A.pdb",-101.52799987792969,36.38399887084961,-19.781999588012695
0,"0.8",0,26,"7e3j",0,"B","TYR",489,"","",True,1,1,1,"45","72","A","B","pdbfiles/pdb7e3j.ent","pdbs/7e3j.A.pdb",-100.23100280761719,45.1349983215332,-23.9689998626709
0,"0.8",0,27,"7efp",0,"A","TRP",19,"","",False,1,1,1,"55","74","A","B","pdbfiles/pdb7efp.ent","pdbs/7efp.A.pdb",-24.648000717163086,-35.94599914550781,-13.45199966430664
0,"0.8",0,28,"7efp",0,"A","THR",27,"","",False,1,1,1,"56","75","A","B","pdbfiles/pdb7efp.ent","pdbs/7efp.A.pdb",-28.172000885009766,-33.571998596191406,-15.623000144958496
0,"0.8",0,29,"7efp",0,"A","TYR",41,"","",False,1,1,1,"61","76","A","B","pdbfiles/pdb7efp.ent","pdbs/7efp.A.pdb",-44.32400131225586,-27.572999954223633,-33.946998596191406
0,"0.8",0,30,"7efp",0,"A","LEU",79,"","",False,1,1,1,"63","77","A","B","pdbfiles/pdb7efp.ent","pdbs/7efp.A.pdb",-33.518001556396484,-24.802000045776367,-10.13700008392334
0,"0.8",0,31,"7efp",0,"A","TYR",330,"","",False,1,1,1,"66","78","A","B","pdbfiles/pdb7efp.ent","pdbs/7efp.A.pdb",-47.68000030517578,-28.054000854492188,-42.944000244140625
0,"0.8",0,32,"7efp",0,"B","ALA",475,"","",True,1,1,1,"55","74","A","B","pdbfiles/pdb7efp.ent","pdbs/7efp.A.pdb",-27.509000778198242,-34.29499816894531,-11.585000038146973
0,"0.8",0,33,"7efp",0,"B","PHE",486,"","",True,1,1,1,"63","77","A","B","pdbfiles/pdb7efp.ent","pdbs/7efp.A.pdb",-30.43899917602539,-26.402000427246094,-8.630999565124512
0,"0.8",0,34,"7efp",0,"B","TYR",489,"","",True,1,1,1,"56","75","A","B","pdbfiles/pdb7efp.ent","pdbs/7efp.A.pdb",-30.524999618530273,-32.61800003051758,-13.076000213623047
0,"0.8",0,35,"7efp",0,"B","GLN",498,"","",True,1,1,1,"61","76","A","B","pdbfiles/pdb7efp.ent","pdbs/7efp.A.pdb",-46.433998107910156,-30.70800018310547,-33.683998107910156
0,"0.8",0,36,"7efp",0,"B","THR",500,"","",True,1,1,1,"66","78","A","B","pdbfiles/pdb7efp.ent","pdbs/7efp.A.pdb",-47.25600051879883,-28.091999053955078,-39.32699966430664
0,"0.8",0,37,"7efr",0,"A","TRP",27,"","",False,1,1,1,"70","79","A","B","pdbfiles/pdb7efr.ent","pdbs/7efr.A.pdb",34.685001373291016,25.04199981689453,13.593000411987305
0,"0.8",0,38,"7efr",0,"A","LYS",31,"","",False,1,1,1,"72","80","A","B","pdbfiles/pdb7efr.ent","pdbs/7efr.A.pdb",31.708999633789062,34.064998626708984,16.996999740600586
0,"0.8",0,39,"7efr",0,"A","TYR",83,"","",False,1,1,1,"80","81","A","B","pdbfiles/pdb7efr.ent","pdbs/7efr.A.pdb",26.690000534057617,25.972000122070312,11.4350004196167
0,"0.8",0,40,"7efr",0,"A","TYR",330,"","",False,1,1,1,"82","82","A","B","pdbfiles/pdb7efr.ent","pdbs/7efr.A.pdb",28.14699935913086,47.54399871826172,42.915000915527344
0,"0.8",0,41,"7efr",0,"B","ALA",475,"","",True,1,1,1,"70","79","A","B","pdbfiles/pdb7efr.ent","pdbs/7efr.A.pdb",34.05699920654297,27.964000701904297,11.605999946594238
0,"0.8",0,42,"7efr",0,"B","PHE",486,"","",True,1,1,1,"80","81","A","B","pdbfiles/pdb7efr.ent","pdbs/7efr.A.pdb",25.856000900268555,27.89699935913086,8.62600040435791
0,"0.8",0,43,"7efr",0,"B","TYR",489,"","",True,1,1,1,"72","80","A","B","pdbfiles/pdb7efr.ent","pdbs/7efr.A.pdb",31.926000595092773,33.39400100708008,13.520999908447266
0,"0.8",0,44,"7efr",0,"B","THR",500,"","",True,1,1,1,"82","82","A","B","pdbfiles/pdb7efr.ent","pdbs/7efr.A.pdb",27.966999053955078,47.180999755859375,39.150001525878906
0,"0.8",0,45,"7ekc",0,"A","THR",27,"","",False,1,1,1,"87","83","A","B","pdbfiles/pdb7ekc.ent","pdbs/7ekc.A.pdb",-32.819000244140625,40.667999267578125,2.3540000915527344
0,"0.8",0,46,"7ekc",0,"A","LEU",79,"","",False,1,1,1,"93","86","A","B","pdbfiles/pdb7ekc.ent","pdbs/7ekc.A.pdb",-40.84700012207031,41.07600021362305,-6.7129998207092285
0,"0.8",0,47,"7ekc",0,"B","PHE",486,"","",True,1,1,1,"93","86","A","B","pdbfiles/pdb7ekc.ent","pdbs/7ekc.A.pdb",-39.25,44.24800109863281,-5.752999782562256
0,"0.8",0,48,"7eke",0,"A","TYR",41,"","",False,1,1,1,"104","87","A","B","pdbfiles/pdb7eke.ent","pdbs/7eke.A.pdb",-37.590999603271484,16.341999053955078,-0.2840000092983246
0,"0.8",0,49,"7eke",0,"A","LYS",353,"","",False,1,1,1,"108","88","A","B","pdbfiles/pdb7eke.ent","pdbs/7eke.A.pdb",-34.12200164794922,20.451000213623047,1.0859999656677246
0,"0.8",0,50,"7eke",0,"B","GLN",498,"","",True,1,1,1,"104","87","A","B","pdbfiles/pdb7eke.ent","pdbs/7eke.A.pdb",-39.361000061035156,16.8799991607666,2.9489998817443848
0,"0.8",0,51,"7eke",0,"B","TYR",505,"","",True,1,1,1,"108","88","A","B","pdbfiles/pdb7eke.ent","pdbs/7eke.A.pdb",-31.759000778198242,21.368000030517578,3.7139999866485596
0,"0.8",0,52,"7ekf",0,"A","THR",27,"","",False,1,1,1,"111","89","A","B","pdbfiles/pdb7ekf.ent","pdbs/7ekf.A.pdb",-34.51499938964844,40.527000427246094,2.3259999752044678
0,"0.8",0,53,"7ekf",0,"A","MET",82,"","",False,1,1,1,"118","90","A","B","pdbfiles/pdb7ekf.ent","pdbs/7ekf.A.pdb",-39.007999420166016,45.32400131225586,-9.5600004196167
0,"0.8",0,54,"7ekf",0,"B","PHE",456,"","",True,1,1,1,"111","89","A","B","pdbfiles/pdb7ekf.ent","pdbs/7ekf.A.pdb",-34.5629997253418,37.46200180053711,4.117000102996826
0,"0.8",0,55,"7ekf",0,"B","PHE",486,"","",True,1,1,1,"118","90","A","B","pdbfiles/pdb7ekf.ent","pdbs/7ekf.A.pdb",-39.762001037597656,44.91999816894531,-6.2870001792907715
0,"0.8",0,56,"7ekh",0,"A","LYS",31,"","",False,1,1,1,"135","91","A","B","pdbfiles/pdb7ekh.ent","pdbs/7ekh.A.pdb",-38.097999572753906,34.8489990234375,2.486999988555908
0,"0.8",0,57,"7ekh",0,"B","LEU",455,"","",True,1,1,1,"135","91","A","B","pdbfiles/pdb7ekh.ent","pdbs/7ekh.A.pdb",-35.55799865722656,34.369998931884766,5.196000099182129
0,"0.8",0,58,"7fc5",0,"A","LYS",31,"","",True,1,1,1,"148","92","E","A","pdbfiles/pdb7fc5.ent","pdbs/7fc5.E.pdb",2.1470000743865967,-29.549999237060547,-35.80099868774414
0,"0.8",0,59,"7fc5",0,"E","PHE",456,"","",False,1,1,1,"148","92","E","A","pdbfiles/pdb7fc5.ent","pdbs/7fc5.E.pdb",4.603000164031982,-28.572999954223633,-38.43600082397461
0,"0.8",0,60,"7lo4",0,"A","LYS",353,"","",False,1,1,1,"165","93","A","B","pdbfiles/pdb7lo4.ent","pdbs/7lo4.A.pdb",-6.372000217437744,10.319000244140625,-53.23500061035156
0,"0.8",0,61,"7lo4",0,"B","TYR",505,"","",True,1,1,1,"165","93","A","B","pdbfiles/pdb7lo4.ent","pdbs/7lo4.A.pdb",-5.619999885559082,10.979000091552734,-56.845001220703125
0,"0.8",0,62,"7pki",0,"A","LYS",31,"","",False,1,1,1,"170","94","A","E","pdbfiles/pdb7pki.ent","pdbs/7pki.A.pdb",59.029998779296875,110.65299987792969,11.246999740600586
0,"0.8",0,63,"7pki",0,"E","TYR",485,"","",True,1,1,1,"170","94","A","E","pdbfiles/pdb7pki.ent","pdbs/7pki.A.pdb",55.57400131225586,110.73699951171875,10.984000205993652
0,"0.8",0,64,"7spp",0,"A","ARG",346,"","",False,1,1,1,"179","97","A","C","pdbfiles/pdb7spp.ent","pdbs/7spp.A.pdb",8.258000373840332,3.0290000438690186,14.765999794006348
0,"0.8",0,65,"7spp",0,"A","ASN",354,"","",False,1,1,1,"182","98","A","C","pdbfiles/pdb7spp.ent","pdbs/7spp.A.pdb",14.093000411987305,6.684000015258789,8.652999877929688
0,"0.8",0,66,"7spp",0,"C","MET",114,"","",True,1,1,1,"182","98","A","C","pdbfiles/pdb7spp.ent","pdbs/7spp.A.pdb",10.449999809265137,7.4679999351501465,8.470000267028809
0,"0.8",0,67,"7spp",0,"C","PHE",116,"","",True,1,1,1,"179","97","A","C","pdbfiles/pdb7spp.ent","pdbs/7spp.A.pdb",10.406999588012695,3.256999969482422,11.95300006866455
0,"0.8",0,68,"7sxy",0,"B","GLN",498,"","",False,1,1,1,"195","99","B","E","pdbfiles/pdb7sxy.ent","pdbs/7sxy.B.pdb",228.14100646972656,163.53399658203125,251.91000366210938
0,"0.8",0,69,"7sxy",0,"E","TYR",41,"","",True,1,1,1,"195","99","B","E","pdbfiles/pdb7sxy.ent","pdbs/7sxy.B.pdb",225.5279998779297,163.4530029296875,254.53599548339844
0,"0.8",0,70,"7sy0",0,"B","GLN",498,"","",False,1,1,1,"206","100","B","E","pdbfiles/pdb7sy0.ent","pdbs/7sy0.B.pdb",228.66000366210938,163.3820037841797,252.052001953125
0,"0.8",0,71,"7sy0",0,"E","TYR",41,"","",True,1,1,1,"206","100","B","E","pdbfiles/pdb7sy0.ent","pdbs/7sy0.B.pdb",226.03599548339844,163.23800659179688,254.6060028076172
0,"0.8",0,72,"7t9l",0,"A","PHE",456,"","",False,1,1,1,"219","101","A","D","pdbfiles/pdb7t9l.ent","pdbs/7t9l.A.pdb",227.70399475097656,182.27999877929688,257.4729919433594
0,"0.8",0,73,"7t9l",0,"A","PHE",486,"","",False,1,1,1,"220","102","A","D","pdbfiles/pdb7t9l.ent","pdbs/7t9l.A.pdb",229.6439971923828,187.33799743652344,269.1090087890625
0,"0.8",0,74,"7t9l",0,"A","TYR",489,"","",False,1,1,1,"222","103","A","D","pdbfiles/pdb7t9l.ent","pdbs/7t9l.A.pdb",231.52999877929688,183.56500244140625,261.1960144042969
0,"0.8",0,75,"7t9l",0,"D","MET",82,"","",True,1,1,1,"220","102","A","D","pdbfiles/pdb7t9l.ent","pdbs/7t9l.A.pdb",228.96299743652344,186.20599365234375,272.50299072265625
0,"0.8",0,76,"7w8s",0,"A","THR",27,"","",False,1,1,1,"243","106","A","B","pdbfiles/pdb7w8s.ent","pdbs/7w8s.A.pdb",130.41900634765625,122.802001953125,168.95399475097656
0,"0.8",0,77,"7w8s",0,"A","TYR",34,"","",False,1,1,1,"246","107","A","B","pdbfiles/pdb7w8s.ent","pdbs/7w8s.A.pdb",136.39199829101562,131.73899841308594,167.6219940185547
0,"0.8",0,78,"7w8s",0,"B","LEU",455,"","",True,1,1,1,"246","107","A","B","pdbfiles/pdb7w8s.ent","pdbs/7w8s.A.pdb",135.33399963378906,129.69500732421875,170.46800231933594
0,"0.8",0,79,"7w8s",0,"B","PHE",456,"","",True,1,1,1,"243","106","A","B","pdbfiles/pdb7w8s.ent","pdbs/7w8s.A.pdb",132.86599731445312,125.3949966430664,169.83399963378906
0,"0.8",0,80,"7wa1",0,"A","LEU",24,"","",False,1,1,1,"259","108","A","B","pdbfiles/pdb7wa1.ent","pdbs/7wa1.A.pdb",132.5679931640625,102.96399688720703,89.28399658203125
0,"0.8",0,81,"7wa1",0,"A","LYS",31,"","",False,1,1,1,"263","109","A","B","pdbfiles/pdb7wa1.ent","pdbs/7wa1.A.pdb",121.46600341796875,107.9010009765625,91.41500091552734
0,"0.8",0,82,"7wa1",0,"A","TYR",34,"","",False,1,1,1,"264","110","A","B","pdbfiles/pdb7wa1.ent","pdbs/7wa1.A.pdb",117.26399993896484,116.83999633789062,90.5270004272461
0,"0.8",0,83,"7wa1",0,"A","TYR",41,"","",False,1,1,1,"267","111","A","B","pdbfiles/pdb7wa1.ent","pdbs/7wa1.A.pdb",109.7239990234375,121.33300018310547,97.68099975585938
0,"0.8",0,84,"7wa1",0,"B","TYR",453,"","",True,1,1,1,"264","110","A","B","pdbfiles/pdb7wa1.ent","pdbs/7wa1.A.pdb",118.55899810791016,116.89700317382812,87.24400329589844
0,"0.8",0,85,"7wa1",0,"B","ALA",475,"","",True,1,1,1,"259","108","A","B","pdbfiles/pdb7wa1.ent","pdbs/7wa1.A.pdb",129.26699829101562,103.82599639892578,87.66200256347656
0,"0.8",0,86,"7wa1",0,"B","TYR",489,"","",True,1,1,1,"263","109","A","B","pdbfiles/pdb7wa1.ent","pdbs/7wa1.A.pdb",123.06500244140625,105.15299987792969,89.61199951171875
0,"0.8",0,87,"7wa1",0,"B","GLN",498,"","",True,1,1,1,"267","111","A","B","pdbfiles/pdb7wa1.ent","pdbs/7wa1.A.pdb",108.00199890136719,121.50900268554688,94.44100189208984
0,"0.8",0,88,"7wnm",0,"A","PHE",456,"","",True,1,1,1,"275","112","B","A","pdbfiles/pdb7wnm.ent","pdbs/7wnm.B.pdb",-49.50199890136719,42.194000244140625,23.219999313354492
0,"0.8",0,89,"7wnm",0,"A","PHE",486,"","",True,1,1,1,"281","114","B","A","pdbfiles/pdb7wnm.ent","pdbs/7wnm.B.pdb",-54.882999420166016,48.84400177001953,13.552000045776367
0,"0.8",0,90,"7wnm",0,"A","TYR",489,"","",True,1,1,1,"276","113","B","A","pdbfiles/pdb7wnm.ent","pdbs/7wnm.B.pdb",-54.89699935913086,42.13800048828125,19.740999221801758
0,"0.8",0,91,"7wnm",0,"A","TYR",505,"","",True,1,1,1,"284","115","B","A","pdbfiles/pdb7wnm.ent","pdbs/7wnm.B.pdb",-41.4630012512207,27.46500015258789,21.701000213623047
0,"0.8",0,92,"7wnm",0,"B","PHE",27,"","",False,1,1,1,"275","112","B","A","pdbfiles/pdb7wnm.ent","pdbs/7wnm.B.pdb",-47.88100051879883,45.542999267578125,22.851999282836914
0,"0.8",0,93,"7wnm",0,"B","LYS",31,"","",False,1,1,1,"276","113","B","A","pdbfiles/pdb7wnm.ent","pdbs/7wnm.B.pdb",-53.755001068115234,38.792999267578125,18.486000061035156
0,"0.8",0,94,"7wnm",0,"B","TYR",83,"","",False,1,1,1,"281","114","B","A","pdbfiles/pdb7wnm.ent","pdbs/7wnm.B.pdb",-51.33700180053711,48.53900146484375,14.458000183105469
0,"0.8",0,95,"7wnm",0,"B","LYS",353,"","",False,1,1,1,"284","115","B","A","pdbfiles/pdb7wnm.ent","pdbs/7wnm.B.pdb",-44.02199935913086,26.4689998626709,19.42300033569336
0,"0.8",0,96,"7wpa",0,"A","LEU",452,"","",False,1,1,1,"286","116","A","D","pdbfiles/pdb7wpa.ent","pdbs/7wpa.A.pdb",207.2220001220703,178.41000366210938,258.50201416015625
0,"0.8",0,97,"7wpa",0,"A","TYR",486,"","",False,1,1,1,"290","119","A","D","pdbfiles/pdb7wpa.ent","pdbs/7wpa.A.pdb",215.4669952392578,180.10400390625,266.37701416015625
0,"0.8",0,98,"7wpa",0,"D","PHE",28,"","",True,1,1,1,"290","119","A","D","pdbfiles/pdb7wpa.ent","pdbs/7wpa.A.pdb",212.79400634765625,181.4530029296875,268.5679931640625
0,"0.8",0,99,"7wpa",0,"D","ASP",30,"","",True,1,1,1,"288","118","A","D","pdbfiles/pdb7wpa.ent","pdbs/7wpa.A.pdb",207.04100036621094,183.61399841308594,261.0690002441406
0,"0.8",0,100,"7wpa",0,"D","LYS",31,"","",True,1,1,1,"287","117","A","D","pdbfiles/pdb7wpa.ent","pdbs/7wpa.A.pdb",209.86399841308594,179.7969970703125,263.4339904785156
0,"0.8",0,101,"7wpa",0,"D","HIS",34,"","",True,1,1,1,"286","116","A","D","pdbfiles/pdb7wpa.ent","pdbs/7wpa.A.pdb",205.12100219726562,177.7449951171875,261.53399658203125
0,"0.8",0,102,"7wse",0,"A","TYR",41,"","",False,1,1,1,"317","122","A","B","pdbfiles/pdb7wse.ent","pdbs/7wse.A.pdb",117.74500274658203,110.11599731445312,126.55000305175781
0,"0.8",0,103,"7wse",0,"A","ILE",79,"","",False,1,1,1,"319","123","A","B","pdbfiles/pdb7wse.ent","pdbs/7wse.A.pdb",104.07099914550781,89.95999908447266,133.20399475097656
0,"0.8",0,104,"7wse",0,"A","LYS",352,"","",False,1,1,1,"322","124","A","B","pdbfiles/pdb7wse.ent","pdbs/7wse.A.pdb",112.99600219726562,109.68399810791016,129.43099975585938
0,"0.8",0,105,"7wse",0,"B","PHE",456,"","",True,1,1,1,"310","120","A","B","pdbfiles/pdb7wse.ent","pdbs/7wse.A.pdb",104.2979965209961,100.0009994506836,139.10800170898438
0,"0.8",0,106,"7wse",0,"B","PHE",486,"","",True,1,1,1,"319","123","A","B","pdbfiles/pdb7wse.ent","pdbs/7wse.A.pdb",101.3759994506836,88.4260025024414,135.36000061035156
0,"0.8",0,107,"7wse",0,"B","TYR",489,"","",True,1,1,1,"311","121","A","B","pdbfiles/pdb7wse.ent","pdbs/7wse.A.pdb",105.91100311279297,94.56900024414062,138.7790069580078
0,"0.8",0,108,"7wse",0,"B","GLN",498,"","",True,1,1,1,"317","122","A","B","pdbfiles/pdb7wse.ent","pdbs/7wse.A.pdb",119.33200073242188,110.25,129.656005859375
0,"0.8",0,109,"7wse",0,"B","TYR",505,"","",True,1,1,1,"322","124","A","B","pdbfiles/pdb7wse.ent","pdbs/7wse.A.pdb",110.56700134277344,112.2239990234375,130.66400146484375
0,"0.8",0,110,"7wsh",0,"A","GLU",38,"","",False,1,1,1,"328","125","A","B","pdbfiles/pdb7wsh.ent","pdbs/7wsh.A.pdb",112.06500244140625,129.44400024414062,142.5500030517578
0,"0.8",0,111,"7wsh",0,"B","TYR",449,"","",True,1,1,1,"328","125","A","B","pdbfiles/pdb7wsh.ent","pdbs/7wsh.A.pdb",109.90799713134766,129.2760009765625,145.63800048828125
0,"0.8",0,112,"7xo9",0,"A","TYR",489,"","",False,1,1,1,"345","126","A","D","pdbfiles/pdb7xo9.ent","pdbs/7xo9.A.pdb",215.29800415039062,178.88699340820312,265.0480041503906
0,"0.8",0,113,"7xo9",0,"A","TYR",501,"","",False,1,1,1,"350","127","A","D","pdbfiles/pdb7xo9.ent","pdbs/7xo9.A.pdb",197.5279998779297,168.61500549316406,258.4830017089844
0,"0.8",0,114,"7xo9",0,"D","LYS",31,"","",True,1,1,1,"345","126","A","D","pdbfiles/pdb7xo9.ent","pdbs/7xo9.A.pdb",212.06199645996094,177.20399475097656,265.1029968261719
0,"0.8",0,115,"7xo9",0,"D","LYS",353,"","",True,1,1,1,"350","127","A","D","pdbfiles/pdb7xo9.ent","pdbs/7xo9.A.pdb",197.5260009765625,171.53199768066406,260.8599853515625
0,"0.8",0,116,"8dlq",0,"E","TYR",83,"","",True,1,1,1,"366","130","B","E","pdbfiles/pdb8dlq.ent","pdbs/8dlq.B.pdb",224.86500549316406,189.77699279785156,265.1759948730469
0,"0.8",0,117,"8dm6",0,"A","PHE",456,"","",False,1,1,1,"372","131","A","D","pdbfiles/pdb8dm6.ent","pdbs/8dm6.A.pdb",225.67300415039062,181.5850067138672,260.5769958496094
0,"0.8",0,118,"8dm6",0,"A","TYR",489,"","",False,1,1,1,"375","132","A","D","pdbfiles/pdb8dm6.ent","pdbs/8dm6.A.pdb",229.48899841308594,182.6219940185547,264.427001953125
0,"0.8",0,119,"8dm8",0,"A","PHE",456,"","",False,1,1,1,"382","133","A","D","pdbfiles/pdb8dm8.ent","pdbs/8dm8.A.pdb",225.76100158691406,181.74200439453125,260.52899169921875
0,"0.8",0,120,"8dm8",0,"D","ASN",31,"","",True,1,1,1,"382","133","A","D","pdbfiles/pdb8dm8.ent","pdbs/8dm8.A.pdb",226.66900634765625,179.6580047607422,263.5639953613281
0,"0.9",0,1,"7ekc",0,"B","PHE",456,"","",True,3,3,3,"87;88;89","150;151;152","A","B","pdbfiles/pdb7ekc.ent","pdbs/7ekc.A.pdb",-34.25199890136719,37.155999501546226,4.065999984741211
0,"0.9",0,2,"8dlq",0,"B","PHE",486,"","",False,3,3,3,"364;365;366","195;196;197","B","E","pdbfiles/pdb8dlq.ent","pdbs/8dlq.B.pdb",228.94299825032553,190.3143310546875,266.52833048502606
0,"0.9",0,3,"7ekc",0,"A","LYS",31,"","",False,2,2,2,"88;89","151;152","A","B","pdbfiles/pdb7ekc.ent","pdbs/7ekc.A.pdb",-36.65449905395508,35.440500259399414,1.2094999998807907
0,"0.9",0,4,"7pki",0,"A","LYS",353,"","",False,2,2,2,"177;178","162;163","A","E","pdbfiles/pdb7pki.ent","pdbs/7pki.A.pdb",76.03799819946289,111.63050079345703,6.54200005531311
0,"0.9",0,5,"7pki",0,"E","TYR",501,"","",True,2,2,2,"177;178","162;163","A","E","pdbfiles/pdb7pki.ent","pdbs/7pki.A.pdb",74.86899948120117,114.08049774169922,3.944000005722046
0,"0.9",0,6,"7t9l",0,"D","LYS",31,"","",True,2,2,2,"219;222","168;170","A","D","pdbfiles/pdb7t9l.ent","pdbs/7t9l.A.pdb",229.7740020751953,179.89099884033203,260.85450744628906
0,"0.9",0,7,"7w6u",0,"A","LYS",353,"","",False,2,2,2,"241;242","171;172","A","B","pdbfiles/pdb7w6u.ent","pdbs/7w6u.A.pdb",-10.680500030517578,58.028499603271484,-8.758500099182129
0,"0.9",0,8,"7w6u",0,"B","TYR",505,"","",True,2,2,2,"241;242","171;172","A","B","pdbfiles/pdb7w6u.ent","pdbs/7w6u.A.pdb",-13.253000259399414,57.81449890136719,-6.0970001220703125
0,"0.9",0,9,"7wpa",0,"A","PHE",453,"","",False,2,2,2,"287;288","184;185","A","D","pdbfiles/pdb7wpa.ent","pdbs/7wpa.A.pdb",210.92549896240234,182.2594985961914,260.6374969482422
0,"0.9",0,10,"7wse",0,"A","LYS",31,"","",False,2,2,2,"310;311","187;188","A","B","pdbfiles/pdb7wse.ent","pdbs/7wse.A.pdb",106.17300033569336,97.6870002746582,136.47699737548828
0,"0.9",0,11,"8dlq",0,"E","MET",82,"","",True,2,2,2,"364;365","195;196","B","E","pdbfiles/pdb8dlq.ent","pdbs/8dlq.B.pdb",228.8740005493164,189.5225067138672,269.9929962158203
0,"0.9",0,12,"8dm6",0,"D","LYS",31,"","",True,2,2,2,"372;375","198;199","A","D","pdbfiles/pdb8dm6.ent","pdbs/8dm6.A.pdb",227.62899780273438,179.11349487304688,264.10699462890625
0,"0.9",0,13,"6lzg",0,"A","TYR",83,"","",False,1,1,1,"9","134","A","B","pdbfiles/pdb6lzg.ent","pdbs/6lzg.A.pdb",-35.263999938964844,44.606998443603516,-4.860000133514404
0,"0.9",0,14,"6lzg",0,"A","LYS",353,"","",False,1,1,1,"12","135","A","B","pdbfiles/pdb6lzg.ent","pdbs/6lzg.A.pdb",-34.27799987792969,20.398000717163086,1.0399999618530273
0,"0.9",0,15,"6lzg",0,"B","PHE",486,"","",True,1,1,1,"9","134","A","B","pdbfiles/pdb6lzg.ent","pdbs/6lzg.A.pdb",-38.7130012512207,46.06700134277344,-5.440999984741211
0,"0.9",0,16,"6lzg",0,"B","TYR",505,"","",True,1,1,1,"12","135","A","B","pdbfiles/pdb6lzg.ent","pdbs/6lzg.A.pdb",-31.843000411987305,21.30299949645996,3.747999906539917
0,"0.9",0,17,"6m0j",0,"A","LEU",79,"","",False,1,1,1,"20","136","A","E","pdbfiles/pdb6m0j.ent","pdbs/6m0j.A.pdb",-41.887001037597656,41.37099838256836,-6.2870001792907715
0,"0.9",0,18,"6m0j",0,"E","PHE",486,"","",True,1,1,1,"20","136","A","E","pdbfiles/pdb6m0j.ent","pdbs/6m0j.A.pdb",-40.483001708984375,44.72200012207031,-5.265999794006348
0,"0.9",0,19,"7bh9",0,"A","LYS",353,"","",False,1,1,1,"31","137","A","E","pdbfiles/pdb7bh9.ent","pdbs/7bh9.A.pdb",186.41200256347656,183.26199340820312,201.52200317382812
0,"0.9",0,20,"7bh9",0,"E","TYR",501,"","",True,1,1,1,"31","137","A","E","pdbfiles/pdb7bh9.ent","pdbs/7bh9.A.pdb",189.4759979248047,185.09300231933594,201.65499877929688
0,"0.9",0,21,"7dhx",0,"A","ASN",82,"","",False,1,1,1,"37","138","A","B","pdbfiles/pdb7dhx.ent","pdbs/7dhx.A.pdb",12.987000465393066,35.01499938964844,59.86899948120117
0,"0.9",0,22,"7dhx",0,"B","PHE",486,"","",True,1,1,1,"37","138","A","B","pdbfiles/pdb7dhx.ent","pdbs/7dhx.A.pdb",15.196999549865723,34.13100051879883,62.577999114990234
0,"0.9",0,23,"7e3j",0,"A","LYS",31,"","",False,1,1,1,"45","139","A","B","pdbfiles/pdb7e3j.ent","pdbs/7e3j.A.pdb",-98.31600189208984,42.1510009765625,-24.243999481201172
0,"0.9",0,24,"7e3j",0,"A","TYR",34,"","",False,1,1,1,"47","140","A","B","pdbfiles/pdb7e3j.ent","pdbs/7e3j.A.pdb",-98.4800033569336,34.224998474121094,-20.024999618530273
0,"0.9",0,25,"7e3j",0,"B","LEU",455,"","",True,1,1,1,"47","140","A","B","pdbfiles/pdb7e3j.ent","pdbs/7e3j.A.pdb",-101.52799987792969,36.38399887084961,-19.781999588012695
0,"0.9",0,26,"7e3j",0,"B","TYR",489,"","",True,1,1,1,"45","139","A","B","pdbfiles/pdb7e3j.ent","pdbs/7e3j.A.pdb",-100.23100280761719,45.1349983215332,-23.9689998626709
0,"0.9",0,27,"7efp",0,"A","TRP",19,"","",False,1,1,1,"55","141","A","B","pdbfiles/pdb7efp.ent","pdbs/7efp.A.pdb",-24.648000717163086,-35.94599914550781,-13.45199966430664
0,"0.9",0,28,"7efp",0,"A","THR",27,"","",False,1,1,1,"56","142","A","B","pdbfiles/pdb7efp.ent","pdbs/7efp.A.pdb",-28.172000885009766,-33.571998596191406,-15.623000144958496
0,"0.9",0,29,"7efp",0,"A","TYR",41,"","",False,1,1,1,"61","143","A","B","pdbfiles/pdb7efp.ent","pdbs/7efp.A.pdb",-44.32400131225586,-27.572999954223633,-33.946998596191406
0,"0.9",0,30,"7efp",0,"A","LEU",79,"","",False,1,1,1,"63","144","A","B","pdbfiles/pdb7efp.ent","pdbs/7efp.A.pdb",-33.518001556396484,-24.802000045776367,-10.13700008392334
0,"0.9",0,31,"7efp",0,"A","TYR",330,"","",False,1,1,1,"66","145","A","B","pdbfiles/pdb7efp.ent","pdbs/7efp.A.pdb",-47.68000030517578,-28.054000854492188,-42.944000244140625
0,"0.9",0,32,"7efp",0,"B","ALA",475,"","",True,1,1,1,"55","141","A","B","pdbfiles/pdb7efp.ent","pdbs/7efp.A.pdb",-27.509000778198242,-34.29499816894531,-11.585000038146973
0,"0.9",0,33,"7efp",0,"B","PHE",486,"","",True,1,1,1,"63","144","A","B","pdbfiles/pdb7efp.ent","pdbs/7efp.A.pdb",-30.43899917602539,-26.402000427246094,-8.630999565124512
0,"0.9",0,34,"7efp",0,"B","TYR",489,"","",True,1,1,1,"56","142","A","B","pdbfiles/pdb7efp.ent","pdbs/7efp.A.pdb",-30.524999618530273,-32.61800003051758,-13.076000213623047
0,"0.9",0,35,"7efp",0,"B","GLN",498,"","",True,1,1,1,"61","143","A","B","pdbfiles/pdb7efp.ent","pdbs/7efp.A.pdb",-46.433998107910156,-30.70800018310547,-33.683998107910156
0,"0.9",0,36,"7efp",0,"B","THR",500,"","",True,1,1,1,"66","145","A","B","pdbfiles/pdb7efp.ent","pdbs/7efp.A.pdb",-47.25600051879883,-28.091999053955078,-39.32699966430664
0,"0.9",0,37,"7efr",0,"A","TRP",27,"","",False,1,1,1,"70","146","A","B","pdbfiles/pdb7efr.ent","pdbs/7efr.A.pdb",34.685001373291016,25.04199981689453,13.593000411987305
0,"0.9",0,38,"7efr",0,"A","LYS",31,"","",False,1,1,1,"72","147","A","B","pdbfiles/pdb7efr.ent","pdbs/7efr.A.pdb",31.708999633789062,34.064998626708984,16.996999740600586
0,"0.9",0,39,"7efr",0,"A","TYR",83,"","",False,1,1,1,"80","148","A","B","pdbfiles/pdb7efr.ent","pdbs/7efr.A.pdb",26.690000534057617,25.972000122070312,11.4350004196167
0,"0.9",0,40,"7efr",0,"A","TYR",330,"","",False,1,1,1,"82","149","A","B","pdbfiles/pdb7efr.ent","pdbs/7efr.A.pdb",28.14699935913086,47.54399871826172,42.915000915527344
0,"0.9",0,41,"7efr",0,"B","ALA",475,"","",True,1,1,1,"70","146","A","B","pdbfiles/pdb7efr.ent","pdbs/7efr.A.pdb",34.05699920654297,27.964000701904297,11.605999946594238
0,"0.9",0,42,"7efr",0,"B","PHE",486,"","",True,1,1,1,"80","148","A","B","pdbfiles/pdb7efr.ent","pdbs/7efr.A.pdb",25.856000900268555,27.89699935913086,8.62600040435791
0,"0.9",0,43,"7efr",0,"B","TYR",489,"","",True,1,1,1,"72","147","A","B","pdbfiles/pdb7efr.ent","pdbs/7efr.A.pdb",31.926000595092773,33.39400100708008,13.520999908447266
0,"0.9",0,44,"7efr",0,"B","THR",500,"","",True,1,1,1,"82","149","A","B","pdbfiles/pdb7efr.ent","pdbs/7efr.A.pdb",27.966999053955078,47.180999755859375,39.150001525878906
0,"0.9",0,45,"7ekc",0,"A","THR",27,"","",False,1,1,1,"87","150","A","B","pdbfiles/pdb7ekc.ent","pdbs/7ekc.A.pdb",-32.819000244140625,40.667999267578125,2.3540000915527344
0,"0.9",0,46,"7ekc",0,"A","LEU",79,"","",False,1,1,1,"93","153","A","B","pdbfiles/pdb7ekc.ent","pdbs/7ekc.A.pdb",-40.84700012207031,41.07600021362305,-6.7129998207092285
0,"0.9",0,47,"7ekc",0,"B","PHE",486,"","",True,1,1,1,"93","153","A","B","pdbfiles/pdb7ekc.ent","pdbs/7ekc.A.pdb",-39.25,44.24800109863281,-5.752999782562256
0,"0.9",0,48,"7eke",0,"A","TYR",41,"","",False,1,1,1,"104","154","A","B","pdbfiles/pdb7eke.ent","pdbs/7eke.A.pdb",-37.590999603271484,16.341999053955078,-0.2840000092983246
0,"0.9",0,49,"7eke",0,"A","LYS",353,"","",False,1,1,1,"108","155","A","B","pdbfiles/pdb7eke.ent","pdbs/7eke.A.pdb",-34.12200164794922,20.451000213623047,1.0859999656677246
0,"0.9",0,50,"7eke",0,"B","GLN",498,"","",True,1,1,1,"104","154","A","B","pdbfiles/pdb7eke.ent","pdbs/7eke.A.pdb",-39.361000061035156,16.8799991607666,2.9489998817443848
0,"0.9",0,51,"7eke",0,"B","TYR",505,"","",True,1,1,1,"108","155","A","B","pdbfiles/pdb7eke.ent","pdbs/7eke.A.pdb",-31.759000778198242,21.368000030517578,3.7139999866485596
0,"0.9",0,52,"7ekf",0,"A","THR",27,"","",False,1,1,1,"111","156","A","B","pdbfiles/pdb7ekf.ent","pdbs/7ekf.A.pdb",-34.51499938964844,40.527000427246094,2.3259999752044678
0,"0.9",0,53,"7ekf",0,"A","MET",82,"","",False,1,1,1,"118","157","A","B","pdbfiles/pdb7ekf.ent","pdbs/7ekf.A.pdb",-39.007999420166016,45.32400131225586,-9.5600004196167
0,"0.9",0,54,"7ekf",0,"B","PHE",456,"","",True,1,1,1,"111","156","A","B","pdbfiles/pdb7ekf.ent","pdbs/7ekf.A.pdb",-34.5629997253418,37.46200180053711,4.117000102996826
0,"0.9",0,55,"7ekf",0,"B","PHE",486,"","",True,1,1,1,"118","157","A","B","pdbfiles/pdb7ekf.ent","pdbs/7ekf.A.pdb",-39.762001037597656,44.91999816894531,-6.2870001792907715
0,"0.9",0,56,"7ekh",0,"A","LYS",31,"","",False,1,1,1,"135","158","A","B","pdbfiles/pdb7ekh.ent","pdbs/7ekh.A.pdb",-38.097999572753906,34.8489990234375,2.486999988555908
0,"0.9",0,57,"7ekh",0,"B","LEU",455,"","",True,1,1,1,"135","158","A","B","pdbfiles/pdb7ekh.ent","pdbs/7ekh.A.pdb",-35.55799865722656,34.369998931884766,5.196000099182129
0,"0.9",0,58,"7fc5",0,"A","LYS",31,"","",True,1,1,1,"148","159","E","A","pdbfiles/pdb7fc5.ent","pdbs/7fc5.E.pdb",2.1470000743865967,-29.549999237060547,-35.80099868774414
0,"0.9",0,59,"7fc5",0,"E","PHE",456,"","",False,1,1,1,"148","159","E","A","pdbfiles/pdb7fc5.ent","pdbs/7fc5.E.pdb",4.603000164031982,-28.572999954223633,-38.43600082397461
0,"0.9",0,60,"7lo4",0,"A","LYS",353,"","",False,1,1,1,"165","160","A","B","pdbfiles/pdb7lo4.ent","pdbs/7lo4.A.pdb",-6.372000217437744,10.319000244140625,-53.23500061035156
0,"0.9",0,61,"7lo4",0,"B","TYR",505,"","",True,1,1,1,"165","160","A","B","pdbfiles/pdb7lo4.ent","pdbs/7lo4.A.pdb",-5.619999885559082,10.979000091552734,-56.845001220703125
0,"0.9",0,62,"7pki",0,"A","LYS",31,"","",False,1,1,1,"170","161","A","E","pdbfiles/pdb7pki.ent","pdbs/7pki.A.pdb",59.029998779296875,110.65299987792969,11.246999740600586
0,"0.9",0,63,"7pki",0,"E","TYR",485,"","",True,1,1,1,"170","161","A","E","pdbfiles/pdb7pki.ent","pdbs/7pki.A.pdb",55.57400131225586,110.73699951171875,10.984000205993652
0,"0.9",0,64,"7spp",0,"A","ARG",346,"","",False,1,1,1,"179","164","A","C","pdbfiles/pdb7spp.ent","pdbs/7spp.A.pdb",8.258000373840332,3.0290000438690186,14.765999794006348
0,"0.9",0,65,"7spp",0,"A","ASN",354,"","",False,1,1,1,"182","165","A","C","pdbfiles/pdb7spp.ent","pdbs/7spp.A.pdb",14.093000411987305,6.684000015258789,8.652999877929688
0,"0.9",0,66,"7spp",0,"C","MET",114,"","",True,1,1,1,"182","165","A","C","pdbfiles/pdb7spp.ent","pdbs/7spp.A.pdb",10.449999809265137,7.4679999351501465,8.470000267028809
0,"0.9",0,67,"7spp",0,"C","PHE",116,"","",True,1,1,1,"179","164","A","C","pdbfiles/pdb7spp.ent","pdbs/7spp.A.pdb",10.406999588012695,3.256999969482422,11.95300006866455
0,"0.9",0,68,"7sxy",0,"B","GLN",498,"","",False,1,1,1,"195","166","B","E","pdbfiles/pdb7sxy.ent","pdbs/7sxy.B.pdb",228.14100646972656,163.53399658203125,251.91000366210938
0,"0.9",0,69,"7sxy",0,"E","TYR",41,"","",True,1,1,1,"195","166","B","E","pdbfiles/pdb7sxy.ent","pdbs/7sxy.B.pdb",225.5279998779297,163.4530029296875,254.53599548339844
0,"0.9",0,70,"7sy0",0,"B","GLN",498,"","",False,1,1,1,"206","167","B","E","pdbfiles/pdb7sy0.ent","pdbs/7sy0.B.pdb",228.66000366210938,163.3820037841797,252.052001953125
0,"0.9",0,71,"7sy0",0,"E","TYR",41,"","",True,1,1,1,"206","167","B","E","pdbfiles/pdb7sy0.ent","pdbs/7sy0.B.pdb",226.03599548339844,163.23800659179688,254.6060028076172
0,"0.9",0,72,"7t9l",0,"A","PHE",456,"","",False,1,1,1,"219","168","A","D","pdbfiles/pdb7t9l.ent","pdbs/7t9l.A.pdb",227.70399475097656,182.27999877929688,257.4729919433594
0,"0.9",0,73,"7t9l",0,"A","PHE",486,"","",False,1,1,1,"220","169","A","D","pdbfiles/pdb7t9l.ent","pdbs/7t9l.A.pdb",229.6439971923828,187.33799743652344,269.1090087890625
0,"0.9",0,74,"7t9l",0,"A","TYR",489,"","",False,1,1,1,"222","170","A","D","pdbfiles/pdb7t9l.ent","pdbs/7t9l.A.pdb",231.52999877929688,183.56500244140625,261.1960144042969
0,"0.9",0,75,"7t9l",0,"D","MET",82,"","",True,1,1,1,"220","169","A","D","pdbfiles/pdb7t9l.ent","pdbs/7t9l.A.pdb",228.96299743652344,186.20599365234375,272.50299072265625
0,"0.9",0,76,"7w8s",0,"A","THR",27,"","",False,1,1,1,"243","173","A","B","pdbfiles/pdb7w8s.ent","pdbs/7w8s.A.pdb",130.41900634765625,122.802001953125,168.95399475097656
0,"0.9",0,77,"7w8s",0,"A","TYR",34,"","",False,1,1,1,"246","174","A","B","pdbfiles/pdb7w8s.ent","pdbs/7w8s.A.pdb",136.39199829101562,131.73899841308594,167.6219940185547
0,"0.9",0,78,"7w8s",0,"B","LEU",455,"","",True,1,1,1,"246","174","A","B","pdbfiles/pdb7w8s.ent","pdbs/7w8s.A.pdb",135.33399963378906,129.69500732421875,170.46800231933594
0,"0.9",0,79,"7w8s",0,"B","PHE",456,"","",True,1,1,1,"243","173","A","B","pdbfiles/pdb7w8s.ent","pdbs/7w8s.A.pdb",132.86599731445312,125.3949966430664,169.83399963378906
0,"0.9",0,80,"7wa1",0,"A","LEU",24,"","",False,1,1,1,"259","175","A","B","pdbfiles/pdb7wa1.ent","pdbs/7wa1.A.pdb",132.5679931640625,102.96399688720703,89.28399658203125
0,"0.9",0,81,"7wa1",0,"A","LYS",31,"","",False,1,1,1,"263","176","A","B","pdbfiles/pdb7wa1.ent","pdbs/7wa1.A.pdb",121.46600341796875,107.9010009765625,91.41500091552734
0,"0.9",0,82,"7wa1",0,"A","TYR",34,"","",False,1,1,1,"264","177","A","B","pdbfiles/pdb7wa1.ent","pdbs/7wa1.A.pdb",117.26399993896484,116.83999633789062,90.5270004272461
0,"0.9",0,83,"7wa1",0,"A","TYR",41,"","",False,1,1,1,"267","178","A","B","pdbfiles/pdb7wa1.ent","pdbs/7wa1.A.pdb",109.7239990234375,121.33300018310547,97.68099975585938
0,"0.9",0,84,"7wa1",0,"B","TYR",453,"","",True,1,1,1,"264","177","A","B","pdbfiles/pdb7wa1.ent","pdbs/7wa1.A.pdb",118.55899810791016,116.89700317382812,87.24400329589844
0,"0.9",0,85,"7wa1",0,"B","ALA",475,"","",True,1,1,1,"259","175","A","B","pdbfiles/pdb7wa1.ent","pdbs/7wa1.A.pdb",129.26699829101562,103.82599639892578,87.66200256347656
0,"0.9",0,86,"7wa1",0,"B","TYR",489,"","",True,1,1,1,"263","176","A","B","pdbfiles/pdb7wa1.ent","pdbs/7wa1.A.pdb",123.06500244140625,105.15299987792969,89.61199951171875
0,"0.9",0,87,"7wa1",0,"B","GLN",498,"","",True,1,1,1,"267","178","A","B","pdbfiles/pdb7wa1.ent","pdbs/7wa1.A.pdb",108.00199890136719,121.50900268554688,94.44100189208984
0,"0.9",0,88,"7wnm",0,"A","PHE",456,"","",True,1,1,1,"275","179","B","A","pdbfiles/pdb7wnm.ent","pdbs/7wnm.B.pdb",-49.50199890136719,42.194000244140625,23.219999313354492
0,"0.9",0,89,"7wnm",0,"A","PHE",486,"","",True,1,1,1,"281","181","B","A","pdbfiles/pdb7wnm.ent","pdbs/7wnm.B.pdb",-54.882999420166016,48.84400177001953,13.552000045776367
0,"0.9",0,90,"7wnm",0,"A","TYR",489,"","",True,1,1,1,"276","180","B","A","pdbfiles/pdb7wnm.ent","pdbs/7wnm.B.pdb",-54.89699935913086,42.13800048828125,19.740999221801758
0,"0.9",0,91,"7wnm",0,"A","TYR",505,"","",True,1,1,1,"284","182","B","A","pdbfiles/pdb7wnm.ent","pdbs/7wnm.B.pdb",-41.4630012512207,27.46500015258789,21.701000213623047
0,"0.9",0,92,"7wnm",0,"B","PHE",27,"","",False,1,1,1,"275","179","B","A","pdbfiles/pdb7wnm.ent","pdbs/7wnm.B.pdb",-47.88100051879883,45.542999267578125,22.851999282836914
0,"0.9",0,93,"7wnm",0,"B","LYS",31,"","",False,1,1,1,"276","180","B","A","pdbfiles/pdb7wnm.ent","pdbs/7wnm.B.pdb",-53.755001068115234,38.792999267578125,18.486000061035156
0,"0.9",0,94,"7wnm",0,"B","TYR",83,"","",False,1,1,1,"281","181","B","A","pdbfiles/pdb7wnm.ent","pdbs/7wnm.B.pdb",-51.33700180053711,48.53900146484375,14.458000183105469
0,"0.9",0,95,"7wnm",0,"B","LYS",353,"","",False,1,1,1,"284","182","B","A","pdbfiles/pdb7wnm.ent","pdbs/7wnm.B.pdb",-44.02199935913086,26.4689998626709,19.42300033569336
0,"0.9",0,96,"7wpa",0,"A","LEU",452,"","",False,1,1,1,"286","183","A","D","pdbfiles/pdb7wpa.ent","pdbs/7wpa.A.pdb",207.2220001220703,178.41000366210938,258.50201416015625
0,"0.9",0,97,"7wpa",0,"A","TYR",486,"","",False,1,1,1,"290","186","A","D","pdbfiles/pdb7wpa.ent","pdbs/7wpa.A.pdb",215.4669952392578,180.10400390625,266.37701416015625
0,"0.9",0,98,"7wpa",0,"D","PHE",28,"","",True,1,1,1,"290","186","A","D","pdbfiles/pdb7wpa.ent","pdbs/7wpa.A.pdb",212.79400634765625,181.4530029296875,268.5679931640625
0,"0.9",0,99,"7wpa",0,"D","ASP",30,"","",True,1,1,1,"288","185","A","D","pdbfiles/pdb7wpa.ent","pdbs/7wpa.A.pdb",207.04100036621094,183.61399841308594,261.0690002441406
0,"0.9",0,100,"7wpa",0,"D","LYS",31,"","",True,1,1,1,"287","184","A","D","pdbfiles/pdb7wpa.ent","pdbs/7wpa.A.pdb",209.86399841308594,179.7969970703125,263.4339904785156
0,"0.9",0,101,"7wpa",0,"D","HIS",34,"","",True,1,1,1,"286","183","A","D","pdbfiles/pdb7wpa.ent","pdbs/7wpa.A.pdb",205.12100219726562,177.7449951171875,261.53399658203125
0,"0.9",0,102,"7wse",0,"A","TYR",41,"","",False,1,1,1,"317","189","A","B","pdbfiles/pdb7wse.ent","pdbs/7wse.A.pdb",117.74500274658203,110.11599731445312,126.55000305175781
0,"0.9",0,103,"7wse",0,"A","ILE",79,"","",False,1,1,1,"319","190","A","B","pdbfiles/pdb7wse.ent","pdbs/7wse.A.pdb",104.07099914550781,89.95999908447266,133.20399475097656
0,"0.9",0,104,"7wse",0,"A","LYS",352,"","",False,1,1,1,"322","191","A","B","pdbfiles/pdb7wse.ent","pdbs/7wse.A.pdb",112.99600219726562,109.68399810791016,129.43099975585938
0,"0.9",0,105,"7wse",0,"B","PHE",456,"","",True,1,1,1,"310","187","A","B","pdbfiles/pdb7wse.ent","pdbs/7wse.A.pdb",104.2979965209961,100.0009994506836,139.10800170898438
0,"0.9",0,106,"7wse",0,"B","PHE",486,"","",True,1,1,1,"319","190","A","B","pdbfiles/pdb7wse.ent","pdbs/7wse.A.pdb",101.3759994506836,88.4260025024414,135.36000061035156
0,"0.9",0,107,"7wse",0,"B","TYR",489,"","",True,1,1,1,"311","188","A","B","pdbfiles/pdb7wse.ent","pdbs/7wse.A.pdb",105.91100311279297,94.56900024414062,138.7790069580078
0,"0.9",0,108,"7wse",0,"B","GLN",498,"","",True,1,1,1,"317","189","A","B","pdbfiles/pdb7wse.ent","pdbs/7wse.A.pdb",119.33200073242188,110.25,129.656005859375
0,"0.9",0,109,"7wse",0,"B","TYR",505,"","",True,1,1,1,"322","191","A","B","pdbfiles/pdb7wse.ent","pdbs/7wse.A.pdb",110.56700134277344,112.2239990234375,130.66400146484375
0,"0.9",0,110,"7wsh",0,"A","GLU",38,"","",False,1,1,1,"328","192","A","B","pdbfiles/pdb7wsh.ent","pdbs/7wsh.A.pdb",112.06500244140625,129.44400024414062,142.5500030517578
0,"0.9",0,111,"7wsh",0,"B","TYR",449,"","",True,1,1,1,"328","192","A","B","pdbfiles/pdb7wsh.ent","pdbs/7wsh.A.pdb",109.90799713134766,129.2760009765625,145.63800048828125
0,"0.9",0,112,"7xo9",0,"A","TYR",489,"","",False,1,1,1,"345","193","A","D","pdbfiles/pdb7xo9.ent","pdbs/7xo9.A.pdb",215.29800415039062,178.88699340820312,265.0480041503906
0,"0.9",0,113,"7xo9",0,"A","TYR",501,"","",False,1,1,1,"350","194","A","D","pdbfiles/pdb7xo9.ent","pdbs/7xo9.A.pdb",197.5279998779297,168.61500549316406,258.4830017089844
0,"0.9",0,114,"7xo9",0,"D","LYS",31,"","",True,1,1,1,"345","193","A","D","pdbfiles/pdb7xo9.ent","pdbs/7xo9.A.pdb",212.06199645996094,177.20399475097656,265.1029968261719
0,"0.9",0,115,"7xo9",0,"D","LYS",353,"","",True,1,1,1,"350","194","A","D","pdbfiles/pdb7xo9.ent","pdbs/7xo9.A.pdb",197.5260009765625,171.53199768066406,260.8599853515625
0,"0.9",0,116,"8dlq",0,"E","TYR",83,"","",True,1,1,1,"366","197","B","E","pdbfiles/pdb8dlq.ent","pdbs/8dlq.B.pdb",224.86500549316406,189.77699279785156,265.1759948730469
0,"0.9",0,117,"8dm6",0,"A","PHE",456,"","",False,1,1,1,"372","198","A","D","pdbfiles/pdb8dm6.ent","pdbs/8dm6.A.pdb",225.67300415039062,181.5850067138672,260.5769958496094
0,"0.9",0,118,"8dm6",0,"A","TYR",489,"","",False,1,1,1,"375","199","A","D","pdbfiles/pdb8dm6.ent","pdbs/8dm6.A.pdb",229.48899841308594,182.6219940185547,264.427001953125
0,"0.9",0,119,"8dm8",0,"A","PHE",456,"","",False,1,1,1,"382","200","A","D","pdbfiles/pdb8dm8.ent","pdbs/8dm8.A.pdb",225.76100158691406,181.74200439453125,260.52899169921875
0,"0.9",0,120,"8dm8",0,"D","ASN",31,"","",True,1,1,1,"382","200","A","D","pdbfiles/pdb8dm8.ent","pdbs/8dm8.A.pdb",226.66900634765625,179.6580047607422,263.5639953613281
0,"1.0",0,1,"7ekc",0,"B","PHE",456,"","",True,3,3,3,"87;88;89","217;218;219","A","B","pdbfiles/pdb7ekc.ent","pdbs/7ekc.A.pdb",-34.25199890136719,37.155999501546226,4.065999984741211
0,"1.0",0,2,"8dlq",0,"B","PHE",486,"","",False,3,3,3,"364;365;366","262;263;264","B","E","pdbfiles/pdb8dlq.ent","pdbs/8dlq.B.pdb",228.94299825032553,190.3143310546875,266.52833048502606
0,"1.0",0,3,"7ekc",0,"A","LYS",31,"","",False,2,2,2,"88;89","218;219","A","B","pdbfiles/pdb7ekc.ent","pdbs/7ekc.A.pdb",-36.65449905395508,35.440500259399414,1.2094999998807907
0,"1.0",0,4,"7pki",0,"A","LYS",353,"","",False,2,2,2,"177;178","229;230","A","E","pdbfiles/pdb7pki.ent","pdbs/7pki.A.pdb",76.03799819946289,111.63050079345703,6.54200005531311
0,"1.0",0,5,"7pki",0,"E","TYR",501,"","",True,2,2,2,"177;178","229;230","A","E","pdbfiles/pdb7pki.ent","pdbs/7pki.A.pdb",74.86899948120117,114.08049774169922,3.944000005722046
0,"1.0",0,6,"7t9l",0,"D","LYS",31,"","",True,2,2,2,"219;222","235;237","A","D","pdbfiles/pdb7t9l.ent","pdbs/7t9l.A.pdb",229.7740020751953,179.89099884033203,260.85450744628906
0,"1.0",0,7,"7w6u",0,"A","LYS",353,"","",False,2,2,2,"241;242","238;239","A","B","pdbfiles/pdb7w6u.ent","pdbs/7w6u.A.pdb",-10.680500030517578,58.028499603271484,-8.758500099182129
0,"1.0",0,8,"7w6u",0,"B","TYR",505,"","",True,2,2,2,"241;242","238;239","A","B","pdbfiles/pdb7w6u.ent","pdbs/7w6u.A.pdb",-13.253000259399414,57.81449890136719,-6.0970001220703125
0,"1.0",0,9,"7wpa",0,"A","PHE",453,"","",False,2,2,2,"287;288","251;252","A","D","pdbfiles/pdb7wpa.ent","pdbs/7wpa.A.pdb",210.92549896240234,182.2594985961914,260.6374969482422
0,"1.0",0,10,"7wse",0,"A","LYS",31,"","",False,2,2,2,"310;311","254;255","A","B","pdbfiles/pdb7wse.ent","pdbs/7wse.A.pdb",106.17300033569336,97.6870002746582,136.47699737548828
0,"1.0",0,11,"8dlq",0,"E","MET",82,"","",True,2,2,2,"364;365","262;263","B","E","pdbfiles/pdb8dlq.ent","pdbs/8dlq.B.pdb",228.8740005493164,189.5225067138672,269.9929962158203
0,"1.0",0,12,"8dm6",0,"D","LYS",31,"","",True,2,2,2,"372;375","265;266","A","D","pdbfiles/pdb8dm6.ent","pdbs/8dm6.A.pdb",227.62899780273438,179.11349487304688,264.10699462890625
0,"1.0",0,13,"6lzg",0,"A","TYR",83,"","",False,1,1,1,"9","201","A","B","pdbfiles/pdb6lzg.ent","pdbs/6lzg.A.pdb",-35.263999938964844,44.606998443603516,-4.860000133514404
0,"1.0",0,14,"6lzg",0,"A","LYS",353,"","",False,1,1,1,"12","202","A","B","pdbfiles/pdb6lzg.ent","pdbs/6lzg.A.pdb",-34.27799987792969,20.398000717163086,1.0399999618530273
0,"1.0",0,15,"6lzg",0,"B","PHE",486,"","",True,1,1,1,"9","201","A","B","pdbfiles/pdb6lzg.ent","pdbs/6lzg.A.pdb",-38.7130012512207,46.06700134277344,-5.440999984741211
0,"1.0",0,16,"6lzg",0,"B","TYR",505,"","",True,1,1,1,"12","202","A","B","pdbfiles/pdb6lzg.ent","pdbs/6lzg.A.pdb",-31.843000411987305,21.30299949645996,3.747999906539917
0,"1.0",0,17,"6m0j",0,"A","LEU",79,"","",False,1,1,1,"20","203","A","E","pdbfiles/pdb6m0j.ent","pdbs/6m0j.A.pdb",-41.887001037597656,41.37099838256836,-6.2870001792907715
0,"1.0",0,18,"6m0j",0,"E","PHE",486,"","",True,1,1,1,"20","203","A","E","pdbfiles/pdb6m0j.ent","pdbs/6m0j.A.pdb",-40.483001708984375,44.72200012207031,-5.265999794006348
0,"1.0",0,19,"7bh9",0,"A","LYS",353,"","",False,1,1,1,"31","204","A","E","pdbfiles/pdb7bh9.ent","pdbs/7bh9.A.pdb",186.41200256347656,183.26199340820312,201.52200317382812
0,"1.0",0,20,"7bh9",0,"E","TYR",501,"","",True,1,1,1,"31","204","A","E","pdbfiles/pdb7bh9.ent","pdbs/7bh9.A.pdb",189.4759979248047,185.09300231933594,201.65499877929688
0,"1.0",0,21,"7dhx",0,"A","ASN",82,"","",False,1,1,1,"37","205","A","B","pdbfiles/pdb7dhx.ent","pdbs/7dhx.A.pdb",12.987000465393066,35.01499938964844,59.86899948120117
0,"1.0",0,22,"7dhx",0,"B","PHE",486,"","",True,1,1,1,"37","205","A","B","pdbfiles/pdb7dhx.ent","pdbs/7dhx.A.pdb",15.196999549865723,34.13100051879883,62.577999114990234
0,"1.0",0,23,"7e3j",0,"A","LYS",31,"","",False,1,1,1,"45","206","A","B","pdbfiles/pdb7e3j.ent","pdbs/7e3j.A.pdb",-98.31600189208984,42.1510009765625,-24.243999481201172
0,"1.0",0,24,"7e3j",0,"A","TYR",34,"","",False,1,1,1,"47","207","A","B","pdbfiles/pdb7e3j.ent","pdbs/7e3j.A.pdb",-98.4800033569336,34.224998474121094,-20.024999618530273
0,"1.0",0,25,"7e3j",0,"B","LEU",455,"","",True,1,1,1,"47","207","A","B","pdbfiles/pdb7e3j.ent","pdbs/7e3j.A.pdb",-101.52799987792969,36.38399887084961,-19.781999588012695
0,"1.0",0,26,"7e3j",0,"B","TYR",489,"","",True,1,1,1,"45","206","A","B","pdbfiles/pdb7e3j.ent","pdbs/7e3j.A.pdb",-100.23100280761719,45.1349983215332,-23.9689998626709
0,"1.0",0,27,"7efp",0,"A","TRP",19,"","",False,1,1,1,"55","208","A","B","pdbfiles/pdb7efp.ent","pdbs/7efp.A.pdb",-24.648000717163086,-35.94599914550781,-13.45199966430664
0,"1.0",0,28,"7efp",0,"A","THR",27,"","",False,1,1,1,"56","209","A","B","pdbfiles/pdb7efp.ent","pdbs/7efp.A.pdb",-28.172000885009766,-33.571998596191406,-15.623000144958496
0,"1.0",0,29,"7efp",0,"A","TYR",41,"","",False,1,1,1,"61","210","A","B","pdbfiles/pdb7efp.ent","pdbs/7efp.A.pdb",-44.32400131225586,-27.572999954223633,-33.946998596191406
0,"1.0",0,30,"7efp",0,"A","LEU",79,"","",False,1,1,1,"63","211","A","B","pdbfiles/pdb7efp.ent","pdbs/7efp.A.pdb",-33.518001556396484,-24.802000045776367,-10.13700008392334
0,"1.0",0,31,"7efp",0,"A","TYR",330,"","",False,1,1,1,"66","212","A","B","pdbfiles/pdb7efp.ent","pdbs/7efp.A.pdb",-47.68000030517578,-28.054000854492188,-42.944000244140625
0,"1.0",0,32,"7efp",0,"B","ALA",475,"","",True,1,1,1,"55","208","A","B","pdbfiles/pdb7efp.ent","pdbs/7efp.A.pdb",-27.509000778198242,-34.29499816894531,-11.585000038146973
0,"1.0",0,33,"7efp",0,"B","PHE",486,"","",True,1,1,1,"63","211","A","B","pdbfiles/pdb7efp.ent","pdbs/7efp.A.pdb",-30.43899917602539,-26.402000427246094,-8.630999565124512
0,"1.0",0,34,"7efp",0,"B","TYR",489,"","",True,1,1,1,"56","209","A","B","pdbfiles/pdb7efp.ent","pdbs/7efp.A.pdb",-30.524999618530273,-32.61800003051758,-13.076000213623047
0,"1.0",0,35,"7efp",0,"B","GLN",498,"","",True,1,1,1,"61","210","A","B","pdbfiles/pdb7efp.ent","pdbs/7efp.A.pdb",-46.433998107910156,-30.70800018310547,-33.683998107910156
0,"1.0",0,36,"7efp",0,"B","THR",500,"","",True,1,1,1,"66","212","A","B","pdbfiles/pdb7efp.ent","pdbs/7efp.A.pdb",-47.25600051879883,-28.091999053955078,-39.32699966430664
0,"1.0",0,37,"7efr",0,"A","TRP",27,"","",False,1,1,1,"70","213","A","B","pdbfiles/pdb7efr.ent","pdbs/7efr.A.pdb",34.685001373291016,25.04199981689453,13.593000411987305
0,"1.0",0,38,"7efr",0,"A","LYS",31,"","",False,1,1,1,"72","214","A","B","pdbfiles/pdb7efr.ent","pdbs/7efr.A.pdb",31.708999633789062,34.064998626708984,16.996999740600586
0,"1.0",0,39,"7efr",0,"A","TYR",83,"","",False,1,1,1,"80","215","A","B","pdbfiles/pdb7efr.ent","pdbs/7efr.A.pdb",26.690000534057617,25.972000122070312,11.4350004196167
0,"1.0",0,40,"7efr",0,"A","TYR",330,"","",False,1,1,1,"82","216","A","B","pdbfiles/pdb7efr.ent","pdbs/7efr.A.pdb",28.14699935913086,47.54399871826172,42.915000915527344
0,"1.0",0,41,"7efr",0,"B","ALA",475,"","",True,1,1,1,"70","213","A","B","pdbfiles/pdb7efr.ent","pdbs/7efr.A.pdb",34.05699920654297,27.964000701904297,11.605999946594238
0,"1.0",0,42,"7efr",0,"B","PHE",486,"","",True,1,1,1,"80","215","A","B","pdbfiles/pdb7efr.ent","pdbs/7efr.A.pdb",25.856000900268555,27.89699935913086,8.62600040435791
0,"1.0",0,43,"7efr",0,"B","TYR",489,"","",True,1,1,1,"72","214","A","B","pdbfiles/pdb7efr.ent","pdbs/7efr.A.pdb",31.926000595092773,33.39400100708008,13.520999908447266
0,"1.0",0,44,"7efr",0,"B","THR",500,"","",True,1,1,1,"82","216","A","B","pdbfiles/pdb7efr.ent","pdbs/7efr.A.pdb",27.966999053955078,47.180999755859375,39.150001525878906
0,"1.0",0,45,"7ekc",0,"A","THR",27,"","",False,1,1,1,"87","217","A","B","pdbfiles/pdb7ekc.ent","pdbs/7ekc.A.pdb",-32.819000244140625,40.667999267578125,2.3540000915527344
0,"1.0",0,46,"7ekc",0,"A","LEU",79,"","",False,1,1,1,"93","220","A","B","pdbfiles/pdb7ekc.ent","pdbs/7ekc.A.pdb",-40.84700012207031,41.07600021362305,-6.7129998207092285
0,"1.0",0,47,"7ekc",0,"B","PHE",486,"","",True,1,1,1,"93","220","A","B","pdbfiles/pdb7ekc.ent","pdbs/7ekc.A.pdb",-39.25,44.24800109863281,-5.752999782562256
0,"1.0",0,48,"7eke",0,"A","TYR",41,"","",False,1,1,1,"104","221","A","B","pdbfiles/pdb7eke.ent","pdbs/7eke.A.pdb",-37.590999603271484,16.341999053955078,-0.2840000092983246
0,"1.0",0,49,"7eke",0,"A","LYS",353,"","",False,1,1,1,"108","222","A","B","pdbfiles/pdb7eke.ent","pdbs/7eke.A.pdb",-34.12200164794922,20.451000213623047,1.0859999656677246
0,"1.0",0,50,"7eke",0,"B","GLN",498,"","",True,1,1,1,"104","221","A","B","pdbfiles/pdb7eke.ent","pdbs/7eke.A.pdb",-39.361000061035156,16.8799991607666,2.9489998817443848
0,"1.0",0,51,"7eke",0,"B","TYR",505,"","",True,1,1,1,"108","222","A","B","pdbfiles/pdb7eke.ent","pdbs/7eke.A.pdb",-31.759000778198242,21.368000030517578,3.7139999866485596
0,"1.0",0,52,"7ekf",0,"A","THR",27,"","",False,1,1,1,"111","223","A","B","pdbfiles/pdb7ekf.ent","pdbs/7ekf.A.pdb",-34.51499938964844,40.527000427246094,2.3259999752044678
0,"1.0",0,53,"7ekf",0,"A","MET",82,"","",False,1,1,1,"118","224","A","B","pdbfiles/pdb7ekf.ent","pdbs/7ekf.A.pdb",-39.007999420166016,45.32400131225586,-9.5600004196167
0,"1.0",0,54,"7ekf",0,"B","PHE",456,"","",True,1,1,1,"111","223","A","B","pdbfiles/pdb7ekf.ent","pdbs/7ekf.A.pdb",-34.5629997253418,37.46200180053711,4.117000102996826
0,"1.0",0,55,"7ekf",0,"B","PHE",486,"","",True,1,1,1,"118","224","A","B","pdbfiles/pdb7ekf.ent","pdbs/7ekf.A.pdb",-39.762001037597656,44.91999816894531,-6.2870001792907715
0,"1.0",0,56,"7ekh",0,"A","LYS",31,"","",False,1,1,1,"135","225","A","B","pdbfiles/pdb7ekh.ent","pdbs/7ekh.A.pdb",-38.097999572753906,34.8489990234375,2.486999988555908
0,"1.0",0,57,"7ekh",0,"B","LEU",455,"","",True,1,1,1,"135","225","A","B","pdbfiles/pdb7ekh.ent","pdbs/7ekh.A.pdb",-35.55799865722656,34.369998931884766,5.196000099182129
0,"1.0",0,58,"7fc5",0,"A","LYS",31,"","",True,1,1,1,"148","226","E","A","pdbfiles/pdb7fc5.ent","pdbs/7fc5.E.pdb",2.1470000743865967,-29.549999237060547,-35.80099868774414
0,"1.0",0,59,"7fc5",0,"E","PHE",456,"","",False,1,1,1,"148","226","E","A","pdbfiles/pdb7fc5.ent","pdbs/7fc5.E.pdb",4.603000164031982,-28.572999954223633,-38.43600082397461
0,"1.0",0,60,"7lo4",0,"A","LYS",353,"","",False,1,1,1,"165","227","A","B","pdbfiles/pdb7lo4.ent","pdbs/7lo4.A.pdb",-6.372000217437744,10.319000244140625,-53.23500061035156
0,"1.0",0,61,"7lo4",0,"B","TYR",505,"","",True,1,1,1,"165","227","A","B","pdbfiles/pdb7lo4.ent","pdbs/7lo4.A.pdb",-5.619999885559082,10.979000091552734,-56.845001220703125
0,"1.0",0,62,"7pki",0,"A","LYS",31,"","",False,1,1,1,"170","228","A","E","pdbfiles/pdb7pki.ent","pdbs/7pki.A.pdb",59.029998779296875,110.65299987792969,11.246999740600586
0,"1.0",0,63,"7pki",0,"E","TYR",485,"","",True,1,1,1,"170","228","A","E","pdbfiles/pdb7pki.ent","pdbs/7pki.A.pdb",55.57400131225586,110.73699951171875,10.984000205993652
0,"1.0",0,64,"7spp",0,"A","ARG",346,"","",False,1,1,1,"179","231","A","C","pdbfiles/pdb7spp.ent","pdbs/7spp.A.pdb",8.258000373840332,3.0290000438690186,14.765999794006348
0,"1.0",0,65,"7spp",0,"A","ASN",354,"","",False,1,1,1,"182","232","A","C","pdbfiles/pdb7spp.ent","pdbs/7spp.A.pdb",14.093000411987305,6.684000015258789,8.652999877929688
0,"1.0",0,66,"7spp",0,"C","MET",114,"","",True,1,1,1,"182","232","A","C","pdbfiles/pdb7spp.ent","pdbs/7spp.A.pdb",10.449999809265137,7.4679999351501465,8.470000267028809
0,"1.0",0,67,"7spp",0,"C","PHE",116,"","",True,1,1,1,"179","231","A","C","pdbfiles/pdb7spp.ent","pdbs/7spp.A.pdb",10.406999588012695,3.256999969482422,11.95300006866455
0,"1.0",0,68,"7sxy",0,"B","GLN",498,"","",False,1,1,1,"195","233","B","E","pdbfiles/pdb7sxy.ent","pdbs/7sxy.B.pdb",228.14100646972656,163.53399658203125,251.91000366210938
0,"1.0",0,69,"7sxy",0,"E","TYR",41,"","",True,1,1,1,"195","233","B","E","pdbfiles/pdb7sxy.ent","pdbs/7sxy.B.pdb",225.5279998779297,163.4530029296875,254.53599548339844
0,"1.0",0,70,"7sy0",0,"B","GLN",498,"","",False,1,1,1,"206","234","B","E","pdbfiles/pdb7sy0.ent","pdbs/7sy0.B.pdb",228.66000366210938,163.3820037841797,252.052001953125
0,"1.0",0,71,"7sy0",0,"E","TYR",41,"","",True,1,1,1,"206","234","B","E","pdbfiles/pdb7sy0.ent","pdbs/7sy0.B.pdb",226.03599548339844,163.23800659179688,254.6060028076172
0,"1.0",0,72,"7t9l",0,"A","PHE",456,"","",False,1,1,1,"219","235","A","D","pdbfiles/pdb7t9l.ent","pdbs/7t9l.A.pdb",227.70399475097656,182.27999877929688,257.4729919433594
0,"1.0",0,73,"7t9l",0,"A","PHE",486,"","",False,1,1,1,"220","236","A","D","pdbfiles/pdb7t9l.ent","pdbs/7t9l.A.pdb",229.6439971923828,187.33799743652344,269.1090087890625
0,"1.0",0,74,"7t9l",0,"A","TYR",489,"","",False,1,1,1,"222","237","A","D","pdbfiles/pdb7t9l.ent","pdbs/7t9l.A.pdb",231.52999877929688,183.56500244140625,261.1960144042969
0,"1.0",0,75,"7t9l",0,"D","MET",82,"","",True,1,1,1,"220","236","A","D","pdbfiles/pdb7t9l.ent","pdbs/7t9l.A.pdb",228.96299743652344,186.20599365234375,272.50299072265625
0,"1.0",0,76,"7w8s",0,"A","THR",27,"","",False,1,1,1,"243","240","A","B","pdbfiles/pdb7w8s.ent","pdbs/7w8s.A.pdb",130.41900634765625,122.802001953125,168.95399475097656
0,"1.0",0,77,"7w8s",0,"A","TYR",34,"","",False,1,1,1,"246","241","A","B","pdbfiles/pdb7w8s.ent","pdbs/7w8s.A.pdb",136.39199829101562,131.73899841308594,167.6219940185547
0,"1.0",0,78,"7w8s",0,"B","LEU",455,"","",True,1,1,1,"246","241","A","B","pdbfiles/pdb7w8s.ent","pdbs/7w8s.A.pdb",135.33399963378906,129.69500732421875,170.46800231933594
0,"1.0",0,79,"7w8s",0,"B","PHE",456,"","",True,1,1,1,"243","240","A","B","pdbfiles/pdb7w8s.ent","pdbs/7w8s.A.pdb",132.86599731445312,125.3949966430664,169.83399963378906
0,"1.0",0,80,"7wa1",0,"A","LEU",24,"","",False,1,1,1,"259","242","A","B","pdbfiles/pdb7wa1.ent","pdbs/7wa1.A.pdb",132.5679931640625,102.96399688720703,89.28399658203125
0,"1.0",0,81,"7wa1",0,"A","LYS",31,"","",False,1,1,1,"263","243","A","B","pdbfiles/pdb7wa1.ent","pdbs/7wa1.A.pdb",121.46600341796875,107.9010009765625,91.41500091552734
0,"1.0",0,82,"7wa1",0,"A","TYR",34,"","",False,1,1,1,"264","244","A","B","pdbfiles/pdb7wa1.ent","pdbs/7wa1.A.pdb",117.26399993896484,116.83999633789062,90.5270004272461
0,"1.0",0,83,"7wa1",0,"A","TYR",41,"","",False,1,1,1,"267","245","A","B","pdbfiles/pdb7wa1.ent","pdbs/7wa1.A.pdb",109.7239990234375,121.33300018310547,97.68099975585938
0,"1.0",0,84,"7wa1",0,"B","TYR",453,"","",True,1,1,1,"264","244","A","B","pdbfiles/pdb7wa1.ent","pdbs/7wa1.A.pdb",118.55899810791016,116.89700317382812,87.24400329589844
0,"1.0",0,85,"7wa1",0,"B","ALA",475,"","",True,1,1,1,"259","242","A","B","pdbfiles/pdb7wa1.ent","pdbs/7wa1.A.pdb",129.26699829101562,103.82599639892578,87.66200256347656
0,"1.0",0,86,"7wa1",0,"B","TYR",489,"","",True,1,1,1,"263","243","A","B","pdbfiles/pdb7wa1.ent","pdbs/7wa1.A.pdb",123.06500244140625,105.15299987792969,89.61199951171875
0,"1.0",0,87,"7wa1",0,"B","GLN",498,"","",True,1,1,1,"267","245","A","B","pdbfiles/pdb7wa1.ent","pdbs/7wa1.A.pdb",108.00199890136719,121.50900268554688,94.44100189208984
0,"1.0",0,88,"7wnm",0,"A","PHE",456,"","",True,1,1,1,"275","246","B","A","pdbfiles/pdb7wnm.ent","pdbs/7wnm.B.pdb",-49.50199890136719,42.194000244140625,23.219999313354492
0,"1.0",0,89,"7wnm",0,"A","PHE",486,"","",True,1,1,1,"281","248","B","A","pdbfiles/pdb7wnm.ent","pdbs/7wnm.B.pdb",-54.882999420166016,48.84400177001953,13.552000045776367
0,"1.0",0,90,"7wnm",0,"A","TYR",489,"","",True,1,1,1,"276","247","B","A","pdbfiles/pdb7wnm.ent","pdbs/7wnm.B.pdb",-54.89699935913086,42.13800048828125,19.740999221801758
0,"1.0",0,91,"7wnm",0,"A","TYR",505,"","",True,1,1,1,"284","249","B","A","pdbfiles/pdb7wnm.ent","pdbs/7wnm.B.pdb",-41.4630012512207,27.46500015258789,21.701000213623047
0,"1.0",0,92,"7wnm",0,"B","PHE",27,"","",False,1,1,1,"275","246","B","A","pdbfiles/pdb7wnm.ent","pdbs/7wnm.B.pdb",-47.88100051879883,45.542999267578125,22.851999282836914
0,"1.0",0,93,"7wnm",0,"B","LYS",31,"","",False,1,1,1,"276","247","B","A","pdbfiles/pdb7wnm.ent","pdbs/7wnm.B.pdb",-53.755001068115234,38.792999267578125,18.486000061035156
0,"1.0",0,94,"7wnm",0,"B","TYR",83,"","",False,1,1,1,"281","248","B","A","pdbfiles/pdb7wnm.ent","pdbs/7wnm.B.pdb",-51.33700180053711,48.53900146484375,14.458000183105469
0,"1.0",0,95,"7wnm",0,"B","LYS",353,"","",False,1,1,1,"284","249","B","A","pdbfiles/pdb7wnm.ent","pdbs/7wnm.B.pdb",-44.02199935913086,26.4689998626709,19.42300033569336
0,"1.0",0,96,"7wpa",0,"A","LEU",452,"","",False,1,1,1,"286","250","A","D","pdbfiles/pdb7wpa.ent","pdbs/7wpa.A.pdb",207.2220001220703,178.41000366210938,258.50201416015625
0,"1.0",0,97,"7wpa",0,"A","TYR",486,"","",False,1,1,1,"290","253","A","D","pdbfiles/pdb7wpa.ent","pdbs/7wpa.A.pdb",215.4669952392578,180.10400390625,266.37701416015625
0,"1.0",0,98,"7wpa",0,"D","PHE",28,"","",True,1,1,1,"290","253","A","D","pdbfiles/pdb7wpa.ent","pdbs/7wpa.A.pdb",212.79400634765625,181.4530029296875,268.5679931640625
0,"1.0",0,99,"7wpa",0,"D","ASP",30,"","",True,1,1,1,"288","252","A","D","pdbfiles/pdb7wpa.ent","pdbs/7wpa.A.pdb",207.04100036621094,183.61399841308594,261.0690002441406
0,"1.0",0,100,"7wpa",0,"D","LYS",31,"","",True,1,1,1,"287","251","A","D","pdbfiles/pdb7wpa.ent","pdbs/7wpa.A.pdb",209.86399841308594,179.7969970703125,263.4339904785156
0,"1.0",0,101,"7wpa",0,"D","HIS",34,"","",True,1,1,1,"286","250","A","D","pdbfiles/pdb7wpa.ent","pdbs/7wpa.A.pdb",205.12100219726562,177.7449951171875,261.53399658203125
0,"1.0",0,102,"7wse",0,"A","TYR",41,"","",False,1,1,1,"317","256","A","B","pdbfiles/pdb7wse.ent","pdbs/7wse.A.pdb",117.74500274658203,110.11599731445312,126.55000305175781
0,"1.0",0,103,"7wse",0,"A","ILE",79,"","",False,1,1,1,"319","257","A","B","pdbfiles/pdb7wse.ent","pdbs/7wse.A.pdb",104.07099914550781,89.95999908447266,133.20399475097656
0,"1.0",0,104,"7wse",0,"A","LYS",352,"","",False,1,1,1,"322","258","A","B","pdbfiles/pdb7wse.ent","pdbs/7wse.A.pdb",112.99600219726562,109.68399810791016,129.43099975585938
0,"1.0",0,105,"7wse",0,"B","PHE",456,"","",True,1,1,1,"310","254","A","B","pdbfiles/pdb7wse.ent","pdbs/7wse.A.pdb",104.2979965209961,100.0009994506836,139.10800170898438
0,"1.0",0,106,"7wse",0,"B","PHE",486,"","",True,1,1,1,"319","257","A","B","pdbfiles/pdb7wse.ent","pdbs/7wse.A.pdb",101.3759994506836,88.4260025024414,135.36000061035156
0,"1.0",0,107,"7wse",0,"B","TYR",489,"","",True,1,1,1,"311","255","A","B","pdbfiles/pdb7wse.ent","pdbs/7wse.A.pdb",105.91100311279297,94.56900024414062,138.7790069580078
0,"1.0",0,108,"7wse",0,"B","GLN",498,"","",True,1,1,1,"317","256","A","B","pdbfiles/pdb7wse.ent","pdbs/7wse.A.pdb",119.33200073242188,110.25,129.656005859375
0,"1.0",0,109,"7wse",0,"B","TYR",505,"","",True,1,1,1,"322","258","A","B","pdbfiles/pdb7wse.ent","pdbs/7wse.A.pdb",110.56700134277344,112.2239990234375,130.66400146484375
0,"1.0",0,110,"7wsh",0,"A","GLU",38,"","",False,1,1,1,"328","259","A","B","pdbfiles/pdb7wsh.ent","pdbs/7wsh.A.pdb",112.06500244140625,129.44400024414062,142.5500030517578
0,"1.0",0,111,"7wsh",0,"B","TYR",449,"","",True,1,1,1,"328","259","A","B","pdbfiles/pdb7wsh.ent","pdbs/7wsh.A.pdb",109.90799713134766,129.2760009765625,145.63800048828125
0,"1.0",0,112,"7xo9",0,"A","TYR",489,"","",False,1,1,1,"345","260","A","D","pdbfiles/pdb7xo9.ent","pdbs/7xo9.A.pdb",215.29800415039062,178.88699340820312,265.0480041503906
0,"1.0",0,113,"7xo9",0,"A","TYR",501,"","",False,1,1,1,"350","261","A","D","pdbfiles/pdb7xo9.ent","pdbs/7xo9.A.pdb",197.5279998779297,168.61500549316406,258.4830017089844
0,"1.0",0,114,"7xo9",0,"D","LYS",31,"","",True,1,1,1,"345","260","A","D","pdbfiles/pdb7xo9.ent","pdbs/7xo9.A.pdb",212.06199645996094,177.20399475097656,265.1029968261719
0,"1.0",0,115,"7xo9",0,"D","LYS",353,"","",True,1,1,1,"350","261","A","D","pdbfiles/pdb7xo9.ent","pdbs/7xo9.A.pdb",197.5260009765625,171.53199768066406,260.8599853515625
0,"1.0",0,116,"8dlq",0,"E","TYR",83,"","",True,1,1,1,"366","264","B","E","pdbfiles/pdb8dlq.ent","pdbs/8dlq.B.pdb",224.86500549316406,189.77699279785156,265.1759948730469
0,"1.0",0,117,"8dm6",0,"A","PHE",456,"","",False,1,1,1,"372","265","A","D","pdbfiles/pdb8dm6.ent","pdbs/8dm6.A.pdb",225.67300415039062,181.5850067138672,260.5769958496094
0,"1.0",0,118,"8dm6",0,"A","TYR",489,"","",False,1,1,1,"375","266","A","D","pdbfiles/pdb8dm6.ent","pdbs/8dm6.A.pdb",229.48899841308594,182.6219940185547,264.427001953125
0,"1.0",0,119,"8dm8",0,"A","PHE",456,"","",False,1,1,1,"382","267","A","D","pdbfiles/pdb8dm8.ent","pdbs/8dm8.A.pdb",225.76100158691406,181.74200439453125,260.52899169921875
0,"1.0",0,120,"8dm8",0,"D","ASN",31,"","",True,1,1,1,"382","267","A","D","pdbfiles/pdb8dm8.ent","pdbs/8dm8.A.pdb",226.66900634765625,179.6580047607422,263.5639953613281
1,"0.7",0,1,"6lzg",0,"A","TYR",41,"","",False,1,1,1,"6","268","A","B","pdbfiles/pdb6lzg.ent","pdbs/6lzg.A.pdb",-36.077999114990234,14.680999755859375,0.08799999952316284
1,"0.7",0,2,"6lzg",0,"B","THR",500,"","",True,1,1,1,"6","268","A","B","pdbfiles/pdb6lzg.ent","pdbs/6lzg.A.pdb",-37.3489990234375,12.496000289916992,1.1109999418258667
1,"0.7",0,3,"6m0j",0,"A","TYR",41,"","",False,1,1,1,"19","269","A","E","pdbfiles/pdb6m0j.ent","pdbs/6m0j.A.pdb",-36.20500183105469,14.944000244140625,0.12999999523162842
1,"0.7",0,4,"6m0j",0,"E","THR",500,"","",True,1,1,1,"19","269","A","E","pdbfiles/pdb6m0j.ent","pdbs/6m0j.A.pdb",-37.34700012207031,12.72599983215332,1.1820000410079956
1,"0.7",0,5,"7bh9",0,"A","TYR",41,"","",False,1,1,1,"29","270","A","E","pdbfiles/pdb7bh9.ent","pdbs/7bh9.A.pdb",192.2760009765625,185.25799560546875,198.46099853515625
1,"0.7",0,6,"7bh9",0,"E","THR",500,"","",True,1,1,1,"29","270","A","E","pdbfiles/pdb7bh9.ent","pdbs/7bh9.A.pdb",193.54800415039062,187.46299743652344,198.7480010986328
1,"0.7",0,7,"7dhx",0,"A","TYR",41,"","",False,1,1,1,"35","271","A","B","pdbfiles/pdb7dhx.ent","pdbs/7dhx.A.pdb",22.520999908447266,4.313000202178955,56.63800048828125
1,"0.7",0,8,"7dhx",0,"B","THR",500,"","",True,1,1,1,"35","271","A","B","pdbfiles/pdb7dhx.ent","pdbs/7dhx.A.pdb",22.434999465942383,1.9559999704360962,57.76300048828125
1,"0.7",0,9,"7e3j",0,"A","TYR",41,"","",False,1,1,1,"50","272","A","B","pdbfiles/pdb7e3j.ent","pdbs/7e3j.A.pdb",-91.11499786376953,22.354999542236328,-29.621999740600586
1,"0.7",0,10,"7e3j",0,"B","THR",500,"","",True,1,1,1,"50","272","A","B","pdbfiles/pdb7e3j.ent","pdbs/7e3j.A.pdb",-91.97200012207031,20.586999893188477,-31.04400062561035
1,"0.7",0,11,"7efp",0,"A","TYR",41,"","",False,1,1,1,"62","273","A","B","pdbfiles/pdb7efp.ent","pdbs/7efp.A.pdb",-44.066001892089844,-27.562999725341797,-36.33300018310547
1,"0.7",0,12,"7efp",0,"B","THR",500,"","",True,1,1,1,"62","273","A","B","pdbfiles/pdb7efp.ent","pdbs/7efp.A.pdb",-46.31800079345703,-28.2549991607666,-37.112998962402344
1,"0.7",0,13,"7efr",0,"A","TYR",41,"","",False,1,1,1,"76","274","A","B","pdbfiles/pdb7efr.ent","pdbs/7efr.A.pdb",27.493000030517578,43.72100067138672,36.19900131225586
1,"0.7",0,14,"7efr",0,"B","THR",500,"","",True,1,1,1,"76","274","A","B","pdbfiles/pdb7efr.ent","pdbs/7efr.A.pdb",28.31999969482422,46.33300018310547,36.922000885009766
1,"0.7",0,15,"7ekc",0,"A","TYR",41,"","",False,1,1,1,"91","275","A","B","pdbfiles/pdb7ekc.ent","pdbs/7ekc.A.pdb",-35.395999908447266,14.381999969482422,-0.18000000715255737
1,"0.7",0,16,"7ekc",0,"B","THR",500,"","",True,1,1,1,"91","275","A","B","pdbfiles/pdb7ekc.ent","pdbs/7ekc.A.pdb",-36.691001892089844,12.248000144958496,0.9509999752044678
1,"0.7",0,17,"7eke",0,"A","TYR",41,"","",False,1,1,1,"105","276","A","B","pdbfiles/pdb7eke.ent","pdbs/7eke.A.pdb",-35.96799850463867,14.611000061035156,0.0010000000474974513
1,"0.7",0,18,"7eke",0,"B","THR",500,"","",True,1,1,1,"105","276","A","B","pdbfiles/pdb7eke.ent","pdbs/7eke.A.pdb",-37.31800079345703,12.456000328063965,1.0829999446868896
1,"0.7",0,19,"7ekf",0,"A","TYR",41,"","",False,1,1,1,"117","277","A","B","pdbfiles/pdb7ekf.ent","pdbs/7ekf.A.pdb",-36.3849983215332,14.27299976348877,-0.5640000104904175
1,"0.7",0,20,"7ekf",0,"B","THR",500,"","",True,1,1,1,"117","277","A","B","pdbfiles/pdb7ekf.ent","pdbs/7ekf.A.pdb",-37.43600082397461,12.168999671936035,0.5410000085830688
1,"0.7",0,21,"7ekg",0,"A","HIS",34,"","",False,1,1,1,"123","278","A","B","pdbfiles/pdb7ekg.ent","pdbs/7ekg.A.pdb",-34.44599914550781,29.145999908447266,3.3350000381469727
1,"0.7",0,22,"7ekg",0,"A","TYR",41,"","",False,1,1,1,"125","279","A","B","pdbfiles/pdb7ekg.ent","pdbs/7ekg.A.pdb",-36.91699981689453,14.609999656677246,-0.5979999899864197
1,"0.7",0,23,"7ekg",0,"B","TYR",453,"","",True,1,1,1,"123","278","A","B","pdbfiles/pdb7ekg.ent","pdbs/7ekg.A.pdb",-35.76900100708008,29.069000244140625,5.684000015258789
1,"0.7",0,24,"7ekg",0,"B","THR",500,"","",True,1,1,1,"125","279","A","B","pdbfiles/pdb7ekg.ent","pdbs/7ekg.A.pdb",-38.06100082397461,12.550999641418457,0.7639999985694885
1,"0.7",0,25,"7ekh",0,"A","TYR",41,"","",False,1,1,1,"138","280","A","B","pdbfiles/pdb7ekh.ent","pdbs/7ekh.A.pdb",-35.52899932861328,14.8149995803833,0.4429999887943268
1,"0.7",0,26,"7ekh",0,"B","THR",500,"","",True,1,1,1,"138","280","A","B","pdbfiles/pdb7ekh.ent","pdbs/7ekh.A.pdb",-36.683998107910156,12.734000205993652,1.3839999437332153
1,"0.7",0,27,"7lo4",0,"A","HIS",34,"","",False,1,1,1,"158","281","A","B","pdbfiles/pdb7lo4.ent","pdbs/7lo4.A.pdb",1.7869999408721924,7.677999973297119,-58.4640007019043
1,"0.7",0,28,"7lo4",0,"A","TYR",41,"","",False,1,1,1,"162","282","A","B","pdbfiles/pdb7lo4.ent","pdbs/7lo4.A.pdb",-9.682000160217285,7.60099983215332,-50.07899856567383
1,"0.7",0,29,"7lo4",0,"B","TYR",453,"","",True,1,1,1,"158","281","A","B","pdbfiles/pdb7lo4.ent","pdbs/7lo4.A.pdb",2.122999906539917,8.020999908447266,-61.268001556396484
1,"0.7",0,30,"7lo4",0,"B","THR",500,"","",True,1,1,1,"162","282","A","B","pdbfiles/pdb7lo4.ent","pdbs/7lo4.A.pdb",-11.39799976348877,5.5960001945495605,-49.78499984741211
1,"0.7",0,31,"7pki",0,"A","TYR",41,"","",False,1,1,1,"174","283","A","E","pdbfiles/pdb7pki.ent","pdbs/7pki.A.pdb",81.39800262451172,111.29900360107422,9.12399959564209
1,"0.7",0,32,"7pki",0,"E","THR",496,"","",True,1,1,1,"174","283","A","E","pdbfiles/pdb7pki.ent","pdbs/7pki.A.pdb",83.21099853515625,112.71099853515625,10.357999801635742
1,"0.7",0,33,"7sxy",0,"B","THR",500,"","",False,1,1,1,"196","284","B","E","pdbfiles/pdb7sxy.ent","pdbs/7sxy.B.pdb",224.70199584960938,159.88600158691406,252.21600341796875
1,"0.7",0,34,"7sxy",0,"E","TYR",41,"","",True,1,1,1,"196","284","B","E","pdbfiles/pdb7sxy.ent","pdbs/7sxy.B.pdb",224.2270050048828,161.71499633789062,253.5570068359375
1,"0.7",0,35,"7sy0",0,"B","TYR",453,"","",False,1,1,1,"202","285","B","E","pdbfiles/pdb7sy0.ent","pdbs/7sy0.B.pdb",225.625,176.93099975585938,251.10800170898438
1,"0.7",0,36,"7sy0",0,"B","THR",500,"","",False,1,1,1,"207","286","B","E","pdbfiles/pdb7sy0.ent","pdbs/7sy0.B.pdb",225.23800659179688,159.6790008544922,252.27000427246094
1,"0.7",0,37,"7sy0",0,"E","HIS",34,"","",True,1,1,1,"202","285","B","E","pdbfiles/pdb7sy0.ent","pdbs/7sy0.B.pdb",226.677001953125,176.53500366210938,253.5030059814453
1,"0.7",0,38,"7sy0",0,"E","TYR",41,"","",True,1,1,1,"207","286","B","E","pdbfiles/pdb7sy0.ent","pdbs/7sy0.B.pdb",224.76699829101562,161.51800537109375,253.5590057373047
1,"0.7",0,39,"7sy6",0,"B","THR",500,"","",False,1,1,1,"215","287","B","E","pdbfiles/pdb7sy6.ent","pdbs/7sy6.B.pdb",225.77200317382812,158.7779998779297,252.58399963378906
1,"0.7",0,40,"7sy6",0,"E","TYR",41,"","",True,1,1,1,"215","287","B","E","pdbfiles/pdb7sy6.ent","pdbs/7sy6.B.pdb",225.11300659179688,160.56399536132812,254.072998046875
1,"0.7",0,41,"7t9l",0,"A","THR",500,"","",False,1,1,1,"225","288","A","D","pdbfiles/pdb7t9l.ent","pdbs/7t9l.A.pdb",227.7689971923828,158.0780029296875,253.01699829101562
1,"0.7",0,42,"7t9l",0,"D","TYR",41,"","",True,1,1,1,"225","288","A","D","pdbfiles/pdb7t9l.ent","pdbs/7t9l.A.pdb",226.82400512695312,159.22799682617188,254.8939971923828
1,"0.7",0,43,"7v84",0,"A","THR",500,"","",False,1,1,1,"230","289","A","F","pdbfiles/pdb7v84.ent","pdbs/7v84.A.pdb",206.66700744628906,183.15199279785156,184.52200317382812
1,"0.7",0,44,"7v84",0,"F","TYR",41,"","",True,1,1,1,"230","289","A","F","pdbfiles/pdb7v84.ent","pdbs/7v84.A.pdb",205.7740020751953,184.79400634765625,183.10299682617188
1,"0.7",0,45,"7w9i",0,"A","TYR",41,"","",False,1,1,1,"255","290","A","E","pdbfiles/pdb7w9i.ent","pdbs/7w9i.A.pdb",210.5290069580078,145.02000427246094,271.0010070800781
1,"0.7",0,46,"7w9i",0,"E","THR",500,"","",True,1,1,1,"255","290","A","E","pdbfiles/pdb7w9i.ent","pdbs/7w9i.A.pdb",210.947998046875,143.18299865722656,269.3489990234375
1,"0.7",0,47,"7wa1",0,"A","TYR",41,"","",False,1,1,1,"268","291","A","B","pdbfiles/pdb7wa1.ent","pdbs/7wa1.A.pdb",109.19000244140625,123.55699920654297,98.3489990234375
1,"0.7",0,48,"7wa1",0,"B","THR",500,"","",True,1,1,1,"268","291","A","B","pdbfiles/pdb7wa1.ent","pdbs/7wa1.A.pdb",107.14399719238281,124.91300201416016,98.20999908447266
1,"0.7",0,49,"7wnm",0,"A","THR",500,"","",True,1,1,1,"279","292","B","A","pdbfiles/pdb7wnm.ent","pdbs/7wnm.B.pdb",-44.22700119018555,17.21299934387207,18.22800064086914
1,"0.7",0,50,"7wnm",0,"B","TYR",41,"","",False,1,1,1,"279","292","B","A","pdbfiles/pdb7wnm.ent","pdbs/7wnm.B.pdb",-43.915000915527344,19.457000732421875,17.094999313354492
1,"0.7",0,51,"7wpb",0,"A","THR",497,"","",False,1,1,1,"304","293","A","D","pdbfiles/pdb7wpb.ent","pdbs/7wpb.A.pdb",191.63999938964844,165.08399963378906,260.5929870605469
1,"0.7",0,52,"7wpb",0,"D","TYR",41,"","",True,1,1,1,"304","293","A","D","pdbfiles/pdb7wpb.ent","pdbs/7wpb.A.pdb",192.3470001220703,167.0260009765625,262.0320129394531
1,"0.7",0,53,"7wse",0,"A","TYR",41,"","",False,1,1,1,"318","294","A","B","pdbfiles/pdb7wse.ent","pdbs/7wse.A.pdb",117.88300323486328,112.24700164794922,125.49700164794922
1,"0.7",0,54,"7wse",0,"B","THR",500,"","",True,1,1,1,"318","294","A","B","pdbfiles/pdb7wse.ent","pdbs/7wse.A.pdb",119.9219970703125,113.45099639892578,125.74400329589844
1,"0.7",0,55,"7wsh",0,"A","TYR",41,"","",False,1,1,1,"330","295","A","B","pdbfiles/pdb7wsh.ent","pdbs/7wsh.A.pdb",109.20800018310547,120.7490005493164,139.2010040283203
1,"0.7",0,56,"7wsh",0,"B","THR",500,"","",True,1,1,1,"330","295","A","B","pdbfiles/pdb7wsh.ent","pdbs/7wsh.A.pdb",107.25199890136719,119.24299621582031,139.86099243164062
1,"0.7",0,57,"7xo9",0,"A","THR",500,"","",False,1,1,1,"348","296","A","D","pdbfiles/pdb7xo9.ent","pdbs/7xo9.A.pdb",192.63099670410156,164.61900329589844,261.0780029296875
1,"0.7",0,58,"7xo9",0,"D","TYR",41,"","",True,1,1,1,"348","296","A","D","pdbfiles/pdb7xo9.ent","pdbs/7xo9.A.pdb",192.8470001220703,166.84800720214844,262.15301513671875
1,"0.7",0,59,"7xoc",0,"A","THR",500,"","",True,1,1,1,"359","297","D","A","pdbfiles/pdb7xoc.ent","pdbs/7xoc.D.pdb",193.73399353027344,164.8679962158203,261.27801513671875
1,"0.7",0,60,"7xoc",0,"D","TYR",41,"","",False,1,1,1,"359","297","D","A","pdbfiles/pdb7xoc.ent","pdbs/7xoc.D.pdb",194.96099853515625,166.49400329589844,262.239013671875
1,"0.7",0,61,"8dlq",0,"B","THR",500,"","",False,1,1,1,"369","298","B","E","pdbfiles/pdb8dlq.ent","pdbs/8dlq.B.pdb",225.125,159.7259979248047,252.08299255371094
1,"0.7",0,62,"8dlq",0,"E","TYR",41,"","",True,1,1,1,"369","298","B","E","pdbfiles/pdb8dlq.ent","pdbs/8dlq.B.pdb",223.8820037841797,161.16000366210938,253.85400390625
1,"0.7",0,63,"8dm6",0,"A","THR",500,"","",False,1,1,1,"377","299","A","D","pdbfiles/pdb8dm6.ent","pdbs/8dm6.A.pdb",225.6529998779297,157.2310028076172,255.45199584960938
1,"0.7",0,64,"8dm6",0,"D","TYR",41,"","",True,1,1,1,"377","299","A","D","pdbfiles/pdb8dm6.ent","pdbs/8dm6.A.pdb",224.4709930419922,158.65699768066406,257.4700012207031
1,"0.7",0,65,"8dm8",0,"A","THR",500,"","",False,1,1,1,"385","300","A","D","pdbfiles/pdb8dm8.ent","pdbs/8dm8.A.pdb",225.2729949951172,157.56300354003906,255.7310028076172
1,"0.7",0,66,"8dm8",0,"D","TYR",41,"","",True,1,1,1,"385","300","A","D","pdbfiles/pdb8dm8.ent","pdbs/8dm8.A.pdb",224.66900634765625,158.96099853515625,257.5199890136719
1,"0.7",0,67,"8dma",0,"A","THR",500,"","",False,1,1,1,"393","301","A","D","pdbfiles/pdb8dma.ent","pdbs/8dma.A.pdb",224.95700073242188,157.781005859375,255.86900329589844
1,"0.7",0,68,"8dma",0,"D","TYR",41,"","",True,1,1,1,"393","301","A","D","pdbfiles/pdb8dma.ent","pdbs/8dma.A.pdb",224.3260040283203,159.08900451660156,257.6659851074219
1,"0.8",0,1,"6lzg",0,"A","TYR",41,"","",False,1,1,1,"6","302","A","B","pdbfiles/pdb6lzg.ent","pdbs/6lzg.A.pdb",-36.077999114990234,14.680999755859375,0.08799999952316284
1,"0.8",0,2,"6lzg",0,"B","THR",500,"","",True,1,1,1,"6","302","A","B","pdbfiles/pdb6lzg.ent","pdbs/6lzg.A.pdb",-37.3489990234375,12.496000289916992,1.1109999418258667
1,"0.8",0,3,"6m0j",0,"A","TYR",41,"","",False,1,1,1,"19","303","A","E","pdbfiles/pdb6m0j.ent","pdbs/6m0j.A.pdb",-36.20500183105469,14.944000244140625,0.12999999523162842
1,"0.8",0,4,"6m0j",0,"E","THR",500,"","",True,1,1,1,"19","303","A","E","pdbfiles/pdb6m0j.ent","pdbs/6m0j.A.pdb",-37.34700012207031,12.72599983215332,1.1820000410079956
1,"0.8",0,5,"7bh9",0,"A","TYR",41,"","",False,1,1,1,"29","304","A","E","pdbfiles/pdb7bh9.ent","pdbs/7bh9.A.pdb",192.2760009765625,185.25799560546875,198.46099853515625
1,"0.8",0,6,"7bh9",0,"E","THR",500,"","",True,1,1,1,"29","304","A","E","pdbfiles/pdb7bh9.ent","pdbs/7bh9.A.pdb",193.54800415039062,187.46299743652344,198.7480010986328
1,"0.8",0,7,"7dhx",0,"A","TYR",41,"","",False,1,1,1,"35","305","A","B","pdbfiles/pdb7dhx.ent","pdbs/7dhx.A.pdb",22.520999908447266,4.313000202178955,56.63800048828125
1,"0.8",0,8,"7dhx",0,"B","THR",500,"","",True,1,1,1,"35","305","A","B","pdbfiles/pdb7dhx.ent","pdbs/7dhx.A.pdb",22.434999465942383,1.9559999704360962,57.76300048828125
1,"0.8",0,9,"7e3j",0,"A","TYR",41,"","",False,1,1,1,"50","306","A","B","pdbfiles/pdb7e3j.ent","pdbs/7e3j.A.pdb",-91.11499786376953,22.354999542236328,-29.621999740600586
1,"0.8",0,10,"7e3j",0,"B","THR",500,"","",True,1,1,1,"50","306","A","B","pdbfiles/pdb7e3j.ent","pdbs/7e3j.A.pdb",-91.97200012207031,20.586999893188477,-31.04400062561035
1,"0.8",0,11,"7efp",0,"A","TYR",41,"","",False,1,1,1,"62","307","A","B","pdbfiles/pdb7efp.ent","pdbs/7efp.A.pdb",-44.066001892089844,-27.562999725341797,-36.33300018310547
1,"0.8",0,12,"7efp",0,"B","THR",500,"","",True,1,1,1,"62","307","A","B","pdbfiles/pdb7efp.ent","pdbs/7efp.A.pdb",-46.31800079345703,-28.2549991607666,-37.112998962402344
1,"0.8",0,13,"7efr",0,"A","TYR",41,"","",False,1,1,1,"76","308","A","B","pdbfiles/pdb7efr.ent","pdbs/7efr.A.pdb",27.493000030517578,43.72100067138672,36.19900131225586
1,"0.8",0,14,"7efr",0,"B","THR",500,"","",True,1,1,1,"76","308","A","B","pdbfiles/pdb7efr.ent","pdbs/7efr.A.pdb",28.31999969482422,46.33300018310547,36.922000885009766
1,"0.8",0,15,"7ekc",0,"A","TYR",41,"","",False,1,1,1,"91","309","A","B","pdbfiles/pdb7ekc.ent","pdbs/7ekc.A.pdb",-35.395999908447266,14.381999969482422,-0.18000000715255737
1,"0.8",0,16,"7ekc",0,"B","THR",500,"","",True,1,1,1,"91","309","A","B","pdbfiles/pdb7ekc.ent","pdbs/7ekc.A.pdb",-36.691001892089844,12.248000144958496,0.9509999752044678
1,"0.8",0,17,"7eke",0,"A","TYR",41,"","",False,1,1,1,"105","310","A","B","pdbfiles/pdb7eke.ent","pdbs/7eke.A.pdb",-35.96799850463867,14.611000061035156,0.0010000000474974513
1,"0.8",0,18,"7eke",0,"B","THR",500,"","",True,1,1,1,"105","310","A","B","pdbfiles/pdb7eke.ent","pdbs/7eke.A.pdb",-37.31800079345703,12.456000328063965,1.0829999446868896
1,"0.8",0,19,"7ekf",0,"A","TYR",41,"","",False,1,1,1,"117","311","A","B","pdbfiles/pdb7ekf.ent","pdbs/7ekf.A.pdb",-36.3849983215332,14.27299976348877,-0.5640000104904175
1,"0.8",0,20,"7ekf",0,"B","THR",500,"","",True,1,1,1,"117","311","A","B","pdbfiles/pdb7ekf.ent","pdbs/7ekf.A.pdb",-37.43600082397461,12.168999671936035,0.5410000085830688
1,"0.8",0,21,"7ekg",0,"A","HIS",34,"","",False,1,1,1,"123","312","A","B","pdbfiles/pdb7ekg.ent","pdbs/7ekg.A.pdb",-34.44599914550781,29.145999908447266,3.3350000381469727
1,"0.8",0,22,"7ekg",0,"A","TYR",41,"","",False,1,1,1,"125","313","A","B","pdbfiles/pdb7ekg.ent","pdbs/7ekg.A.pdb",-36.91699981689453,14.609999656677246,-0.5979999899864197
1,"0.8",0,23,"7ekg",0,"B","TYR",453,"","",True,1,1,1,"123","312","A","B","pdbfiles/pdb7ekg.ent","pdbs/7ekg.A.pdb",-35.76900100708008,29.069000244140625,5.684000015258789
1,"0.8",0,24,"7ekg",0,"B","THR",500,"","",True,1,1,1,"125","313","A","B","pdbfiles/pdb7ekg.ent","pdbs/7ekg.A.pdb",-38.06100082397461,12.550999641418457,0.7639999985694885
1,"0.8",0,25,"7ekh",0,"A","TYR",41,"","",False,1,1,1,"138","314","A","B","pdbfiles/pdb7ekh.ent","pdbs/7ekh.A.pdb",-35.52899932861328,14.8149995803833,0.4429999887943268
1,"0.8",0,26,"7ekh",0,"B","THR",500,"","",True,1,1,1,"138","314","A","B","pdbfiles/pdb7ekh.ent","pdbs/7ekh.A.pdb",-36.683998107910156,12.734000205993652,1.3839999437332153
1,"0.8",0,27,"7lo4",0,"A","HIS",34,"","",False,1,1,1,"158","315","A","B","pdbfiles/pdb7lo4.ent","pdbs/7lo4.A.pdb",1.7869999408721924,7.677999973297119,-58.4640007019043
1,"0.8",0,28,"7lo4",0,"A","TYR",41,"","",False,1,1,1,"162","316","A","B","pdbfiles/pdb7lo4.ent","pdbs/7lo4.A.pdb",-9.682000160217285,7.60099983215332,-50.07899856567383
1,"0.8",0,29,"7lo4",0,"B","TYR",453,"","",True,1,1,1,"158","315","A","B","pdbfiles/pdb7lo4.ent","pdbs/7lo4.A.pdb",2.122999906539917,8.020999908447266,-61.268001556396484
1,"0.8",0,30,"7lo4",0,"B","THR",500,"","",True,1,1,1,"162","316","A","B","pdbfiles/pdb7lo4.ent","pdbs/7lo4.A.pdb",-11.39799976348877,5.5960001945495605,-49.78499984741211
1,"0.8",0,31,"7pki",0,"A","TYR",41,"","",False,1,1,1,"174","317","A","E","pdbfiles/pdb7pki.ent","pdbs/7pki.A.pdb",81.39800262451172,111.29900360107422,9.12399959564209
1,"0.8",0,32,"7pki",0,"E","THR",496,"","",True,1,1,1,"174","317","A","E","pdbfiles/pdb7pki.ent","pdbs/7pki.A.pdb",83.21099853515625,112.71099853515625,10.357999801635742
1,"0.8",0,33,"7sxy",0,"B","THR",500,"","",False,1,1,1,"196","318","B","E","pdbfiles/pdb7sxy.ent","pdbs/7sxy.B.pdb",224.70199584960938,159.88600158691406,252.21600341796875
1,"0.8",0,34,"7sxy",0,"E","TYR",41,"","",True,1,1,1,"196","318","B","E","pdbfiles/pdb7sxy.ent","pdbs/7sxy.B.pdb",224.2270050048828,161.71499633789062,253.5570068359375
1,"0.8",0,35,"7sy0",0,"B","TYR",453,"","",False,1,1,1,"202","319","B","E","pdbfiles/pdb7sy0.ent","pdbs/7sy0.B.pdb",225.625,176.93099975585938,251.10800170898438
1,"0.8",0,36,"7sy0",0,"B","THR",500,"","",False,1,1,1,"207","320","B","E","pdbfiles/pdb7sy0.ent","pdbs/7sy0.B.pdb",225.23800659179688,159.6790008544922,252.27000427246094
1,"0.8",0,37,"7sy0",0,"E","HIS",34,"","",True,1,1,1,"202","319","B","E","pdbfiles/pdb7sy0.ent","pdbs/7sy0.B.pdb",226.677001953125,176.53500366210938,253.5030059814453
1,"0.8",0,38,"7sy0",0,"E","TYR",41,"","",True,1,1,1,"207","320","B","E","pdbfiles/pdb7sy0.ent","pdbs/7sy0.B.pdb",224.76699829101562,161.51800537109375,253.5590057373047
1,"0.8",0,39,"7sy6",0,"B","THR",500,"","",False,1,1,1,"215","321","B","E","pdbfiles/pdb7sy6.ent","pdbs/7sy6.B.pdb",225.77200317382812,158.7779998779297,252.58399963378906
1,"0.8",0,40,"7sy6",0,"E","TYR",41,"","",True,1,1,1,"215","321","B","E","pdbfiles/pdb7sy6.ent","pdbs/7sy6.B.pdb",225.11300659179688,160.56399536132812,254.072998046875
1,"0.8",0,41,"7t9l",0,"A","THR",500,"","",False,1,1,1,"225","322","A","D","pdbfiles/pdb7t9l.ent","pdbs/7t9l.A.pdb",227.7689971923828,158.0780029296875,253.01699829101562
1,"0.8",0,42,"7t9l",0,"D","TYR",41,"","",True,1,1,1,"225","322","A","D","pdbfiles/pdb7t9l.ent","pdbs/7t9l.A.pdb",226.82400512695312,159.22799682617188,254.8939971923828
1,"0.8",0,43,"7v84",0,"A","THR",500,"","",False,1,1,1,"230","323","A","F","pdbfiles/pdb7v84.ent","pdbs/7v84.A.pdb",206.66700744628906,183.15199279785156,184.52200317382812
1,"0.8",0,44,"7v84",0,"F","TYR",41,"","",True,1,1,1,"230","323","A","F","pdbfiles/pdb7v84.ent","pdbs/7v84.A.pdb",205.7740020751953,184.79400634765625,183.10299682617188
1,"0.8",0,45,"7w9i",0,"A","TYR",41,"","",False,1,1,1,"255","324","A","E","pdbfiles/pdb7w9i.ent","pdbs/7w9i.A.pdb",210.5290069580078,145.02000427246094,271.0010070800781
1,"0.8",0,46,"7w9i",0,"E","THR",500,"","",True,1,1,1,"255","324","A","E","pdbfiles/pdb7w9i.ent","pdbs/7w9i.A.pdb",210.947998046875,143.18299865722656,269.3489990234375
1,"0.8",0,47,"7wa1",0,"A","TYR",41,"","",False,1,1,1,"268","325","A","B","pdbfiles/pdb7wa1.ent","pdbs/7wa1.A.pdb",109.19000244140625,123.55699920654297,98.3489990234375
1,"0.8",0,48,"7wa1",0,"B","THR",500,"","",True,1,1,1,"268","325","A","B","pdbfiles/pdb7wa1.ent","pdbs/7wa1.A.pdb",107.14399719238281,124.91300201416016,98.20999908447266
1,"0.8",0,49,"7wnm",0,"A","THR",500,"","",True,1,1,1,"279","326","B","A","pdbfiles/pdb7wnm.ent","pdbs/7wnm.B.pdb",-44.22700119018555,17.21299934387207,18.22800064086914
1,"0.8",0,50,"7wnm",0,"B","TYR",41,"","",False,1,1,1,"279","326","B","A","pdbfiles/pdb7wnm.ent","pdbs/7wnm.B.pdb",-43.915000915527344,19.457000732421875,17.094999313354492
1,"0.8",0,51,"7wpb",0,"A","THR",497,"","",False,1,1,1,"304","327","A","D","pdbfiles/pdb7wpb.ent","pdbs/7wpb.A.pdb",191.63999938964844,165.08399963378906,260.5929870605469
1,"0.8",0,52,"7wpb",0,"D","TYR",41,"","",True,1,1,1,"304","327","A","D","pdbfiles/pdb7wpb.ent","pdbs/7wpb.A.pdb",192.3470001220703,167.0260009765625,262.0320129394531
1,"0.8",0,53,"7wse",0,"A","TYR",41,"","",False,1,1,1,"318","328","A","B","pdbfiles/pdb7wse.ent","pdbs/7wse.A.pdb",117.88300323486328,112.24700164794922,125.49700164794922
1,"0.8",0,54,"7wse",0,"B","THR",500,"","",True,1,1,1,"318","328","A","B","pdbfiles/pdb7wse.ent","pdbs/7wse.A.pdb",119.9219970703125,113.45099639892578,125.74400329589844
1,"0.8",0,55,"7wsh",0,"A","TYR",41,"","",False,1,1,1,"330","329","A","B","pdbfiles/pdb7wsh.ent","pdbs/7wsh.A.pdb",109.20800018310547,120.7490005493164,139.2010040283203
1,"0.8",0,56,"7wsh",0,"B","THR",500,"","",True,1,1,1,"330","329","A","B","pdbfiles/pdb7wsh.ent","pdbs/7wsh.A.pdb",107.25199890136719,119.24299621582031,139.86099243164062
1,"0.8",0,57,"7xo9",0,"A","THR",500,"","",False,1,1,1,"348","330","A","D","pdbfiles/pdb7xo9.ent","pdbs/7xo9.A.pdb",192.63099670410156,164.61900329589844,261.0780029296875
1,"0.8",0,58,"7xo9",0,"D","TYR",41,"","",True,1,1,1,"348","330","A","D","pdbfiles/pdb7xo9.ent","pdbs/7xo9.A.pdb",192.8470001220703,166.84800720214844,262.15301513671875
1,"0.8",0,59,"7xoc",0,"A","THR",500,"","",True,1,1,1,"359","331","D","A","pdbfiles/pdb7xoc.ent","pdbs/7xoc.D.pdb",193.73399353027344,164.8679962158203,261.27801513671875
1,"0.8",0,60,"7xoc",0,"D","TYR",41,"","",False,1,1,1,"359","331","D","A","pdbfiles/pdb7xoc.ent","pdbs/7xoc.D.pdb",194.96099853515625,166.49400329589844,262.239013671875
1,"0.8",0,61,"8dlq",0,"B","THR",500,"","",False,1,1,1,"369","332","B","E","pdbfiles/pdb8dlq.ent","pdbs/8dlq.B.pdb",225.125,159.7259979248047,252.08299255371094
1,"0.8",0,62,"8dlq",0,"E","TYR",41,"","",True,1,1,1,"369","332","B","E","pdbfiles/pdb8dlq.ent","pdbs/8dlq.B.pdb",223.8820037841797,161.16000366210938,253.85400390625
1,"0.8",0,63,"8dm6",0,"A","THR",500,"","",False,1,1,1,"377","333","A","D","pdbfiles/pdb8dm6.ent","pdbs/8dm6.A.pdb",225.6529998779297,157.2310028076172,255.45199584960938
1,"0.8",0,64,"8dm6",0,"D","TYR",41,"","",True,1,1,1,"377","333","A","D","pdbfiles/pdb8dm6.ent","pdbs/8dm6.A.pdb",224.4709930419922,158.65699768066406,257.4700012207031
1,"0.8",0,65,"8dm8",0,"A","THR",500,"","",False,1,1,1,"385","334","A","D","pdbfiles/pdb8dm8.ent","pdbs/8dm8.A.pdb",225.2729949951172,157.56300354003906,255.7310028076172
1,"0.8",0,66,"8dm8",0,"D","TYR",41,"","",True,1,1,1,"385","334","A","D","pdbfiles/pdb8dm8.ent","pdbs/8dm8.A.pdb",224.66900634765625,158.96099853515625,257.5199890136719
1,"0.8",0,67,"8dma",0,"A","THR",500,"","",False,1,1,1,"393","335","A","D","pdbfiles/pdb8dma.ent","pdbs/8dma.A.pdb",224.95700073242188,157.781005859375,255.86900329589844
1,"0.8",0,68,"8dma",0,"D","TYR",41,"","",True,1,1,1,"393","335","A","D","pdbfiles/pdb8dma.ent","pdbs/8dma.A.pdb",224.3260040283203,159.08900451660156,257.6659851074219
1,"0.9",0,1,"6lzg",0,"A","TYR",41,"","",False,1,1,1,"6","336","A","B","pdbfiles/pdb6lzg.ent","pdbs/6lzg.A.pdb",-36.077999114990234,14.680999755859375,0.08799999952316284
1,"0.9",0,2,"6lzg",0,"B","THR",500,"","",True,1,1,1,"6","336","A","B","pdbfiles/pdb6lzg.ent","pdbs/6lzg.A.pdb",-37.3489990234375,12.496000289916992,1.1109999418258667
1,"0.9",0,3,"6m0j",0,"A","TYR",41,"","",False,1,1,1,"19","337","A","E","pdbfiles/pdb6m0j.ent","pdbs/6m0j.A.pdb",-36.20500183105469,14.944000244140625,0.12999999523162842
1,"0.9",0,4,"6m0j",0,"E","THR",500,"","",True,1,1,1,"19","337","A","E","pdbfiles/pdb6m0j.ent","pdbs/6m0j.A.pdb",-37.34700012207031,12.72599983215332,1.1820000410079956
1,"0.9",0,5,"7bh9",0,"A","TYR",41,"","",False,1,1,1,"29","338","A","E","pdbfiles/pdb7bh9.ent","pdbs/7bh9.A.pdb",192.2760009765625,185.25799560546875,198.46099853515625
1,"0.9",0,6,"7bh9",0,"E","THR",500,"","",True,1,1,1,"29","338","A","E","pdbfiles/pdb7bh9.ent","pdbs/7bh9.A.pdb",193.54800415039062,187.46299743652344,198.7480010986328
1,"0.9",0,7,"7dhx",0,"A","TYR",41,"","",False,1,1,1,"35","339","A","B","pdbfiles/pdb7dhx.ent","pdbs/7dhx.A.pdb",22.520999908447266,4.313000202178955,56.63800048828125
1,"0.9",0,8,"7dhx",0,"B","THR",500,"","",True,1,1,1,"35","339","A","B","pdbfiles/pdb7dhx.ent","pdbs/7dhx.A.pdb",22.434999465942383,1.9559999704360962,57.76300048828125
1,"0.9",0,9,"7e3j",0,"A","TYR",41,"","",False,1,1,1,"50","340","A","B","pdbfiles/pdb7e3j.ent","pdbs/7e3j.A.pdb",-91.11499786376953,22.354999542236328,-29.621999740600586
1,"0.9",0,10,"7e3j",0,"B","THR",500,"","",True,1,1,1,"50","340","A","B","pdbfiles/pdb7e3j.ent","pdbs/7e3j.A.pdb",-91.97200012207031,20.586999893188477,-31.04400062561035
1,"0.9",0,11,"7efp",0,"A","TYR",41,"","",False,1,1,1,"62","341","A","B","pdbfiles/pdb7efp.ent","pdbs/7efp.A.pdb",-44.066001892089844,-27.562999725341797,-36.33300018310547
1,"0.9",0,12,"7efp",0,"B","THR",500,"","",True,1,1,1,"62","341","A","B","pdbfiles/pdb7efp.ent","pdbs/7efp.A.pdb",-46.31800079345703,-28.2549991607666,-37.112998962402344
1,"0.9",0,13,"7efr",0,"A","TYR",41,"","",False,1,1,1,"76","342","A","B","pdbfiles/pdb7efr.ent","pdbs/7efr.A.pdb",27.493000030517578,43.72100067138672,36.19900131225586
1,"0.9",0,14,"7efr",0,"B","THR",500,"","",True,1,1,1,"76","342","A","B","pdbfiles/pdb7efr.ent","pdbs/7efr.A.pdb",28.31999969482422,46.33300018310547,36.922000885009766
1,"0.9",0,15,"7ekc",0,"A","TYR",41,"","",False,1,1,1,"91","343","A","B","pdbfiles/pdb7ekc.ent","pdbs/7ekc.A.pdb",-35.395999908447266,14.381999969482422,-0.18000000715255737
1,"0.9",0,16,"7ekc",0,"B","THR",500,"","",True,1,1,1,"91","343","A","B","pdbfiles/pdb7ekc.ent","pdbs/7ekc.A.pdb",-36.691001892089844,12.248000144958496,0.9509999752044678
1,"0.9",0,17,"7eke",0,"A","TYR",41,"","",False,1,1,1,"105","344","A","B","pdbfiles/pdb7eke.ent","pdbs/7eke.A.pdb",-35.96799850463867,14.611000061035156,0.0010000000474974513
1,"0.9",0,18,"7eke",0,"B","THR",500,"","",True,1,1,1,"105","344","A","B","pdbfiles/pdb7eke.ent","pdbs/7eke.A.pdb",-37.31800079345703,12.456000328063965,1.0829999446868896
1,"0.9",0,19,"7ekf",0,"A","TYR",41,"","",False,1,1,1,"117","345","A","B","pdbfiles/pdb7ekf.ent","pdbs/7ekf.A.pdb",-36.3849983215332,14.27299976348877,-0.5640000104904175
1,"0.9",0,20,"7ekf",0,"B","THR",500,"","",True,1,1,1,"117","345","A","B","pdbfiles/pdb7ekf.ent","pdbs/7ekf.A.pdb",-37.43600082397461,12.168999671936035,0.5410000085830688
1,"0.9",0,21,"7ekg",0,"A","HIS",34,"","",False,1,1,1,"123","346","A","B","pdbfiles/pdb7ekg.ent","pdbs/7ekg.A.pdb",-34.44599914550781,29.145999908447266,3.3350000381469727
1,"0.9",0,22,"7ekg",0,"A","TYR",41,"","",False,1,1,1,"125","347","A","B","pdbfiles/pdb7ekg.ent","pdbs/7ekg.A.pdb",-36.91699981689453,14.609999656677246,-0.5979999899864197
1,"0.9",0,23,"7ekg",0,"B","TYR",453,"","",True,1,1,1,"123","346","A","B","pdbfiles/pdb7ekg.ent","pdbs/7ekg.A.pdb",-35.76900100708008,29.069000244140625,5.684000015258789
1,"0.9",0,24,"7ekg",0,"B","THR",500,"","",True,1,1,1,"125","347","A","B","pdbfiles/pdb7ekg.ent","pdbs/7ekg.A.pdb",-38.06100082397461,12.550999641418457,0.7639999985694885
1,"0.9",0,25,"7ekh",0,"A","TYR",41,"","",False,1,1,1,"138","348","A","B","pdbfiles/pdb7ekh.ent","pdbs/7ekh.A.pdb",-35.52899932861328,14.8149995803833,0.4429999887943268
1,"0.9",0,26,"7ekh",0,"B","THR",500,"","",True,1,1,1,"138","348","A","B","pdbfiles/pdb7ekh.ent","pdbs/7ekh.A.pdb",-36.683998107910156,12.734000205993652,1.3839999437332153
1,"0.9",0,27,"7lo4",0,"A","HIS",34,"","",False,1,1,1,"158","349","A","B","pdbfiles/pdb7lo4.ent","pdbs/7lo4.A.pdb",1.7869999408721924,7.677999973297119,-58.4640007019043
1,"0.9",0,28,"7lo4",0,"A","TYR",41,"","",False,1,1,1,"162","350","A","B","pdbfiles/pdb7lo4.ent","pdbs/7lo4.A.pdb",-9.682000160217285,7.60099983215332,-50.07899856567383
1,"0.9",0,29,"7lo4",0,"B","TYR",453,"","",True,1,1,1,"158","349","A","B","pdbfiles/pdb7lo4.ent","pdbs/7lo4.A.pdb",2.122999906539917,8.020999908447266,-61.268001556396484
1,"0.9",0,30,"7lo4",0,"B","THR",500,"","",True,1,1,1,"162","350","A","B","pdbfiles/pdb7lo4.ent","pdbs/7lo4.A.pdb",-11.39799976348877,5.5960001945495605,-49.78499984741211
1,"0.9",0,31,"7pki",0,"A","TYR",41,"","",False,1,1,1,"174","351","A","E","pdbfiles/pdb7pki.ent","pdbs/7pki.A.pdb",81.39800262451172,111.29900360107422,9.12399959564209
1,"0.9",0,32,"7pki",0,"E","THR",496,"","",True,1,1,1,"174","351","A","E","pdbfiles/pdb7pki.ent","pdbs/7pki.A.pdb",83.21099853515625,112.71099853515625,10.357999801635742
1,"0.9",0,33,"7sxy",0,"B","THR",500,"","",False,1,1,1,"196","352","B","E","pdbfiles/pdb7sxy.ent","pdbs/7sxy.B.pdb",224.70199584960938,159.88600158691406,252.21600341796875
1,"0.9",0,34,"7sxy",0,"E","TYR",41,"","",True,1,1,1,"196","352","B","E","pdbfiles/pdb7sxy.ent","pdbs/7sxy.B.pdb",224.2270050048828,161.71499633789062,253.5570068359375
1,"0.9",0,35,"7sy0",0,"B","TYR",453,"","",False,1,1,1,"202","353","B","E","pdbfiles/pdb7sy0.ent","pdbs/7sy0.B.pdb",225.625,176.93099975585938,251.10800170898438
1,"0.9",0,36,"7sy0",0,"B","THR",500,"","",False,1,1,1,"207","354","B","E","pdbfiles/pdb7sy0.ent","pdbs/7sy0.B.pdb",225.23800659179688,159.6790008544922,252.27000427246094
1,"0.9",0,37,"7sy0",0,"E","HIS",34,"","",True,1,1,1,"202","353","B","E","pdbfiles/pdb7sy0.ent","pdbs/7sy0.B.pdb",226.677001953125,176.53500366210938,253.5030059814453
1,"0.9",0,38,"7sy0",0,"E","TYR",41,"","",True,1,1,1,"207","354","B","E","pdbfiles/pdb7sy0.ent","pdbs/7sy0.B.pdb",224.76699829101562,161.51800537109375,253.5590057373047
1,"0.9",0,39,"7sy6",0,"B","THR",500,"","",False,1,1,1,"215","355","B","E","pdbfiles/pdb7sy6.ent","pdbs/7sy6.B.pdb",225.77200317382812,158.7779998779297,252.58399963378906
1,"0.9",0,40,"7sy6",0,"E","TYR",41,"","",True,1,1,1,"215","355","B","E","pdbfiles/pdb7sy6.ent","pdbs/7sy6.B.pdb",225.11300659179688,160.56399536132812,254.072998046875
1,"0.9",0,41,"7t9l",0,"A","THR",500,"","",False,1,1,1,"225","356","A","D","pdbfiles/pdb7t9l.ent","pdbs/7t9l.A.pdb",227.7689971923828,158.0780029296875,253.01699829101562
1,"0.9",0,42,"7t9l",0,"D","TYR",41,"","",True,1,1,1,"225","356","A","D","pdbfiles/pdb7t9l.ent","pdbs/7t9l.A.pdb",226.82400512695312,159.22799682617188,254.8939971923828
1,"0.9",0,43,"7v84",0,"A","THR",500,"","",False,1,1,1,"230","357","A","F","pdbfiles/pdb7v84.ent","pdbs/7v84.A.pdb",206.66700744628906,183.15199279785156,184.52200317382812
1,"0.9",0,44,"7v84",0,"F","TYR",41,"","",True,1,1,1,"230","357","A","F","pdbfiles/pdb7v84.ent","pdbs/7v84.A.pdb",205.7740020751953,184.79400634765625,183.10299682617188
1,"0.9",0,45,"7w9i",0,"A","TYR",41,"","",False,1,1,1,"255","358","A","E","pdbfiles/pdb7w9i.ent","pdbs/7w9i.A.pdb",210.5290069580078,145.02000427246094,271.0010070800781
1,"0.9",0,46,"7w9i",0,"E","THR",500,"","",True,1,1,1,"255","358","A","E","pdbfiles/pdb7w9i.ent","pdbs/7w9i.A.pdb",210.947998046875,143.18299865722656,269.3489990234375
1,"0.9",0,47,"7wa1",0,"A","TYR",41,"","",False,1,1,1,"268","359","A","B","pdbfiles/pdb7wa1.ent","pdbs/7wa1.A.pdb",109.19000244140625,123.55699920654297,98.3489990234375
1,"0.9",0,48,"7wa1",0,"B","THR",500,"","",True,1,1,1,"268","359","A","B","pdbfiles/pdb7wa1.ent","pdbs/7wa1.A.pdb",107.14399719238281,124.91300201416016,98.20999908447266
1,"0.9",0,49,"7wnm",0,"A","THR",500,"","",True,1,1,1,"279","360","B","A","pdbfiles/pdb7wnm.ent","pdbs/7wnm.B.pdb",-44.22700119018555,17.21299934387207,18.22800064086914
1,"0.9",0,50,"7wnm",0,"B","TYR",41,"","",False,1,1,1,"279","360","B","A","pdbfiles/pdb7wnm.ent","pdbs/7wnm.B.pdb",-43.915000915527344,19.457000732421875,17.094999313354492
1,"0.9",0,51,"7wpb",0,"A","THR",497,"","",False,1,1,1,"304","361","A","D","pdbfiles/pdb7wpb.ent","pdbs/7wpb.A.pdb",191.63999938964844,165.08399963378906,260.5929870605469
1,"0.9",0,52,"7wpb",0,"D","TYR",41,"","",True,1,1,1,"304","361","A","D","pdbfiles/pdb7wpb.ent","pdbs/7wpb.A.pdb",192.3470001220703,167.0260009765625,262.0320129394531
1,"0.9",0,53,"7wse",0,"A","TYR",41,"","",False,1,1,1,"318","362","A","B","pdbfiles/pdb7wse.ent","pdbs/7wse.A.pdb",117.88300323486328,112.24700164794922,125.49700164794922
1,"0.9",0,54,"7wse",0,"B","THR",500,"","",True,1,1,1,"318","362","A","B","pdbfiles/pdb7wse.ent","pdbs/7wse.A.pdb",119.9219970703125,113.45099639892578,125.74400329589844
1,"0.9",0,55,"7wsh",0,"A","TYR",41,"","",False,1,1,1,"330","363","A","B","pdbfiles/pdb7wsh.ent","pdbs/7wsh.A.pdb",109.20800018310547,120.7490005493164,139.2010040283203
1,"0.9",0,56,"7wsh",0,"B","THR",500,"","",True,1,1,1,"330","363","A","B","pdbfiles/pdb7wsh.ent","pdbs/7wsh.A.pdb",107.25199890136719,119.24299621582031,139.86099243164062
1,"0.9",0,57,"7xo9",0,"A","THR",500,"","",False,1,1,1,"348","364","A","D","pdbfiles/pdb7xo9.ent","pdbs/7xo9.A.pdb",192.63099670410156,164.61900329589844,261.0780029296875
1,"0.9",0,58,"7xo9",0,"D","TYR",41,"","",True,1,1,1,"348","364","A","D","pdbfiles/pdb7xo9.ent","pdbs/7xo9.A.pdb",192.8470001220703,166.84800720214844,262.15301513671875
1,"0.9",0,59,"7xoc",0,"A","THR",500,"","",True,1,1,1,"359","365","D","A","pdbfiles/pdb7xoc.ent","pdbs/7xoc.D.pdb",193.73399353027344,164.8679962158203,261.27801513671875
1,"0.9",0,60,"7xoc",0,"D","TYR",41,"","",False,1,1,1,"359","365","D","A","pdbfiles/pdb7xoc.ent","pdbs/7xoc.D.pdb",194.96099853515625,166.49400329589844,262.239013671875
1,"0.9",0,61,"8dlq",0,"B","THR",500,"","",False,1,1,1,"369","366","B","E","pdbfiles/pdb8dlq.ent","pdbs/8dlq.B.pdb",225.125,159.7259979248047,252.08299255371094
1,"0.9",0,62,"8dlq",0,"E","TYR",41,"","",True,1,1,1,"369","366","B","E","pdbfiles/pdb8dlq.ent","pdbs/8dlq.B.pdb",223.8820037841797,161.16000366210938,253.85400390625
1,"0.9",0,63,"8dm6",0,"A","THR",500,"","",False,1,1,1,"377","367","A","D","pdbfiles/pdb8dm6.ent","pdbs/8dm6.A.pdb",225.6529998779297,157.2310028076172,255.45199584960938
1,"0.9",0,64,"8dm6",0,"D","TYR",41,"","",True,1,1,1,"377","367","A","D","pdbfiles/pdb8dm6.ent","pdbs/8dm6.A.pdb",224.4709930419922,158.65699768066406,257.4700012207031
1,"0.9",0,65,"8dm8",0,"A","THR",500,"","",False,1,1,1,"385","368","A","D","pdbfiles/pdb8dm8.ent","pdbs/8dm8.A.pdb",225.2729949951172,157.56300354003906,255.7310028076172
1,"0.9",0,66,"8dm8",0,"D","TYR",41,"","",True,1,1,1,"385","368","A","D","pdbfiles/pdb8dm8.ent","pdbs/8dm8.A.pdb",224.66900634765625,158.96099853515625,257.5199890136719
1,"0.9",0,67,"8dma",0,"A","THR",500,"","",False,1,1,1,"393","369","A","D","pdbfiles/pdb8dma.ent","pdbs/8dma.A.pdb",224.95700073242188,157.781005859375,255.86900329589844
1,"0.9",0,68,"8dma",0,"D","TYR",41,"","",True,1,1,1,"393","369","A","D","pdbfiles/pdb8dma.ent","pdbs/8dma.A.pdb",224.3260040283203,159.08900451660156,257.6659851074219
1,"1.0",0,1,"6lzg",0,"A","TYR",41,"","",False,1,1,1,"6","370","A","B","pdbfiles/pdb6lzg.ent","pdbs/6lzg.A.pdb",-36.077999114990234,14.680999755859375,0.08799999952316284
1,"1.0",0,2,"6lzg",0,"B","THR",500,"","",True,1,1,1,"6","370","A","B","pdbfiles/pdb6lzg.ent","pdbs/6lzg.A.pdb",-37.3489990234375,12.496000289916992,1.1109999418258667
1,"1.0",0,3,"6m0j",0,"A","TYR",41,"","",False,1,1,1,"19","371","A","E","pdbfiles/pdb6m0j.ent","pdbs/6m0j.A.pdb",-36.20500183105469,14.944000244140625,0.12999999523162842
1,"1.0",0,4,"6m0j",0,"E","THR",500,"","",True,1,1,1,"19","371","A","E","pdbfiles/pdb6m0j.ent","pdbs/6m0j.A.pdb",-37.34700012207031,12.72599983215332,1.1820000410079956
1,"1.0",0,5,"7bh9",0,"A","TYR",41,"","",False,1,1,1,"29","372","A","E","pdbfiles/pdb7bh9.ent","pdbs/7bh9.A.pdb",192.2760009765625,185.25799560546875,198.46099853515625
1,"1.0",0,6,"7bh9",0,"E","THR",500,"","",True,1,1,1,"29","372","A","E","pdbfiles/pdb7bh9.ent","pdbs/7bh9.A.pdb",193.54800415039062,187.46299743652344,198.7480010986328
1,"1.0",0,7,"7dhx",0,"A","TYR",41,"","",False,1,1,1,"35","373","A","B","pdbfiles/pdb7dhx.ent","pdbs/7dhx.A.pdb",22.520999908447266,4.313000202178955,56.63800048828125
1,"1.0",0,8,"7dhx",0,"B","THR",500,"","",True,1,1,1,"35","373","A","B","pdbfiles/pdb7dhx.ent","pdbs/7dhx.A.pdb",22.434999465942383,1.9559999704360962,57.76300048828125
1,"1.0",0,9,"7e3j",0,"A","TYR",41,"","",False,1,1,1,"50","374","A","B","pdbfiles/pdb7e3j.ent","pdbs/7e3j.A.pdb",-91.11499786376953,22.354999542236328,-29.621999740600586
1,"1.0",0,10,"7e3j",0,"B","THR",500,"","",True,1,1,1,"50","374","A","B","pdbfiles/pdb7e3j.ent","pdbs/7e3j.A.pdb",-91.97200012207031,20.586999893188477,-31.04400062561035
1,"1.0",0,11,"7efp",0,"A","TYR",41,"","",False,1,1,1,"62","375","A","B","pdbfiles/pdb7efp.ent","pdbs/7efp.A.pdb",-44.066001892089844,-27.562999725341797,-36.33300018310547
1,"1.0",0,12,"7efp",0,"B","THR",500,"","",True,1,1,1,"62","375","A","B","pdbfiles/pdb7efp.ent","pdbs/7efp.A.pdb",-46.31800079345703,-28.2549991607666,-37.112998962402344
1,"1.0",0,13,"7efr",0,"A","TYR",41,"","",False,1,1,1,"76","376","A","B","pdbfiles/pdb7efr.ent","pdbs/7efr.A.pdb",27.493000030517578,43.72100067138672,36.19900131225586
1,"1.0",0,14,"7efr",0,"B","THR",500,"","",True,1,1,1,"76","376","A","B","pdbfiles/pdb7efr.ent","pdbs/7efr.A.pdb",28.31999969482422,46.33300018310547,36.922000885009766
1,"1.0",0,15,"7ekc",0,"A","TYR",41,"","",False,1,1,1,"91","377","A","B","pdbfiles/pdb7ekc.ent","pdbs/7ekc.A.pdb",-35.395999908447266,14.381999969482422,-0.18000000715255737
1,"1.0",0,16,"7ekc",0,"B","THR",500,"","",True,1,1,1,"91","377","A","B","pdbfiles/pdb7ekc.ent","pdbs/7ekc.A.pdb",-36.691001892089844,12.248000144958496,0.9509999752044678
1,"1.0",0,17,"7eke",0,"A","TYR",41,"","",False,1,1,1,"105","378","A","B","pdbfiles/pdb7eke.ent","pdbs/7eke.A.pdb",-35.96799850463867,14.611000061035156,0.0010000000474974513
1,"1.0",0,18,"7eke",0,"B","THR",500,"","",True,1,1,1,"105","378","A","B","pdbfiles/pdb7eke.ent","pdbs/7eke.A.pdb",-37.31800079345703,12.456000328063965,1.0829999446868896
1,"1.0",0,19,"7ekf",0,"A","TYR",41,"","",False,1,1,1,"117","379","A","B","pdbfiles/pdb7ekf.ent","pdbs/7ekf.A.pdb",-36.3849983215332,14.27299976348877,-0.5640000104904175
1,"1.0",0,20,"7ekf",0,"B","THR",500,"","",True,1,1,1,"117","379","A","B","pdbfiles/pdb7ekf.ent","pdbs/7ekf.A.pdb",-37.43600082397461,12.168999671936035,0.5410000085830688
1,"1.0",0,21,"7ekg",0,"A","HIS",34,"","",False,1,1,1,"123","380","A","B","pdbfiles/pdb7ekg.ent","pdbs/7ekg.A.pdb",-34.44599914550781,29.145999908447266,3.3350000381469727
1,"1.0",0,22,"7ekg",0,"A","TYR",41,"","",False,1,1,1,"125","381","A","B","pdbfiles/pdb7ekg.ent","pdbs/7ekg.A.pdb",-36.91699981689453,14.609999656677246,-0.5979999899864197
1,"1.0",0,23,"7ekg",0,"B","TYR",453,"","",True,1,1,1,"123","380","A","B","pdbfiles/pdb7ekg.ent","pdbs/7ekg.A.pdb",-35.76900100708008,29.069000244140625,5.684000015258789
1,"1.0",0,24,"7ekg",0,"B","THR",500,"","",True,1,1,1,"125","381","A","B","pdbfiles/pdb7ekg.ent","pdbs/7ekg.A.pdb",-38.06100082397461,12.550999641418457,0.7639999985694885
1,"1.0",0,25,"7ekh",0,"A","TYR",41,"","",False,1,1,1,"138","382","A","B","pdbfiles/pdb7ekh.ent","pdbs/7ekh.A.pdb",-35.52899932861328,14.8149995803833,0.4429999887943268
1,"1.0",0,26,"7ekh",0,"B","THR",500,"","",True,1,1,1,"138","382","A","B","pdbfiles/pdb7ekh.ent","pdbs/7ekh.A.pdb",-36.683998107910156,12.734000205993652,1.3839999437332153
1,"1.0",0,27,"7lo4",0,"A","HIS",34,"","",False,1,1,1,"158","383","A","B","pdbfiles/pdb7lo4.ent","pdbs/7lo4.A.pdb",1.7869999408721924,7.677999973297119,-58.4640007019043
1,"1.0",0,28,"7lo4",0,"A","TYR",41,"","",False,1,1,1,"162","384","A","B","pdbfiles/pdb7lo4.ent","pdbs/7lo4.A.pdb",-9.682000160217285,7.60099983215332,-50.07899856567383
1,"1.0",0,29,"7lo4",0,"B","TYR",453,"","",True,1,1,1,"158","383","A","B","pdbfiles/pdb7lo4.ent","pdbs/7lo4.A.pdb",2.122999906539917,8.020999908447266,-61.268001556396484
1,"1.0",0,30,"7lo4",0,"B","THR",500,"","",True,1,1,1,"162","384","A","B","pdbfiles/pdb7lo4.ent","pdbs/7lo4.A.pdb",-11.39799976348877,5.5960001945495605,-49.78499984741211
1,"1.0",0,31,"7pki",0,"A","TYR",41,"","",False,1,1,1,"174","385","A","E","pdbfiles/pdb7pki.ent","pdbs/7pki.A.pdb",81.39800262451172,111.29900360107422,9.12399959564209
1,"1.0",0,32,"7pki",0,"E","THR",496,"","",True,1,1,1,"174","385","A","E","pdbfiles/pdb7pki.ent","pdbs/7pki.A.pdb",83.21099853515625,112.71099853515625,10.357999801635742
1,"1.0",0,33,"7sxy",0,"B","THR",500,"","",False,1,1,1,"196","386","B","E","pdbfiles/pdb7sxy.ent","pdbs/7sxy.B.pdb",224.70199584960938,159.88600158691406,252.21600341796875
1,"1.0",0,34,"7sxy",0,"E","TYR",41,"","",True,1,1,1,"196","386","B","E","pdbfiles/pdb7sxy.ent","pdbs/7sxy.B.pdb",224.2270050048828,161.71499633789062,253.5570068359375
1,"1.0",0,35,"7sy0",0,"B","TYR",453,"","",False,1,1,1,"202","387","B","E","pdbfiles/pdb7sy0.ent","pdbs/7sy0.B.pdb",225.625,176.93099975585938,251.10800170898438
1,"1.0",0,36,"7sy0",0,"B","THR",500,"","",False,1,1,1,"207","388","B","E","pdbfiles/pdb7sy0.ent","pdbs/7sy0.B.pdb",225.23800659179688,159.6790008544922,252.27000427246094
1,"1.0",0,37,"7sy0",0,"E","HIS",34,"","",True,1,1,1,"202","387","B","E","pdbfiles/pdb7sy0.ent","pdbs/7sy0.B.pdb",226.677001953125,176.53500366210938,253.5030059814453
1,"1.0",0,38,"7sy0",0,"E","TYR",41,"","",True,1,1,1,"207","388","B","E","pdbfiles/pdb7sy0.ent","pdbs/7sy0.B.pdb",224.76699829101562,161.51800537109375,253.5590057373047
1,"1.0",0,39,"7sy6",0,"B","THR",500,"","",False,1,1,1,"215","389","B","E","pdbfiles/pdb7sy6.ent","pdbs/7sy6.B.pdb",225.77200317382812,158.7779998779297,252.58399963378906
1,"1.0",0,40,"7sy6",0,"E","TYR",41,"","",True,1,1,1,"215","389","B","E","pdbfiles/pdb7sy6.ent","pdbs/7sy6.B.pdb",225.11300659179688,160.56399536132812,254.072998046875
1,"1.0",0,41,"7t9l",0,"A","THR",500,"","",False,1,1,1,"225","390","A","D","pdbfiles/pdb7t9l.ent","pdbs/7t9l.A.pdb",227.7689971923828,158.0780029296875,253.01699829101562
1,"1.0",0,42,"7t9l",0,"D","TYR",41,"","",True,1,1,1,"225","390","A","D","pdbfiles/pdb7t9l.ent","pdbs/7t9l.A.pdb",226.82400512695312,159.22799682617188,254.8939971923828
1,"1.0",0,43,"7v84",0,"A","THR",500,"","",False,1,1,1,"230","391","A","F","pdbfiles/pdb7v84.ent","pdbs/7v84.A.pdb",206.66700744628906,183.15199279785156,184.52200317382812
1,"1.0",0,44,"7v84",0,"F","TYR",41,"","",True,1,1,1,"230","391","A","F","pdbfiles/pdb7v84.ent","pdbs/7v84.A.pdb",205.7740020751953,184.79400634765625,183.10299682617188
1,"1.0",0,45,"7w9i",0,"A","TYR",41,"","",False,1,1,1,"255","392","A","E","pdbfiles/pdb7w9i.ent","pdbs/7w9i.A.pdb",210.5290069580078,145.02000427246094,271.0010070800781
1,"1.0",0,46,"7w9i",0,"E","THR",500,"","",True,1,1,1,"255","392","A","E","pdbfiles/pdb7w9i.ent","pdbs/7w9i.A.pdb",210.947998046875,143.18299865722656,269.3489990234375
1,"1.0",0,47,"7wa1",0,"A","TYR",41,"","",False,1,1,1,"268","393","A","B","pdbfiles/pdb7wa1.ent","pdbs/7wa1.A.pdb",109.19000244140625,123.55699920654297,98.3489990234375
1,"1.0",0,48,"7wa1",0,"B","THR",500,"","",True,1,1,1,"268","393","A","B","pdbfiles/pdb7wa1.ent","pdbs/7wa1.A.pdb",107.14399719238281,124.91300201416016,98.20999908447266
1,"1.0",0,49,"7wnm",0,"A","THR",500,"","",True,1,1,1,"279","394","B","A","pdbfiles/pdb7wnm.ent","pdbs/7wnm.B.pdb",-44.22700119018555,17.21299934387207,18.22800064086914
1,"1.0",0,50,"7wnm",0,"B","TYR",41,"","",False,1,1,1,"279","394","B","A","pdbfiles/pdb7wnm.ent","pdbs/7wnm.B.pdb",-43.915000915527344,19.457000732421875,17.094999313354492
1,"1.0",0,51,"7wpb",0,"A","THR",497,"","",False,1,1,1,"304","395","A","D","pdbfiles/pdb7wpb.ent","pdbs/7wpb.A.pdb",191.63999938964844,165.08399963378906,260.5929870605469
1,"1.0",0,52,"7wpb",0,"D","TYR",41,"","",True,1,1,1,"304","395","A","D","pdbfiles/pdb7wpb.ent","pdbs/7wpb.A.pdb",192.3470001220703,167.0260009765625,262.0320129394531
1,"1.0",0,53,"7wse",0,"A","TYR",41,"","",False,1,1,1,"318","396","A","B","pdbfiles/pdb7wse.ent","pdbs/7wse.A.pdb",117.88300323486328,112.24700164794922,125.49700164794922
1,"1.0",0,54,"7wse",0,"B","THR",500,"","",True,1,1,1,"318","396","A","B","pdbfiles/pdb7wse.ent","pdbs/7wse.A.pdb",119.9219970703125,113.45099639892578,125.74400329589844
1,"1.0",0,55,"7wsh",0,"A","TYR",41,"","",False,1,1,1,"330","397","A","B","pdbfiles/pdb7wsh.ent","pdbs/7wsh.A.pdb",109.20800018310547,120.7490005493164,139.2010040283203
1,"1.0",0,56,"7wsh",0,"B","THR",500,"","",True,1,1,1,"330","397","A","B","pdbfiles/pdb7wsh.ent","pdbs/7wsh.A.pdb",107.25199890136719,119.24299621582031,139.86099243164062
1,"1.0",0,57,"7xo9",0,"A","THR",500,"","",False,1,1,1,"348","398","A","D","pdbfiles/pdb7xo9.ent","pdbs/7xo9.A.pdb",192.63099670410156,164.61900329589844,261.0780029296875
1,"1.0",0,58,"7xo9",0,"D","TYR",41,"","",True,1,1,1,"348","398","A","D","pdbfiles/pdb7xo9.ent","pdbs/7xo9.A.pdb",192.8470001220703,166.84800720214844,262.15301513671875
1,"1.0",0,59,"7xoc",0,"A","THR",500,"","",True,1,1,1,"359","399","D","A","pdbfiles/pdb7xoc.ent","pdbs/7xoc.D.pdb",193.73399353027344,164.8679962158203,261.27801513671875
1,"1.0",0,60,"7xoc",0,"D","TYR",41,"","",False,1,1,1,"359","399","D","A","pdbfiles/pdb7xoc.ent","pdbs/7xoc.D.pdb",194.96099853515625,166.49400329589844,262.239013671875
1,"1.0",0,61,"8dlq",0,"B","THR",500,"","",False,1,1,1,"369","400","B","E","pdbfiles/pdb8dlq.ent","pdbs/8dlq.B.pdb",225.125,159.7259979248047,252.08299255371094
1,"1.0",0,62,"8dlq",0,"E","TYR",41,"","",True,1,1,1,"369","400","B","E","pdbfiles/pdb8dlq.ent","pdbs/8dlq.B.pdb",223.8820037841797,161.16000366210938,253.85400390625
1,"1.0",0,63,"8dm6",0,"A","THR",500,"","",False,1,1,1,"377","401","A","D","pdbfiles/pdb8dm6.ent","pdbs/8dm6.A.pdb",225.6529998779297,157.2310028076172,255.45199584960938
1,"1.0",0,64,"8dm6",0,"D","TYR",41,"","",True,1,1,1,"377","401","A","D","pdbfiles/pdb8dm6.ent","pdbs/8dm6.A.pdb",224.4709930419922,158.65699768066406,257.4700012207031
1,"1.0",0,65,"8dm8",0,"A","THR",500,"","",False,1,1,1,"385","402","A","D","pdbfiles/pdb8dm8.ent","pdbs/8dm8.A.pdb",225.2729949951172,157.56300354003906,255.7310028076172
1,"1.0",0,66,"8dm8",0,"D","TYR",41,"","",True,1,1,1,"385","402","A","D","pdbfiles/pdb8dm8.ent","pdbs/8dm8.A.pdb",224.66900634765625,158.96099853515625,257.5199890136719
1,"1.0",0,67,"8dma",0,"A","THR",500,"","",False,1,1,1,"393","403","A","D","pdbfiles/pdb8dma.ent","pdbs/8dma.A.pdb",224.95700073242188,157.781005859375,255.86900329589844
1,"1.0",0,68,"8dma",0,"D","TYR",41,"","",True,1,1,1,"393","403","A","D","pdbfiles/pdb8dma.ent","pdbs/8dma.A.pdb",224.3260040283203,159.08900451660156,257.6659851074219
2,"0.7",0,1,"7spp",0,"A","GLU",484,"","",False,8,8,1,"186","452;453;454;455;456;457;458;459","A","C","pdbfiles/pdb7spp.ent","pdbs/7spp.A.pdb",27.01900005340576,-15.78600025177002,13.816999912261963
2,"0.7",0,2,"7spp",0,"C","ARG",67,"","",True,8,8,1,"186","452;453;454;455;456;457;458;459","A","C","pdbfiles/pdb7spp.ent","pdbs/7spp.A.pdb",24.54349946975708,-13.372000217437744,15.116250038146973
2,"0.7",0,3,"7bh9",0,"A","ASP",38,"","",False,7,7,1,"28","410;411;412;413;414;415;416","A","E","pdbfiles/pdb7bh9.ent","pdbs/7bh9.A.pdb",189.19042750767298,178.6825714111328,204.0051487513951
2,"0.7",0,4,"7bh9",0,"E","ARG",498,"","",True,7,7,1,"28","410;411;412;413;414;415;416","A","E","pdbfiles/pdb7bh9.ent","pdbs/7bh9.A.pdb",193.0271453857422,180.97142900739397,202.82800074986048
2,"0.7",0,5,"7t9l",0,"A","ARG",493,"","",False,7,7,1,"223","467;468;469;470;471;472;473","A","D","pdbfiles/pdb7t9l.ent","pdbs/7t9l.A.pdb",233.11286054338728,177.88528442382812,257.24329049246654
2,"0.7",0,6,"7t9l",0,"A","ARG",498,"","",False,7,7,1,"224","475;476;477;479;480;481;482","A","D","pdbfiles/pdb7t9l.ent","pdbs/7t9l.A.pdb",232.4028538295201,163.62000165666853,255.2028547014509
2,"0.7",0,7,"7t9l",0,"D","GLU",35,"","",True,7,7,1,"223","467;468;469;470;471;472;473","A","D","pdbfiles/pdb7t9l.ent","pdbs/7t9l.A.pdb",232.81571306501115,176.04071698869978,261.1137128557478
2,"0.7",0,8,"7t9l",0,"D","ASP",38,"","",True,7,7,1,"224","475;476;477;479;480;481;482","A","D","pdbfiles/pdb7t9l.ent","pdbs/7t9l.A.pdb",232.08628845214844,167.6164311000279,257.0517142159598
2,"0.7",0,9,"7xo6",0,"A","ARG",498,"","",True,7,7,1,"338","530;531;532;533;534;535;536","D","A","pdbfiles/pdb7xo6.ent","pdbs/7xo6.D.pdb",200.35642787388392,165.3844277518136,262.38428170340404
2,"0.7",0,10,"7xo6",0,"D","ASP",38,"","",False,7,7,1,"338","530;531;532;533;534;535;536","D","A","pdbfiles/pdb7xo6.ent","pdbs/7xo6.D.pdb",203.00142996651786,168.89399937220983,263.55128696986606
2,"0.7",0,11,"7xoc",0,"A","ARG",498,"","",True,7,7,1,"357","549;550;551;552;553;554;555","D","A","pdbfiles/pdb7xoc.ent","pdbs/7xoc.D.pdb",200.4902823311942,164.97285679408483,262.500008719308
2,"0.7",0,12,"7xoc",0,"D","ASP",38,"","",False,7,7,1,"357","549;550;551;552;553;554;555","D","A","pdbfiles/pdb7xoc.ent","pdbs/7xoc.D.pdb",203.20771135602678,168.72486005510603,263.436279296875
2,"0.7",0,13,"8dm6",0,"A","ARG",493,"","",False,7,7,1,"376","568;569;570;571;572;573;574","A","D","pdbfiles/pdb8dm6.ent","pdbs/8dm6.A.pdb",230.83128574916296,178.17242867606026,260.6917201450893
2,"0.7",0,14,"8dm6",0,"A","ARG",498,"","",False,7,7,1,"371","557;561;562;564;565;566;567","A","D","pdbfiles/pdb8dm6.ent","pdbs/8dm6.A.pdb",230.11471339634485,163.0384303501674,257.9195643833705
2,"0.7",0,15,"8dm6",0,"D","GLU",35,"","",True,7,7,1,"376","568;569;570;571;572;573;574","A","D","pdbfiles/pdb8dm6.ent","pdbs/8dm6.A.pdb",230.72285679408483,175.27843366350447,264.0391409737723
2,"0.7",0,16,"8dm6",0,"D","ASP",38,"","",True,7,7,1,"371","557;561;562;564;565;566;567","A","D","pdbfiles/pdb8dm6.ent","pdbs/8dm6.A.pdb",229.79514639718192,167.06756809779577,259.7685764857701
2,"0.7",0,17,"8dm8",0,"A","ARG",493,"","",False,7,7,1,"384","584;585;586;587;588;589;590","A","D","pdbfiles/pdb8dm8.ent","pdbs/8dm8.A.pdb",230.46500287737166,178.40657261439733,260.5832824707031
2,"0.7",0,18,"8dm8",0,"A","ARG",498,"","",False,7,7,1,"380","575;576;577;578;579;580;581","A","D","pdbfiles/pdb8dm8.ent","pdbs/8dm8.A.pdb",230.20771135602678,163.0135716029576,257.964852469308
2,"0.7",0,19,"8dm8",0,"D","GLU",35,"","",True,7,7,1,"384","584;585;586;587;588;589;590","A","D","pdbfiles/pdb8dm8.ent","pdbs/8dm8.A.pdb",230.24657331194197,176.03657749720983,264.4317190987723
2,"0.7",0,20,"8dm8",0,"D","ASP",38,"","",True,7,7,1,"380","575;576;577;578;579;580;581","A","D","pdbfiles/pdb8dm8.ent","pdbs/8dm8.A.pdb",229.80057198660714,167.19000026157923,259.99801199776783
2,"0.7",0,21,"8dma",0,"A","ARG",493,"","",False,7,7,1,"392","601;602;603;604;605;606;607","A","D","pdbfiles/pdb8dma.ent","pdbs/8dma.A.pdb",230.6451416015625,178.7464316231864,260.70528738839283
2,"0.7",0,22,"8dma",0,"A","ARG",498,"","",False,7,7,1,"389","591;593;594;595;596;597;599","A","D","pdbfiles/pdb8dma.ent","pdbs/8dma.A.pdb",229.86671229771204,163.57728576660156,258.07357352120533
2,"0.7",0,23,"8dma",0,"D","GLU",35,"","",True,7,7,1,"392","601;602;603;604;605;606;607","A","D","pdbfiles/pdb8dma.ent","pdbs/8dma.A.pdb",231.00428553989954,175.01328604561942,263.72386387416293
2,"0.7",0,24,"8dma",0,"D","ASP",38,"","",True,7,7,1,"389","591;593;594;595;596;597;599","A","D","pdbfiles/pdb8dma.ent","pdbs/8dma.A.pdb",229.67814418247767,167.27442714146204,260.1222926548549
2,"0.7",0,25,"7wpb",0,"A","ARG",490,"","",False,6,6,1,"303","509;510;511;512;513;514","A","D","pdbfiles/pdb7wpb.ent","pdbs/7wpb.A.pdb",211.6490046183268,175.76449839274088,260.9135030110677
2,"0.7",0,26,"7wpb",0,"D","GLU",35,"","",True,6,6,1,"303","509;510;511;512;513;514","A","D","pdbfiles/pdb7wpb.ent","pdbs/7wpb.A.pdb",209.58433532714844,174.5336710611979,265.04298909505206
2,"0.7",0,27,"7wpb",0,"D","GLU",37,"","",True,6,6,1,"295","503;504;505;506;507;508","A","D","pdbfiles/pdb7wpb.ent","pdbs/7wpb.A.pdb",197.51950073242188,177.02249908447266,261.57350158691406
2,"0.7",0,28,"7xo9",0,"A","ARG",498,"","",False,6,6,1,"347","542;543;544;545;546;547","A","D","pdbfiles/pdb7xo9.ent","pdbs/7xo9.A.pdb",199.61583455403647,164.61700439453125,262.4743398030599
2,"0.7",0,29,"7xo9",0,"D","ASP",38,"","",True,6,6,1,"347","542;543;544;545;546;547","A","D","pdbfiles/pdb7xo9.ent","pdbs/7xo9.A.pdb",202.30499776204428,168.3376719156901,263.54632568359375
2,"0.7",0,30,"7xo9",0,"A","ARG",493,"","",False,5,5,1,"346","537;538;539;540;541","A","D","pdbfiles/pdb7xo9.ent","pdbs/7xo9.A.pdb",211.8179962158203,174.7136016845703,261.11640014648435
2,"0.7",0,31,"7xo9",0,"D","GLU",35,"","",True,5,5,1,"346","537;538;539;540;541","A","D","pdbfiles/pdb7xo9.ent","pdbs/7xo9.A.pdb",209.5387969970703,172.37159729003906,264.6205993652344
2,"0.7",0,32,"8dm6",0,"D","GLU",37,"","",True,5,5,1,"371","556;558;559;560;563","A","D","pdbfiles/pdb8dm6.ent","pdbs/8dm6.A.pdb",221.0679931640625,169.74099731445312,259.62799072265625
2,"0.7",0,33,"7wpa",0,"A","ARG",400,"","",False,4,4,1,"285","498;499;500;501","A","D","pdbfiles/pdb7wpa.ent","pdbs/7wpa.A.pdb",198.61924743652344,177.15450286865234,255.81649780273438
2,"0.7",0,34,"7wpa",0,"D","GLU",37,"","",True,4,4,1,"285","498;499;500;501","A","D","pdbfiles/pdb7wpa.ent","pdbs/7wpa.A.pdb",200.35174560546875,176.98474884033203,260.9114990234375
2,"0.7",0,35,"7wpb",0,"A","HIS",502,"","",False,4,4,1,"295","504;505;506;508","A","D","pdbfiles/pdb7wpb.ent","pdbs/7wpb.A.pdb",195.09500122070312,175.80449676513672,257.8580017089844
2,"0.7",0,36,"7wse",0,"A","GLU",37,"","",False,4,4,1,"315","517;518;519;520","A","B","pdbfiles/pdb7wse.ent","pdbs/7wse.A.pdb",107.75349807739258,107.86649703979492,130.41475296020508
2,"0.7",0,37,"7wse",0,"B","ARG",403,"","",True,4,4,1,"315","517;518;519;520","A","B","pdbfiles/pdb7wse.ent","pdbs/7wse.A.pdb",108.53300094604492,111.50675201416016,133.67874908447266
2,"0.7",0,38,"7dhx",0,"A","HIS",354,"","",False,3,3,1,"42","419;420;421","A","B","pdbfiles/pdb7dhx.ent","pdbs/7dhx.A.pdb",30.753666559855144,10.886333147684732,52.46233240763346
2,"0.7",0,39,"7dhx",0,"B","ASP",405,"","",True,3,3,1,"42","419;420;421","A","B","pdbfiles/pdb7dhx.ent","pdbs/7dhx.A.pdb",34.212666829427086,11.466666539510092,56.05333455403646
2,"0.7",0,40,"7e3j",0,"A","GLU",37,"","",False,3,3,1,"48","426;427;428","A","B","pdbfiles/pdb7e3j.ent","pdbs/7e3j.A.pdb",-93.0413335164388,30.51699956258138,-21.84000015258789
2,"0.7",0,41,"7e3j",0,"B","ARG",403,"","",True,3,3,1,"48","426;427;428","A","B","pdbfiles/pdb7e3j.ent","pdbs/7e3j.A.pdb",-97.77499643961589,27.976332982381184,-20.784000396728516
2,"0.7",0,42,"7fc5",0,"A","GLU",37,"","",True,3,3,1,"144","444;445;446","E","A","pdbfiles/pdb7fc5.ent","pdbs/7fc5.E.pdb",7.3476667404174805,-40.00899887084961,-31.052000045776367
2,"0.7",0,43,"7fc5",0,"E","ARG",403,"","",False,3,3,1,"144","444;445;446","E","A","pdbfiles/pdb7fc5.ent","pdbs/7fc5.E.pdb",12.321666399637857,-37.91599909464518,-32.26366678873698
2,"0.7",0,44,"7wa1",0,"A","GLU",37,"","",False,3,3,1,"265","492;493;494","A","B","pdbfiles/pdb7wa1.ent","pdbs/7wa1.A.pdb",119.5770034790039,119.29000091552734,96.28199768066406
2,"0.7",0,45,"7wa1",0,"A","HIS",354,"","",False,3,3,1,"272","495;496;497","A","B","pdbfiles/pdb7wa1.ent","pdbs/7wa1.A.pdb",120.24000040690105,127.44833374023438,98.1010004679362
2,"0.7",0,46,"7wa1",0,"B","ARG",403,"","",True,3,3,1,"265","492;493;494","A","B","pdbfiles/pdb7wa1.ent","pdbs/7wa1.A.pdb",120.45633443196614,122.2296651204427,91.52200063069661
2,"0.7",0,47,"7wa1",0,"B","ASP",405,"","",True,3,3,1,"272","495;496;497","A","B","pdbfiles/pdb7wa1.ent","pdbs/7wa1.A.pdb",121.0193354288737,127.35433451334636,93.39200083414714
2,"0.7",0,48,"7wsh",0,"A","HIS",354,"","",False,3,3,1,"333","524;525;526","A","B","pdbfiles/pdb7wsh.ent","pdbs/7wsh.A.pdb",120.26999918619792,117.1183344523112,140.08800252278647
2,"0.7",0,49,"7wsh",0,"B","ASP",405,"","",True,3,3,1,"333","524;525;526","A","B","pdbfiles/pdb7wsh.ent","pdbs/7wsh.A.pdb",121.18699900309245,116.91166687011719,144.28400166829428
2,"0.7",0,50,"7xo6",0,"A","HIS",505,"","",True,3,3,1,"337","527;528;529","D","A","pdbfiles/pdb7xo6.ent","pdbs/7xo6.D.pdb",196.11566670735678,175.677001953125,258.1923319498698
2,"0.7",0,51,"7xo6",0,"D","GLU",37,"","",False,3,3,1,"337","527;528;529","D","A","pdbfiles/pdb7xo6.ent","pdbs/7xo6.D.pdb",198.552001953125,176.74966430664062,262.1676737467448
2,"0.7",0,52,"8dm6",0,"A","ARG",403,"","",False,3,3,1,"371","558;560;563","A","D","pdbfiles/pdb8dm6.ent","pdbs/8dm6.A.pdb",222.61699930826822,170.3009999593099,254.29566446940103
2,"0.7",0,53,"8dma",0,"D","GLU",37,"","",True,3,3,1,"389","592;598;600","A","D","pdbfiles/pdb8dma.ent","pdbs/8dma.A.pdb",220.4459991455078,169.06399536132812,259.8219909667969
2,"0.7",0,54,"6m0j",0,"A","LYS",31,"","",False,2,2,1,"16","405;406","A","E","pdbfiles/pdb6m0j.ent","pdbs/6m0j.A.pdb",-41.29999923706055,33.82500076293945,2.015000104904175
2,"0.7",0,55,"6m0j",0,"E","GLU",484,"","",True,2,2,1,"16","405;406","A","E","pdbfiles/pdb6m0j.ent","pdbs/6m0j.A.pdb",-45.00250053405762,36.94999885559082,3.2179999351501465
2,"0.7",0,56,"7bh9",0,"A","ASP",30,"","",False,2,2,1,"27","408;409","A","E","pdbfiles/pdb7bh9.ent","pdbs/7bh9.A.pdb",173.4720001220703,174.9699935913086,208.76649475097656
2,"0.7",0,57,"7bh9",0,"E","LYS",417,"","",True,2,2,1,"27","408;409","A","E","pdbfiles/pdb7bh9.ent","pdbs/7bh9.A.pdb",172.99000549316406,178.6230010986328,211.31500244140625
2,"0.7",0,58,"7dhx",0,"A","GLU",30,"","",False,2,2,1,"34","417;418","A","B","pdbfiles/pdb7dhx.ent","pdbs/7dhx.A.pdb",28.24799919128418,26.81849956512451,61.15850067138672
2,"0.7",0,59,"7dhx",0,"B","LYS",417,"","",True,2,2,1,"34","417;418","A","B","pdbfiles/pdb7dhx.ent","pdbs/7dhx.A.pdb",29.71500015258789,24.952999114990234,63.81800079345703
2,"0.7",0,60,"7e3j",0,"A","GLU",30,"","",False,2,2,1,"44","422;423","A","B","pdbfiles/pdb7e3j.ent","pdbs/7e3j.A.pdb",-98.78100204467773,39.7549991607666,-15.273000240325928
2,"0.7",0,61,"7e3j",0,"A","LYS",31,"","",False,2,2,1,"46","424;425","A","B","pdbfiles/pdb7e3j.ent","pdbs/7e3j.A.pdb",-99.16999816894531,41.95100021362305,-26.975000381469727
2,"0.7",0,62,"7e3j",0,"B","LYS",417,"","",True,2,2,1,"44","422;423","A","B","pdbfiles/pdb7e3j.ent","pdbs/7e3j.A.pdb",-101.91600036621094,37.89099884033203,-15.753999710083008
2,"0.7",0,63,"7e3j",0,"B","GLU",484,"","",True,2,2,1,"46","424;425","A","B","pdbfiles/pdb7e3j.ent","pdbs/7e3j.A.pdb",-102.7869987487793,43.730499267578125,-29.818500518798828
2,"0.7",0,64,"7efp",0,"A","LYS",31,"","",False,2,2,1,"59","429;430","A","B","pdbfiles/pdb7efp.ent","pdbs/7efp.A.pdb",-37.60599899291992,-32.553001403808594,-17.007999420166016
2,"0.7",0,65,"7efp",0,"B","GLU",484,"","",True,2,2,1,"59","429;430","A","B","pdbfiles/pdb7efp.ent","pdbs/7efp.A.pdb",-39.52299880981445,-33.354000091552734,-12.439499855041504
2,"0.7",0,66,"7efr",0,"A","ASP",30,"","",False,2,2,1,"71","431;432","A","B","pdbfiles/pdb7efr.ent","pdbs/7efr.A.pdb",33.819000244140625,28.387500762939453,21.982999801635742
2,"0.7",0,67,"7efr",0,"B","LYS",417,"","",True,2,2,1,"71","431;432","A","B","pdbfiles/pdb7efr.ent","pdbs/7efr.A.pdb",37.472999572753906,28.273000717163086,21.80699920654297
2,"0.7",0,68,"7eke",0,"A","ASP",30,"","",False,2,2,1,"99","434;435","A","B","pdbfiles/pdb7eke.ent","pdbs/7eke.A.pdb",-30.675000190734863,35.35999870300293,3.1115000247955322
2,"0.7",0,69,"7eke",0,"A","LYS",31,"","",False,2,2,1,"100","436;437","A","B","pdbfiles/pdb7eke.ent","pdbs/7eke.A.pdb",-41.055999755859375,34.63800048828125,3.1429998874664307
2,"0.7",0,70,"7eke",0,"B","LYS",417,"","",True,2,2,1,"99","434;435","A","B","pdbfiles/pdb7eke.ent","pdbs/7eke.A.pdb",-30.749000549316406,35.73500061035156,6.388999938964844
2,"0.7",0,71,"7eke",0,"B","GLU",484,"","",True,2,2,1,"100","436;437","A","B","pdbfiles/pdb7eke.ent","pdbs/7eke.A.pdb",-45.690500259399414,36.76849937438965,3.333000063896179
2,"0.7",0,72,"7ekf",0,"A","ASP",30,"","",False,2,2,1,"112","439;440","A","B","pdbfiles/pdb7ekf.ent","pdbs/7ekf.A.pdb",-30.892499923706055,34.7814998626709,2.6134999990463257
2,"0.7",0,73,"7ekf",0,"B","LYS",417,"","",True,2,2,1,"112","439;440","A","B","pdbfiles/pdb7ekf.ent","pdbs/7ekf.A.pdb",-30.531999588012695,35.69300079345703,6.442999839782715
2,"0.7",0,74,"7fc5",0,"A","GLU",30,"","",True,2,2,1,"145","447;448","E","A","pdbfiles/pdb7fc5.ent","pdbs/7fc5.E.pdb",5.812000036239624,-32.80649948120117,-41.95949935913086
2,"0.7",0,75,"7fc5",0,"E","LYS",417,"","",False,2,2,1,"145","447;448","E","A","pdbfiles/pdb7fc5.ent","pdbs/7fc5.E.pdb",8.82699966430664,-31.503999710083008,-41.97100067138672
2,"0.7",0,76,"7lo4",0,"A","GLU",37,"","",False,2,2,1,"159","450;451","A","B","pdbfiles/pdb7lo4.ent","pdbs/7lo4.A.pdb",-1.597000002861023,13.409000396728516,-54.76599884033203
2,"0.7",0,77,"7lo4",0,"B","ARG",403,"","",True,2,2,1,"159","450;451","A","B","pdbfiles/pdb7lo4.ent","pdbs/7lo4.A.pdb",-3.8769999742507935,12.254000186920166,-59.72599983215332
2,"0.7",0,78,"7sxy",0,"B","LYS",417,"","",False,2,2,1,"189","461;462","B","E","pdbfiles/pdb7sxy.ent","pdbs/7sxy.B.pdb",220.6199951171875,184.59300231933594,251.51800537109375
2,"0.7",0,79,"7sxy",0,"E","ASP",30,"","",True,2,2,1,"189","461;462","B","E","pdbfiles/pdb7sxy.ent","pdbs/7sxy.B.pdb",219.50450134277344,183.8260040283203,255.45950317382812
2,"0.7",0,80,"7sy0",0,"B","LYS",417,"","",False,2,2,1,"200","464;465","B","E","pdbfiles/pdb7sy0.ent","pdbs/7sy0.B.pdb",220.88800048828125,184.54800415039062,251.63999938964844
2,"0.7",0,81,"7sy0",0,"E","ASP",30,"","",True,2,2,1,"200","464;465","B","E","pdbfiles/pdb7sy0.ent","pdbs/7sy0.B.pdb",219.75900268554688,183.56400299072266,255.4435043334961
2,"0.7",0,82,"7t9l",0,"A","HIS",505,"","",False,2,2,1,"224","474;478","A","D","pdbfiles/pdb7t9l.ent","pdbs/7t9l.A.pdb",221.5479965209961,167.26300048828125,252.66600036621094
2,"0.7",0,83,"7t9l",0,"D","GLU",37,"","",True,2,2,1,"224","474;478","A","D","pdbfiles/pdb7t9l.ent","pdbs/7t9l.A.pdb",223.25900268554688,170.21800231933594,256.74700927734375
2,"0.7",0,84,"7w8s",0,"A","GLU",30,"","",False,2,2,1,"244","484;485","A","B","pdbfiles/pdb7w8s.ent","pdbs/7w8s.A.pdb",129.57100677490234,128.3300018310547,168.0749969482422
2,"0.7",0,85,"7w8s",0,"A","HIS",354,"","",False,2,2,1,"248","487;488","A","B","pdbfiles/pdb7w8s.ent","pdbs/7w8s.A.pdb",139.22049713134766,144.43450164794922,160.50250244140625
2,"0.7",0,86,"7w8s",0,"B","ASP",405,"","",True,2,2,1,"248","487;488","A","B","pdbfiles/pdb7w8s.ent","pdbs/7w8s.A.pdb",137.3560028076172,143.73899841308594,165.68099975585938
2,"0.7",0,87,"7w8s",0,"B","LYS",417,"","",True,2,2,1,"244","484;485","A","B","pdbfiles/pdb7w8s.ent","pdbs/7w8s.A.pdb",131.40699768066406,130.03199768066406,171.10899353027344
2,"0.7",0,88,"7w9i",0,"A","ASP",30,"","",False,2,2,1,"251","489;490","A","E","pdbfiles/pdb7w9i.ent","pdbs/7w9i.A.pdb",215.56200408935547,167.17049407958984,273.60101318359375
2,"0.7",0,89,"7w9i",0,"E","LYS",417,"","",True,2,2,1,"251","489;490","A","E","pdbfiles/pdb7w9i.ent","pdbs/7w9i.A.pdb",217.20799255371094,167.98199462890625,269.5050048828125
2,"0.7",0,90,"7wpb",0,"A","ARG",400,"","",False,2,2,1,"295","503;507","A","D","pdbfiles/pdb7wpb.ent","pdbs/7wpb.A.pdb",198.76100158691406,177.3520050048828,256.1940002441406
2,"0.7",0,91,"7wse",0,"A","LYS",31,"","",False,2,2,1,"312","515;516","A","B","pdbfiles/pdb7wse.ent","pdbs/7wse.A.pdb",109.76399993896484,96.98999786376953,136.43699645996094
2,"0.7",0,92,"7wse",0,"B","GLU",484,"","",True,2,2,1,"312","515;516","A","B","pdbfiles/pdb7wse.ent","pdbs/7wse.A.pdb",111.76449966430664,93.26699829101562,139.39550018310547
2,"0.7",0,93,"7wsh",0,"A","GLU",30,"","",False,2,2,1,"325","521;522","A","B","pdbfiles/pdb7wsh.ent","pdbs/7wsh.A.pdb",127.75349807739258,129.3115005493164,144.0814971923828
2,"0.7",0,94,"7wsh",0,"B","LYS",417,"","",True,2,2,1,"325","521;522","A","B","pdbfiles/pdb7wsh.ent","pdbs/7wsh.A.pdb",127.66200256347656,130.35000610351562,148.73300170898438
2,"0.7",0,95,"8dm6",0,"A","HIS",505,"","",False,2,2,1,"371","556;559","A","D","pdbfiles/pdb8dm6.ent","pdbs/8dm6.A.pdb",219.67549896240234,167.11299896240234,255.2310028076172
2,"0.7",0,96,"8dm8",0,"A","HIS",505,"","",False,2,2,1,"380","582;583","A","D","pdbfiles/pdb8dm8.ent","pdbs/8dm8.A.pdb",219.2584991455078,167.04749298095703,255.07599639892578
2,"0.7",0,97,"8dm8",0,"D","GLU",37,"","",True,2,2,1,"380","582;583","A","D","pdbfiles/pdb8dm8.ent","pdbs/8dm8.A.pdb",220.61599731445312,168.95199584960938,259.62200927734375
2,"0.7",0,98,"8dma",0,"A","HIS",505,"","",False,2,2,1,"389","592;598","A","D","pdbfiles/pdb8dma.ent","pdbs/8dma.A.pdb",219.17300415039062,167.85800170898438,255.13500213623047
2,"0.7",0,99,"6lzg",0,"A","LYS",31,"","",False,1,1,1,"4","404","A","B","pdbfiles/pdb6lzg.ent","pdbs/6lzg.A.pdb",-41.31399917602539,34.992000579833984,2.9839999675750732
2,"0.7",0,100,"6lzg",0,"B","GLU",484,"","",True,1,1,1,"4","404","A","B","pdbfiles/pdb6lzg.ent","pdbs/6lzg.A.pdb",-45.055999755859375,36.86199951171875,3.0799999237060547
2,"0.7",0,101,"6m0j",0,"A","GLU",37,"","",False,1,1,1,"17","407","A","E","pdbfiles/pdb6m0j.ent","pdbs/6m0j.A.pdb",-31.849000930786133,25.106000900268555,-0.17100000381469727
2,"0.7",0,102,"6m0j",0,"E","ARG",403,"","",True,1,1,1,"17","407","A","E","pdbfiles/pdb6m0j.ent","pdbs/6m0j.A.pdb",-30.625,24.975000381469727,5.324999809265137
2,"0.7",0,103,"7efr",0,"A","GLU",37,"","",False,1,1,1,"74","433","A","B","pdbfiles/pdb7efr.ent","pdbs/7efr.A.pdb",28.93600082397461,34.87099838256836,29.579999923706055
2,"0.7",0,104,"7efr",0,"B","ARG",403,"","",True,1,1,1,"74","433","A","B","pdbfiles/pdb7efr.ent","pdbs/7efr.A.pdb",34.25199890136719,35.31800079345703,30.844999313354492
2,"0.7",0,105,"7eke",0,"A","GLU",37,"","",False,1,1,1,"102","438","A","B","pdbfiles/pdb7eke.ent","pdbs/7eke.A.pdb",-31.608999252319336,25.09600067138672,-0.32499998807907104
2,"0.7",0,106,"7eke",0,"B","ARG",403,"","",True,1,1,1,"102","438","A","B","pdbfiles/pdb7eke.ent","pdbs/7eke.A.pdb",-30.434999465942383,24.636999130249023,5.270999908447266
2,"0.7",0,107,"7ekf",0,"A","LYS",31,"","",False,1,1,1,"113","441","A","B","pdbfiles/pdb7ekf.ent","pdbs/7ekf.A.pdb",-41.07500076293945,33.13199996948242,0.9340000152587891
2,"0.7",0,108,"7ekf",0,"A","GLU",37,"","",False,1,1,1,"115","442","A","B","pdbfiles/pdb7ekf.ent","pdbs/7ekf.A.pdb",-31.849000930786133,24.881000518798828,0.17499999701976776
2,"0.7",0,109,"7ekf",0,"B","ARG",403,"","",True,1,1,1,"115","442","A","B","pdbfiles/pdb7ekf.ent","pdbs/7ekf.A.pdb",-29.93000030517578,24.708999633789062,5.620999813079834
2,"0.7",0,110,"7ekf",0,"B","GLU",484,"","",True,1,1,1,"113","441","A","B","pdbfiles/pdb7ekf.ent","pdbs/7ekf.A.pdb",-44.90299987792969,36.73699951171875,2.1419999599456787
2,"0.7",0,111,"7ekh",0,"A","LYS",31,"","",False,1,1,1,"136","443","A","B","pdbfiles/pdb7ekh.ent","pdbs/7ekh.A.pdb",-40.32600021362305,33.83399963378906,2.0230000019073486
2,"0.7",0,112,"7ekh",0,"B","GLU",484,"","",True,1,1,1,"136","443","A","B","pdbfiles/pdb7ekh.ent","pdbs/7ekh.A.pdb",-44.5,37.20199966430664,3.635999917984009
2,"0.7",0,113,"7fc5",0,"A","LYS",31,"","",True,1,1,1,"149","449","E","A","pdbfiles/pdb7fc5.ent","pdbs/7fc5.E.pdb",3.4839999675750732,-26.617000579833984,-31.924999237060547
2,"0.7",0,114,"7fc5",0,"E","GLU",484,"","",False,1,1,1,"149","449","E","A","pdbfiles/pdb7fc5.ent","pdbs/7fc5.E.pdb",1.8949999809265137,-22.58300018310547,-32.86899948120117
2,"0.7",0,115,"7sxy",0,"B","ARG",403,"","",False,1,1,1,"188","460","B","E","pdbfiles/pdb7sxy.ent","pdbs/7sxy.B.pdb",219.906005859375,174.2790069580078,249.61500549316406
2,"0.7",0,116,"7sxy",0,"B","GLU",484,"","",False,1,1,1,"191","463","B","E","pdbfiles/pdb7sxy.ent","pdbs/7sxy.B.pdb",233.12399291992188,183.30299377441406,258.0
2,"0.7",0,117,"7sxy",0,"E","LYS",31,"","",True,1,1,1,"191","463","B","E","pdbfiles/pdb7sxy.ent","pdbs/7sxy.B.pdb",229.8209991455078,180.29200744628906,257.9639892578125
2,"0.7",0,118,"7sxy",0,"E","GLU",37,"","",True,1,1,1,"188","460","B","E","pdbfiles/pdb7sxy.ent","pdbs/7sxy.B.pdb",220.5749969482422,172.79600524902344,255.0189971923828
2,"0.7",0,119,"7sy0",0,"B","GLU",484,"","",False,1,1,1,"203","466","B","E","pdbfiles/pdb7sy0.ent","pdbs/7sy0.B.pdb",233.39300537109375,183.33999633789062,258.0069885253906
2,"0.7",0,120,"7sy0",0,"E","LYS",31,"","",True,1,1,1,"203","466","B","E","pdbfiles/pdb7sy0.ent","pdbs/7sy0.B.pdb",230.0279998779297,180.23199462890625,258.2959899902344
2,"0.7",0,121,"7w6u",0,"A","LYS",31,"","",False,1,1,1,"235","483","A","B","pdbfiles/pdb7w6u.ent","pdbs/7w6u.A.pdb",-3.9509999752044678,69.677001953125,-3.503000020980835
2,"0.7",0,122,"7w6u",0,"B","GLU",484,"","",True,1,1,1,"235","483","A","B","pdbfiles/pdb7w6u.ent","pdbs/7w6u.A.pdb",-1.3200000524520874,74.63700103759766,-1.840000033378601
2,"0.7",0,123,"7w8s",0,"A","LYS",31,"","",False,1,1,1,"245","486","A","B","pdbfiles/pdb7w8s.ent","pdbs/7w8s.A.pdb",140.39100646972656,124.24700164794922,169.06399536132812
2,"0.7",0,124,"7w8s",0,"B","GLU",484,"","",True,1,1,1,"245","486","A","B","pdbfiles/pdb7w8s.ent","pdbs/7w8s.A.pdb",140.95599365234375,118.68900299072266,168.08299255371094
2,"0.7",0,125,"7w9i",0,"A","LYS",31,"","",False,1,1,1,"252","491","A","E","pdbfiles/pdb7w9i.ent","pdbs/7w9i.A.pdb",224.19200134277344,161.3719940185547,273.3550109863281
2,"0.7",0,126,"7w9i",0,"E","GLU",484,"","",True,1,1,1,"252","491","A","E","pdbfiles/pdb7w9i.ent","pdbs/7w9i.A.pdb",228.41200256347656,161.04400634765625,275.2799987792969
2,"0.7",0,127,"7wpa",0,"A","ARG",495,"","",False,1,1,1,"293","502","A","D","pdbfiles/pdb7wpa.ent","pdbs/7wpa.A.pdb",199.33999633789062,164.86399841308594,262.802001953125
2,"0.7",0,128,"7wpa",0,"D","ASP",38,"","",True,1,1,1,"293","502","A","D","pdbfiles/pdb7wpa.ent","pdbs/7wpa.A.pdb",202.18099975585938,169.3780059814453,263.5329895019531
2,"0.7",0,129,"7wsh",0,"A","LYS",31,"","",False,1,1,1,"327","523","A","B","pdbfiles/pdb7wsh.ent","pdbs/7wsh.A.pdb",119.1969985961914,137.802001953125,144.85699462890625
2,"0.7",0,130,"7wsh",0,"B","GLU",484,"","",True,1,1,1,"327","523","A","B","pdbfiles/pdb7wsh.ent","pdbs/7wsh.A.pdb",118.3489990234375,143.58399963378906,145.82400512695312
2,"0.7",0,131,"7xoc",0,"A","HIS",505,"","",True,1,1,1,"356","548","D","A","pdbfiles/pdb7xoc.ent","pdbs/7xoc.D.pdb",195.9949951171875,175.72799682617188,258.36700439453125
2,"0.7",0,132,"7xoc",0,"D","GLU",37,"","",False,1,1,1,"356","548","D","A","pdbfiles/pdb7xoc.ent","pdbs/7xoc.D.pdb",200.22300720214844,176.99600219726562,261.4880065917969
2,"0.7",0,133,"8dma",0,"A","ARG",403,"","",False,1,1,1,"389","600","A","D","pdbfiles/pdb8dma.ent","pdbs/8dma.A.pdb",221.06500244140625,170.81100463867188,254.6999969482422
2,"0.8",0,1,"7spp",0,"A","GLU",484,"","",False,8,8,1,"186","656;657;658;659;660;661;662;663","A","C","pdbfiles/pdb7spp.ent","pdbs/7spp.A.pdb",27.01900005340576,-15.78600025177002,13.816999912261963
2,"0.8",0,2,"7spp",0,"C","ARG",67,"","",True,8,8,1,"186","656;657;658;659;660;661;662;663","A","C","pdbfiles/pdb7spp.ent","pdbs/7spp.A.pdb",24.54349946975708,-13.372000217437744,15.116250038146973
2,"0.8",0,3,"7bh9",0,"A","ASP",38,"","",False,7,7,1,"28","614;615;616;617;618;619;620","A","E","pdbfiles/pdb7bh9.ent","pdbs/7bh9.A.pdb",189.19042750767298,178.6825714111328,204.0051487513951
2,"0.8",0,4,"7bh9",0,"E","ARG",498,"","",True,7,7,1,"28","614;615;616;617;618;619;620","A","E","pdbfiles/pdb7bh9.ent","pdbs/7bh9.A.pdb",193.0271453857422,180.97142900739397,202.82800074986048
2,"0.8",0,5,"7t9l",0,"A","ARG",493,"","",False,7,7,1,"223","671;672;673;674;675;676;677","A","D","pdbfiles/pdb7t9l.ent","pdbs/7t9l.A.pdb",233.11286054338728,177.88528442382812,257.24329049246654
2,"0.8",0,6,"7t9l",0,"A","ARG",498,"","",False,7,7,1,"224","679;680;681;683;684;685;686","A","D","pdbfiles/pdb7t9l.ent","pdbs/7t9l.A.pdb",232.4028538295201,163.62000165666853,255.2028547014509
2,"0.8",0,7,"7t9l",0,"D","GLU",35,"","",True,7,7,1,"223","671;672;673;674;675;676;677","A","D","pdbfiles/pdb7t9l.ent","pdbs/7t9l.A.pdb",232.81571306501115,176.04071698869978,261.1137128557478
2,"0.8",0,8,"7t9l",0,"D","ASP",38,"","",True,7,7,1,"224","679;680;681;683;684;685;686","A","D","pdbfiles/pdb7t9l.ent","pdbs/7t9l.A.pdb",232.08628845214844,167.6164311000279,257.0517142159598
2,"0.8",0,9,"7xo6",0,"A","ARG",498,"","",True,7,7,1,"338","734;735;736;737;738;739;740","D","A","pdbfiles/pdb7xo6.ent","pdbs/7xo6.D.pdb",200.35642787388392,165.3844277518136,262.38428170340404
2,"0.8",0,10,"7xo6",0,"D","ASP",38,"","",False,7,7,1,"338","734;735;736;737;738;739;740","D","A","pdbfiles/pdb7xo6.ent","pdbs/7xo6.D.pdb",203.00142996651786,168.89399937220983,263.55128696986606
2,"0.8",0,11,"7xoc",0,"A","ARG",498,"","",True,7,7,1,"357","753;754;755;756;757;758;759","D","A","pdbfiles/pdb7xoc.ent","pdbs/7xoc.D.pdb",200.4902823311942,164.97285679408483,262.500008719308
2,"0.8",0,12,"7xoc",0,"D","ASP",38,"","",False,7,7,1,"357","753;754;755;756;757;758;759","D","A","pdbfiles/pdb7xoc.ent","pdbs/7xoc.D.pdb",203.20771135602678,168.72486005510603,263.436279296875
2,"0.8",0,13,"8dm6",0,"A","ARG",493,"","",False,7,7,1,"376","772;773;774;775;776;777;778","A","D","pdbfiles/pdb8dm6.ent","pdbs/8dm6.A.pdb",230.83128574916296,178.17242867606026,260.6917201450893
2,"0.8",0,14,"8dm6",0,"A","ARG",498,"","",False,7,7,1,"371","761;765;766;768;769;770;771","A","D","pdbfiles/pdb8dm6.ent","pdbs/8dm6.A.pdb",230.11471339634485,163.0384303501674,257.9195643833705
2,"0.8",0,15,"8dm6",0,"D","GLU",35,"","",True,7,7,1,"376","772;773;774;775;776;777;778","A","D","pdbfiles/pdb8dm6.ent","pdbs/8dm6.A.pdb",230.72285679408483,175.27843366350447,264.0391409737723
2,"0.8",0,16,"8dm6",0,"D","ASP",38,"","",True,7,7,1,"371","761;765;766;768;769;770;771","A","D","pdbfiles/pdb8dm6.ent","pdbs/8dm6.A.pdb",229.79514639718192,167.06756809779577,259.7685764857701
2,"0.8",0,17,"8dm8",0,"A","ARG",493,"","",False,7,7,1,"384","788;789;790;791;792;793;794","A","D","pdbfiles/pdb8dm8.ent","pdbs/8dm8.A.pdb",230.46500287737166,178.40657261439733,260.5832824707031
2,"0.8",0,18,"8dm8",0,"A","ARG",498,"","",False,7,7,1,"380","779;780;781;782;783;784;785","A","D","pdbfiles/pdb8dm8.ent","pdbs/8dm8.A.pdb",230.20771135602678,163.0135716029576,257.964852469308
2,"0.8",0,19,"8dm8",0,"D","GLU",35,"","",True,7,7,1,"384","788;789;790;791;792;793;794","A","D","pdbfiles/pdb8dm8.ent","pdbs/8dm8.A.pdb",230.24657331194197,176.03657749720983,264.4317190987723
2,"0.8",0,20,"8dm8",0,"D","ASP",38,"","",True,7,7,1,"380","779;780;781;782;783;784;785","A","D","pdbfiles/pdb8dm8.ent","pdbs/8dm8.A.pdb",229.80057198660714,167.19000026157923,259.99801199776783
2,"0.8",0,21,"8dma",0,"A","ARG",493,"","",False,7,7,1,"392","805;806;807;808;809;810;811","A","D","pdbfiles/pdb8dma.ent","pdbs/8dma.A.pdb",230.6451416015625,178.7464316231864,260.70528738839283
2,"0.8",0,22,"8dma",0,"A","ARG",498,"","",False,7,7,1,"389","795;797;798;799;800;801;803","A","D","pdbfiles/pdb8dma.ent","pdbs/8dma.A.pdb",229.86671229771204,163.57728576660156,258.07357352120533
2,"0.8",0,23,"8dma",0,"D","GLU",35,"","",True,7,7,1,"392","805;806;807;808;809;810;811","A","D","pdbfiles/pdb8dma.ent","pdbs/8dma.A.pdb",231.00428553989954,175.01328604561942,263.72386387416293
2,"0.8",0,24,"8dma",0,"D","ASP",38,"","",True,7,7,1,"389","795;797;798;799;800;801;803","A","D","pdbfiles/pdb8dma.ent","pdbs/8dma.A.pdb",229.67814418247767,167.27442714146204,260.1222926548549
2,"0.8",0,25,"7wpb",0,"A","ARG",490,"","",False,6,6,1,"303","713;714;715;716;717;718","A","D","pdbfiles/pdb7wpb.ent","pdbs/7wpb.A.pdb",211.6490046183268,175.76449839274088,260.9135030110677
2,"0.8",0,26,"7wpb",0,"D","GLU",35,"","",True,6,6,1,"303","713;714;715;716;717;718","A","D","pdbfiles/pdb7wpb.ent","pdbs/7wpb.A.pdb",209.58433532714844,174.5336710611979,265.04298909505206
2,"0.8",0,27,"7wpb",0,"D","GLU",37,"","",True,6,6,1,"295","707;708;709;710;711;712","A","D","pdbfiles/pdb7wpb.ent","pdbs/7wpb.A.pdb",197.51950073242188,177.02249908447266,261.57350158691406
2,"0.8",0,28,"7xo9",0,"A","ARG",498,"","",False,6,6,1,"347","746;747;748;749;750;751","A","D","pdbfiles/pdb7xo9.ent","pdbs/7xo9.A.pdb",199.61583455403647,164.61700439453125,262.4743398030599
2,"0.8",0,29,"7xo9",0,"D","ASP",38,"","",True,6,6,1,"347","746;747;748;749;750;751","A","D","pdbfiles/pdb7xo9.ent","pdbs/7xo9.A.pdb",202.30499776204428,168.3376719156901,263.54632568359375
2,"0.8",0,30,"7xo9",0,"A","ARG",493,"","",False,5,5,1,"346","741;742;743;744;745","A","D","pdbfiles/pdb7xo9.ent","pdbs/7xo9.A.pdb",211.8179962158203,174.7136016845703,261.11640014648435
2,"0.8",0,31,"7xo9",0,"D","GLU",35,"","",True,5,5,1,"346","741;742;743;744;745","A","D","pdbfiles/pdb7xo9.ent","pdbs/7xo9.A.pdb",209.5387969970703,172.37159729003906,264.6205993652344
2,"0.8",0,32,"8dm6",0,"D","GLU",37,"","",True,5,5,1,"371","760;762;763;764;767","A","D","pdbfiles/pdb8dm6.ent","pdbs/8dm6.A.pdb",221.0679931640625,169.74099731445312,259.62799072265625
2,"0.8",0,33,"7wpa",0,"A","ARG",400,"","",False,4,4,1,"285","702;703;704;705","A","D","pdbfiles/pdb7wpa.ent","pdbs/7wpa.A.pdb",198.61924743652344,177.15450286865234,255.81649780273438
2,"0.8",0,34,"7wpa",0,"D","GLU",37,"","",True,4,4,1,"285","702;703;704;705","A","D","pdbfiles/pdb7wpa.ent","pdbs/7wpa.A.pdb",200.35174560546875,176.98474884033203,260.9114990234375
2,"0.8",0,35,"7wpb",0,"A","HIS",502,"","",False,4,4,1,"295","708;709;710;712","A","D","pdbfiles/pdb7wpb.ent","pdbs/7wpb.A.pdb",195.09500122070312,175.80449676513672,257.8580017089844
2,"0.8",0,36,"7wse",0,"A","GLU",37,"","",False,4,4,1,"315","721;722;723;724","A","B","pdbfiles/pdb7wse.ent","pdbs/7wse.A.pdb",107.75349807739258,107.86649703979492,130.41475296020508
2,"0.8",0,37,"7wse",0,"B","ARG",403,"","",True,4,4,1,"315","721;722;723;724","A","B","pdbfiles/pdb7wse.ent","pdbs/7wse.A.pdb",108.53300094604492,111.50675201416016,133.67874908447266
2,"0.8",0,38,"7dhx",0,"A","HIS",354,"","",False,3,3,1,"42","623;624;625","A","B","pdbfiles/pdb7dhx.ent","pdbs/7dhx.A.pdb",30.753666559855144,10.886333147684732,52.46233240763346
2,"0.8",0,39,"7dhx",0,"B","ASP",405,"","",True,3,3,1,"42","623;624;625","A","B","pdbfiles/pdb7dhx.ent","pdbs/7dhx.A.pdb",34.212666829427086,11.466666539510092,56.05333455403646
2,"0.8",0,40,"7e3j",0,"A","GLU",37,"","",False,3,3,1,"48","630;631;632","A","B","pdbfiles/pdb7e3j.ent","pdbs/7e3j.A.pdb",-93.0413335164388,30.51699956258138,-21.84000015258789
2,"0.8",0,41,"7e3j",0,"B","ARG",403,"","",True,3,3,1,"48","630;631;632","A","B","pdbfiles/pdb7e3j.ent","pdbs/7e3j.A.pdb",-97.77499643961589,27.976332982381184,-20.784000396728516
2,"0.8",0,42,"7fc5",0,"A","GLU",37,"","",True,3,3,1,"144","648;649;650","E","A","pdbfiles/pdb7fc5.ent","pdbs/7fc5.E.pdb",7.3476667404174805,-40.00899887084961,-31.052000045776367
2,"0.8",0,43,"7fc5",0,"E","ARG",403,"","",False,3,3,1,"144","648;649;650","E","A","pdbfiles/pdb7fc5.ent","pdbs/7fc5.E.pdb",12.321666399637857,-37.91599909464518,-32.26366678873698
2,"0.8",0,44,"7wa1",0,"A","GLU",37,"","",False,3,3,1,"265","696;697;698","A","B","pdbfiles/pdb7wa1.ent","pdbs/7wa1.A.pdb",119.5770034790039,119.29000091552734,96.28199768066406
2,"0.8",0,45,"7wa1",0,"A","HIS",354,"","",False,3,3,1,"272","699;700;701","A","B","pdbfiles/pdb7wa1.ent","pdbs/7wa1.A.pdb",120.24000040690105,127.44833374023438,98.1010004679362
2,"0.8",0,46,"7wa1",0,"B","ARG",403,"","",True,3,3,1,"265","696;697;698","A","B","pdbfiles/pdb7wa1.ent","pdbs/7wa1.A.pdb",120.45633443196614,122.2296651204427,91.52200063069661
2,"0.8",0,47,"7wa1",0,"B","ASP",405,"","",True,3,3,1,"272","699;700;701","A","B","pdbfiles/pdb7wa1.ent","pdbs/7wa1.A.pdb",121.0193354288737,127.35433451334636,93.39200083414714
2,"0.8",0,48,"7wsh",0,"A","HIS",354,"","",False,3,3,1,"333","728;729;730","A","B","pdbfiles/pdb7wsh.ent","pdbs/7wsh.A.pdb",120.26999918619792,117.1183344523112,140.08800252278647
2,"0.8",0,49,"7wsh",0,"B","ASP",405,"","",True,3,3,1,"333","728;729;730","A","B","pdbfiles/pdb7wsh.ent","pdbs/7wsh.A.pdb",121.18699900309245,116.91166687011719,144.28400166829428
2,"0.8",0,50,"7xo6",0,"A","HIS",505,"","",True,3,3,1,"337","731;732;733","D","A","pdbfiles/pdb7xo6.ent","pdbs/7xo6.D.pdb",196.11566670735678,175.677001953125,258.1923319498698
2,"0.8",0,51,"7xo6",0,"D","GLU",37,"","",False,3,3,1,"337","731;732;733","D","A","pdbfiles/pdb7xo6.ent","pdbs/7xo6.D.pdb",198.552001953125,176.74966430664062,262.1676737467448
2,"0.8",0,52,"8dm6",0,"A","ARG",403,"","",False,3,3,1,"371","762;764;767","A","D","pdbfiles/pdb8dm6.ent","pdbs/8dm6.A.pdb",222.61699930826822,170.3009999593099,254.29566446940103
2,"0.8",0,53,"8dma",0,"D","GLU",37,"","",True,3,3,1,"389","796;802;804","A","D","pdbfiles/pdb8dma.ent","pdbs/8dma.A.pdb",220.4459991455078,169.06399536132812,259.8219909667969
2,"0.8",0,54,"6m0j",0,"A","LYS",31,"","",False,2,2,1,"16","609;610","A","E","pdbfiles/pdb6m0j.ent","pdbs/6m0j.A.pdb",-41.29999923706055,33.82500076293945,2.015000104904175
2,"0.8",0,55,"6m0j",0,"E","GLU",484,"","",True,2,2,1,"16","609;610","A","E","pdbfiles/pdb6m0j.ent","pdbs/6m0j.A.pdb",-45.00250053405762,36.94999885559082,3.2179999351501465
2,"0.8",0,56,"7bh9",0,"A","ASP",30,"","",False,2,2,1,"27","612;613","A","E","pdbfiles/pdb7bh9.ent","pdbs/7bh9.A.pdb",173.4720001220703,174.9699935913086,208.76649475097656
2,"0.8",0,57,"7bh9",0,"E","LYS",417,"","",True,2,2,1,"27","612;613","A","E","pdbfiles/pdb7bh9.ent","pdbs/7bh9.A.pdb",172.99000549316406,178.6230010986328,211.31500244140625
2,"0.8",0,58,"7dhx",0,"A","GLU",30,"","",False,2,2,1,"34","621;622","A","B","pdbfiles/pdb7dhx.ent","pdbs/7dhx.A.pdb",28.24799919128418,26.81849956512451,61.15850067138672
2,"0.8",0,59,"7dhx",0,"B","LYS",417,"","",True,2,2,1,"34","621;622","A","B","pdbfiles/pdb7dhx.ent","pdbs/7dhx.A.pdb",29.71500015258789,24.952999114990234,63.81800079345703
2,"0.8",0,60,"7e3j",0,"A","GLU",30,"","",False,2,2,1,"44","626;627","A","B","pdbfiles/pdb7e3j.ent","pdbs/7e3j.A.pdb",-98.78100204467773,39.7549991607666,-15.273000240325928
2,"0.8",0,61,"7e3j",0,"A","LYS",31,"","",False,2,2,1,"46","628;629","A","B","pdbfiles/pdb7e3j.ent","pdbs/7e3j.A.pdb",-99.16999816894531,41.95100021362305,-26.975000381469727
2,"0.8",0,62,"7e3j",0,"B","LYS",417,"","",True,2,2,1,"44","626;627","A","B","pdbfiles/pdb7e3j.ent","pdbs/7e3j.A.pdb",-101.91600036621094,37.89099884033203,-15.753999710083008
2,"0.8",0,63,"7e3j",0,"B","GLU",484,"","",True,2,2,1,"46","628;629","A","B","pdbfiles/pdb7e3j.ent","pdbs/7e3j.A.pdb",-102.7869987487793,43.730499267578125,-29.818500518798828
2,"0.8",0,64,"7efp",0,"A","LYS",31,"","",False,2,2,1,"59","633;634","A","B","pdbfiles/pdb7efp.ent","pdbs/7efp.A.pdb",-37.60599899291992,-32.553001403808594,-17.007999420166016
2,"0.8",0,65,"7efp",0,"B","GLU",484,"","",True,2,2,1,"59","633;634","A","B","pdbfiles/pdb7efp.ent","pdbs/7efp.A.pdb",-39.52299880981445,-33.354000091552734,-12.439499855041504
2,"0.8",0,66,"7efr",0,"A","ASP",30,"","",False,2,2,1,"71","635;636","A","B","pdbfiles/pdb7efr.ent","pdbs/7efr.A.pdb",33.819000244140625,28.387500762939453,21.982999801635742
2,"0.8",0,67,"7efr",0,"B","LYS",417,"","",True,2,2,1,"71","635;636","A","B","pdbfiles/pdb7efr.ent","pdbs/7efr.A.pdb",37.472999572753906,28.273000717163086,21.80699920654297
2,"0.8",0,68,"7eke",0,"A","ASP",30,"","",False,2,2,1,"99","638;639","A","B","pdbfiles/pdb7eke.ent","pdbs/7eke.A.pdb",-30.675000190734863,35.35999870300293,3.1115000247955322
2,"0.8",0,69,"7eke",0,"A","LYS",31,"","",False,2,2,1,"100","640;641","A","B","pdbfiles/pdb7eke.ent","pdbs/7eke.A.pdb",-41.055999755859375,34.63800048828125,3.1429998874664307
2,"0.8",0,70,"7eke",0,"B","LYS",417,"","",True,2,2,1,"99","638;639","A","B","pdbfiles/pdb7eke.ent","pdbs/7eke.A.pdb",-30.749000549316406,35.73500061035156,6.388999938964844
2,"0.8",0,71,"7eke",0,"B","GLU",484,"","",True,2,2,1,"100","640;641","A","B","pdbfiles/pdb7eke.ent","pdbs/7eke.A.pdb",-45.690500259399414,36.76849937438965,3.333000063896179
2,"0.8",0,72,"7ekf",0,"A","ASP",30,"","",False,2,2,1,"112","643;644","A","B","pdbfiles/pdb7ekf.ent","pdbs/7ekf.A.pdb",-30.892499923706055,34.7814998626709,2.6134999990463257
2,"0.8",0,73,"7ekf",0,"B","LYS",417,"","",True,2,2,1,"112","643;644","A","B","pdbfiles/pdb7ekf.ent","pdbs/7ekf.A.pdb",-30.531999588012695,35.69300079345703,6.442999839782715
2,"0.8",0,74,"7fc5",0,"A","GLU",30,"","",True,2,2,1,"145","651;652","E","A","pdbfiles/pdb7fc5.ent","pdbs/7fc5.E.pdb",5.812000036239624,-32.80649948120117,-41.95949935913086
2,"0.8",0,75,"7fc5",0,"E","LYS",417,"","",False,2,2,1,"145","651;652","E","A","pdbfiles/pdb7fc5.ent","pdbs/7fc5.E.pdb",8.82699966430664,-31.503999710083008,-41.97100067138672
2,"0.8",0,76,"7lo4",0,"A","GLU",37,"","",False,2,2,1,"159","654;655","A","B","pdbfiles/pdb7lo4.ent","pdbs/7lo4.A.pdb",-1.597000002861023,13.409000396728516,-54.76599884033203
2,"0.8",0,77,"7lo4",0,"B","ARG",403,"","",True,2,2,1,"159","654;655","A","B","pdbfiles/pdb7lo4.ent","pdbs/7lo4.A.pdb",-3.8769999742507935,12.254000186920166,-59.72599983215332
2,"0.8",0,78,"7sxy",0,"B","LYS",417,"","",False,2,2,1,"189","665;666","B","E","pdbfiles/pdb7sxy.ent","pdbs/7sxy.B.pdb",220.6199951171875,184.59300231933594,251.51800537109375
2,"0.8",0,79,"7sxy",0,"E","ASP",30,"","",True,2,2,1,"189","665;666","B","E","pdbfiles/pdb7sxy.ent","pdbs/7sxy.B.pdb",219.50450134277344,183.8260040283203,255.45950317382812
2,"0.8",0,80,"7sy0",0,"B","LYS",417,"","",False,2,2,1,"200","668;669","B","E","pdbfiles/pdb7sy0.ent","pdbs/7sy0.B.pdb",220.88800048828125,184.54800415039062,251.63999938964844
2,"0.8",0,81,"7sy0",0,"E","ASP",30,"","",True,2,2,1,"200","668;669","B","E","pdbfiles/pdb7sy0.ent","pdbs/7sy0.B.pdb",219.75900268554688,183.56400299072266,255.4435043334961
2,"0.8",0,82,"7t9l",0,"A","HIS",505,"","",False,2,2,1,"224","678;682","A","D","pdbfiles/pdb7t9l.ent","pdbs/7t9l.A.pdb",221.5479965209961,167.26300048828125,252.66600036621094
2,"0.8",0,83,"7t9l",0,"D","GLU",37,"","",True,2,2,1,"224","678;682","A","D","pdbfiles/pdb7t9l.ent","pdbs/7t9l.A.pdb",223.25900268554688,170.21800231933594,256.74700927734375
2,"0.8",0,84,"7w8s",0,"A","GLU",30,"","",False,2,2,1,"244","688;689","A","B","pdbfiles/pdb7w8s.ent","pdbs/7w8s.A.pdb",129.57100677490234,128.3300018310547,168.0749969482422
2,"0.8",0,85,"7w8s",0,"A","HIS",354,"","",False,2,2,1,"248","691;692","A","B","pdbfiles/pdb7w8s.ent","pdbs/7w8s.A.pdb",139.22049713134766,144.43450164794922,160.50250244140625
2,"0.8",0,86,"7w8s",0,"B","ASP",405,"","",True,2,2,1,"248","691;692","A","B","pdbfiles/pdb7w8s.ent","pdbs/7w8s.A.pdb",137.3560028076172,143.73899841308594,165.68099975585938
2,"0.8",0,87,"7w8s",0,"B","LYS",417,"","",True,2,2,1,"244","688;689","A","B","pdbfiles/pdb7w8s.ent","pdbs/7w8s.A.pdb",131.40699768066406,130.03199768066406,171.10899353027344
2,"0.8",0,88,"7w9i",0,"A","ASP",30,"","",False,2,2,1,"251","693;694","A","E","pdbfiles/pdb7w9i.ent","pdbs/7w9i.A.pdb",215.56200408935547,167.17049407958984,273.60101318359375
2,"0.8",0,89,"7w9i",0,"E","LYS",417,"","",True,2,2,1,"251","693;694","A","E","pdbfiles/pdb7w9i.ent","pdbs/7w9i.A.pdb",217.20799255371094,167.98199462890625,269.5050048828125
2,"0.8",0,90,"7wpb",0,"A","ARG",400,"","",False,2,2,1,"295","707;711","A","D","pdbfiles/pdb7wpb.ent","pdbs/7wpb.A.pdb",198.76100158691406,177.3520050048828,256.1940002441406
2,"0.8",0,91,"7wse",0,"A","LYS",31,"","",False,2,2,1,"312","719;720","A","B","pdbfiles/pdb7wse.ent","pdbs/7wse.A.pdb",109.76399993896484,96.98999786376953,136.43699645996094
2,"0.8",0,92,"7wse",0,"B","GLU",484,"","",True,2,2,1,"312","719;720","A","B","pdbfiles/pdb7wse.ent","pdbs/7wse.A.pdb",111.76449966430664,93.26699829101562,139.39550018310547
2,"0.8",0,93,"7wsh",0,"A","GLU",30,"","",False,2,2,1,"325","725;726","A","B","pdbfiles/pdb7wsh.ent","pdbs/7wsh.A.pdb",127.75349807739258,129.3115005493164,144.0814971923828
2,"0.8",0,94,"7wsh",0,"B","LYS",417,"","",True,2,2,1,"325","725;726","A","B","pdbfiles/pdb7wsh.ent","pdbs/7wsh.A.pdb",127.66200256347656,130.35000610351562,148.73300170898438
2,"0.8",0,95,"8dm6",0,"A","HIS",505,"","",False,2,2,1,"371","760;763","A","D","pdbfiles/pdb8dm6.ent","pdbs/8dm6.A.pdb",219.67549896240234,167.11299896240234,255.2310028076172
2,"0.8",0,96,"8dm8",0,"A","HIS",505,"","",False,2,2,1,"380","786;787","A","D","pdbfiles/pdb8dm8.ent","pdbs/8dm8.A.pdb",219.2584991455078,167.04749298095703,255.07599639892578
2,"0.8",0,97,"8dm8",0,"D","GLU",37,"","",True,2,2,1,"380","786;787","A","D","pdbfiles/pdb8dm8.ent","pdbs/8dm8.A.pdb",220.61599731445312,168.95199584960938,259.62200927734375
2,"0.8",0,98,"8dma",0,"A","HIS",505,"","",False,2,2,1,"389","796;802","A","D","pdbfiles/pdb8dma.ent","pdbs/8dma.A.pdb",219.17300415039062,167.85800170898438,255.13500213623047
2,"0.8",0,99,"6lzg",0,"A","LYS",31,"","",False,1,1,1,"4","608","A","B","pdbfiles/pdb6lzg.ent","pdbs/6lzg.A.pdb",-41.31399917602539,34.992000579833984,2.9839999675750732
2,"0.8",0,100,"6lzg",0,"B","GLU",484,"","",True,1,1,1,"4","608","A","B","pdbfiles/pdb6lzg.ent","pdbs/6lzg.A.pdb",-45.055999755859375,36.86199951171875,3.0799999237060547
2,"0.8",0,101,"6m0j",0,"A","GLU",37,"","",False,1,1,1,"17","611","A","E","pdbfiles/pdb6m0j.ent","pdbs/6m0j.A.pdb",-31.849000930786133,25.106000900268555,-0.17100000381469727
2,"0.8",0,102,"6m0j",0,"E","ARG",403,"","",True,1,1,1,"17","611","A","E","pdbfiles/pdb6m0j.ent","pdbs/6m0j.A.pdb",-30.625,24.975000381469727,5.324999809265137
2,"0.8",0,103,"7efr",0,"A","GLU",37,"","",False,1,1,1,"74","637","A","B","pdbfiles/pdb7efr.ent","pdbs/7efr.A.pdb",28.93600082397461,34.87099838256836,29.579999923706055
2,"0.8",0,104,"7efr",0,"B","ARG",403,"","",True,1,1,1,"74","637","A","B","pdbfiles/pdb7efr.ent","pdbs/7efr.A.pdb",34.25199890136719,35.31800079345703,30.844999313354492
2,"0.8",0,105,"7eke",0,"A","GLU",37,"","",False,1,1,1,"102","642","A","B","pdbfiles/pdb7eke.ent","pdbs/7eke.A.pdb",-31.608999252319336,25.09600067138672,-0.32499998807907104
2,"0.8",0,106,"7eke",0,"B","ARG",403,"","",True,1,1,1,"102","642","A","B","pdbfiles/pdb7eke.ent","pdbs/7eke.A.pdb",-30.434999465942383,24.636999130249023,5.270999908447266
2,"0.8",0,107,"7ekf",0,"A","LYS",31,"","",False,1,1,1,"113","645","A","B","pdbfiles/pdb7ekf.ent","pdbs/7ekf.A.pdb",-41.07500076293945,33.13199996948242,0.9340000152587891
2,"0.8",0,108,"7ekf",0,"A","GLU",37,"","",False,1,1,1,"115","646","A","B","pdbfiles/pdb7ekf.ent","pdbs/7ekf.A.pdb",-31.849000930786133,24.881000518798828,0.17499999701976776
2,"0.8",0,109,"7ekf",0,"B","ARG",403,"","",True,1,1,1,"115","646","A","B","pdbfiles/pdb7ekf.ent","pdbs/7ekf.A.pdb",-29.93000030517578,24.708999633789062,5.620999813079834
2,"0.8",0,110,"7ekf",0,"B","GLU",484,"","",True,1,1,1,"113","645","A","B","pdbfiles/pdb7ekf.ent","pdbs/7ekf.A.pdb",-44.90299987792969,36.73699951171875,2.1419999599456787
2,"0.8",0,111,"7ekh",0,"A","LYS",31,"","",False,1,1,1,"136","647","A","B","pdbfiles/pdb7ekh.ent","pdbs/7ekh.A.pdb",-40.32600021362305,33.83399963378906,2.0230000019073486
2,"0.8",0,112,"7ekh",0,"B","GLU",484,"","",True,1,1,1,"136","647","A","B","pdbfiles/pdb7ekh.ent","pdbs/7ekh.A.pdb",-44.5,37.20199966430664,3.635999917984009
2,"0.8",0,113,"7fc5",0,"A","LYS",31,"","",True,1,1,1,"149","653","E","A","pdbfiles/pdb7fc5.ent","pdbs/7fc5.E.pdb",3.4839999675750732,-26.617000579833984,-31.924999237060547
2,"0.8",0,114,"7fc5",0,"E","GLU",484,"","",False,1,1,1,"149","653","E","A","pdbfiles/pdb7fc5.ent","pdbs/7fc5.E.pdb",1.8949999809265137,-22.58300018310547,-32.86899948120117
2,"0.8",0,115,"7sxy",0,"B","ARG",403,"","",False,1,1,1,"188","664","B","E","pdbfiles/pdb7sxy.ent","pdbs/7sxy.B.pdb",219.906005859375,174.2790069580078,249.61500549316406
2,"0.8",0,116,"7sxy",0,"B","GLU",484,"","",False,1,1,1,"191","667","B","E","pdbfiles/pdb7sxy.ent","pdbs/7sxy.B.pdb",233.12399291992188,183.30299377441406,258.0
2,"0.8",0,117,"7sxy",0,"E","LYS",31,"","",True,1,1,1,"191","667","B","E","pdbfiles/pdb7sxy.ent","pdbs/7sxy.B.pdb",229.8209991455078,180.29200744628906,257.9639892578125
2,"0.8",0,118,"7sxy",0,"E","GLU",37,"","",True,1,1,1,"188","664","B","E","pdbfiles/pdb7sxy.ent","pdbs/7sxy.B.pdb",220.5749969482422,172.79600524902344,255.0189971923828
2,"0.8",0,119,"7sy0",0,"B","GLU",484,"","",False,1,1,1,"203","670","B","E","pdbfiles/pdb7sy0.ent","pdbs/7sy0.B.pdb",233.39300537109375,183.33999633789062,258.0069885253906
2,"0.8",0,120,"7sy0",0,"E","LYS",31,"","",True,1,1,1,"203","670","B","E","pdbfiles/pdb7sy0.ent","pdbs/7sy0.B.pdb",230.0279998779297,180.23199462890625,258.2959899902344
2,"0.8",0,121,"7w6u",0,"A","LYS",31,"","",False,1,1,1,"235","687","A","B","pdbfiles/pdb7w6u.ent","pdbs/7w6u.A.pdb",-3.9509999752044678,69.677001953125,-3.503000020980835
2,"0.8",0,122,"7w6u",0,"B","GLU",484,"","",True,1,1,1,"235","687","A","B","pdbfiles/pdb7w6u.ent","pdbs/7w6u.A.pdb",-1.3200000524520874,74.63700103759766,-1.840000033378601
2,"0.8",0,123,"7w8s",0,"A","LYS",31,"","",False,1,1,1,"245","690","A","B","pdbfiles/pdb7w8s.ent","pdbs/7w8s.A.pdb",140.39100646972656,124.24700164794922,169.06399536132812
2,"0.8",0,124,"7w8s",0,"B","GLU",484,"","",True,1,1,1,"245","690","A","B","pdbfiles/pdb7w8s.ent","pdbs/7w8s.A.pdb",140.95599365234375,118.68900299072266,168.08299255371094
2,"0.8",0,125,"7w9i",0,"A","LYS",31,"","",False,1,1,1,"252","695","A","E","pdbfiles/pdb7w9i.ent","pdbs/7w9i.A.pdb",224.19200134277344,161.3719940185547,273.3550109863281
2,"0.8",0,126,"7w9i",0,"E","GLU",484,"","",True,1,1,1,"252","695","A","E","pdbfiles/pdb7w9i.ent","pdbs/7w9i.A.pdb",228.41200256347656,161.04400634765625,275.2799987792969
2,"0.8",0,127,"7wpa",0,"A","ARG",495,"","",False,1,1,1,"293","706","A","D","pdbfiles/pdb7wpa.ent","pdbs/7wpa.A.pdb",199.33999633789062,164.86399841308594,262.802001953125
2,"0.8",0,128,"7wpa",0,"D","ASP",38,"","",True,1,1,1,"293","706","A","D","pdbfiles/pdb7wpa.ent","pdbs/7wpa.A.pdb",202.18099975585938,169.3780059814453,263.5329895019531
2,"0.8",0,129,"7wsh",0,"A","LYS",31,"","",False,1,1,1,"327","727","A","B","pdbfiles/pdb7wsh.ent","pdbs/7wsh.A.pdb",119.1969985961914,137.802001953125,144.85699462890625
2,"0.8",0,130,"7wsh",0,"B","GLU",484,"","",True,1,1,1,"327","727","A","B","pdbfiles/pdb7wsh.ent","pdbs/7wsh.A.pdb",118.3489990234375,143.58399963378906,145.82400512695312
2,"0.8",0,131,"7xoc",0,"A","HIS",505,"","",True,1,1,1,"356","752","D","A","pdbfiles/pdb7xoc.ent","pdbs/7xoc.D.pdb",195.9949951171875,175.72799682617188,258.36700439453125
2,"0.8",0,132,"7xoc",0,"D","GLU",37,"","",False,1,1,1,"356","752","D","A","pdbfiles/pdb7xoc.ent","pdbs/7xoc.D.pdb",200.22300720214844,176.99600219726562,261.4880065917969
2,"0.8",0,133,"8dma",0,"A","ARG",403,"","",False,1,1,1,"389","804","A","D","pdbfiles/pdb8dma.ent","pdbs/8dma.A.pdb",221.06500244140625,170.81100463867188,254.6999969482422
2,"0.9",0,1,"7spp",0,"A","GLU",484,"","",False,8,8,1,"186","860;861;862;863;864;865;866;867","A","C","pdbfiles/pdb7spp.ent","pdbs/7spp.A.pdb",27.01900005340576,-15.78600025177002,13.816999912261963
2,"0.9",0,2,"7spp",0,"C","ARG",67,"","",True,8,8,1,"186","860;861;862;863;864;865;866;867","A","C","pdbfiles/pdb7spp.ent","pdbs/7spp.A.pdb",24.54349946975708,-13.372000217437744,15.116250038146973
2,"0.9",0,3,"7bh9",0,"A","ASP",38,"","",False,7,7,1,"28","818;819;820;821;822;823;824","A","E","pdbfiles/pdb7bh9.ent","pdbs/7bh9.A.pdb",189.19042750767298,178.6825714111328,204.0051487513951
2,"0.9",0,4,"7bh9",0,"E","ARG",498,"","",True,7,7,1,"28","818;819;820;821;822;823;824","A","E","pdbfiles/pdb7bh9.ent","pdbs/7bh9.A.pdb",193.0271453857422,180.97142900739397,202.82800074986048
2,"0.9",0,5,"7t9l",0,"A","ARG",493,"","",False,7,7,1,"223","875;876;877;878;879;880;881","A","D","pdbfiles/pdb7t9l.ent","pdbs/7t9l.A.pdb",233.11286054338728,177.88528442382812,257.24329049246654
2,"0.9",0,6,"7t9l",0,"A","ARG",498,"","",False,7,7,1,"224","883;884;885;887;888;889;890","A","D","pdbfiles/pdb7t9l.ent","pdbs/7t9l.A.pdb",232.4028538295201,163.62000165666853,255.2028547014509
2,"0.9",0,7,"7t9l",0,"D","GLU",35,"","",True,7,7,1,"223","875;876;877;878;879;880;881","A","D","pdbfiles/pdb7t9l.ent","pdbs/7t9l.A.pdb",232.81571306501115,176.04071698869978,261.1137128557478
2,"0.9",0,8,"7t9l",0,"D","ASP",38,"","",True,7,7,1,"224","883;884;885;887;888;889;890","A","D","pdbfiles/pdb7t9l.ent","pdbs/7t9l.A.pdb",232.08628845214844,167.6164311000279,257.0517142159598
2,"0.9",0,9,"7xo6",0,"A","ARG",498,"","",True,7,7,1,"338","938;939;940;941;942;943;944","D","A","pdbfiles/pdb7xo6.ent","pdbs/7xo6.D.pdb",200.35642787388392,165.3844277518136,262.38428170340404
2,"0.9",0,10,"7xo6",0,"D","ASP",38,"","",False,7,7,1,"338","938;939;940;941;942;943;944","D","A","pdbfiles/pdb7xo6.ent","pdbs/7xo6.D.pdb",203.00142996651786,168.89399937220983,263.55128696986606
2,"0.9",0,11,"7xoc",0,"A","ARG",498,"","",True,7,7,1,"357","957;958;959;960;961;962;963","D","A","pdbfiles/pdb7xoc.ent","pdbs/7xoc.D.pdb",200.4902823311942,164.97285679408483,262.500008719308
2,"0.9",0,12,"7xoc",0,"D","ASP",38,"","",False,7,7,1,"357","957;958;959;960;961;962;963","D","A","pdbfiles/pdb7xoc.ent","pdbs/7xoc.D.pdb",203.20771135602678,168.72486005510603,263.436279296875
2,"0.9",0,13,"8dm6",0,"A","ARG",493,"","",False,7,7,1,"376","976;977;978;979;980;981;982","A","D","pdbfiles/pdb8dm6.ent","pdbs/8dm6.A.pdb",230.83128574916296,178.17242867606026,260.6917201450893
2,"0.9",0,14,"8dm6",0,"A","ARG",498,"","",False,7,7,1,"371","965;969;970;972;973;974;975","A","D","pdbfiles/pdb8dm6.ent","pdbs/8dm6.A.pdb",230.11471339634485,163.0384303501674,257.9195643833705
2,"0.9",0,15,"8dm6",0,"D","GLU",35,"","",True,7,7,1,"376","976;977;978;979;980;981;982","A","D","pdbfiles/pdb8dm6.ent","pdbs/8dm6.A.pdb",230.72285679408483,175.27843366350447,264.0391409737723
2,"0.9",0,16,"8dm6",0,"D","ASP",38,"","",True,7,7,1,"371","965;969;970;972;973;974;975","A","D","pdbfiles/pdb8dm6.ent","pdbs/8dm6.A.pdb",229.79514639718192,167.06756809779577,259.7685764857701
2,"0.9",0,17,"8dm8",0,"A","ARG",493,"","",False,7,7,1,"384","992;993;994;995;996;997;998","A","D","pdbfiles/pdb8dm8.ent","pdbs/8dm8.A.pdb",230.46500287737166,178.40657261439733,260.5832824707031
2,"0.9",0,18,"8dm8",0,"A","ARG",498,"","",False,7,7,1,"380","983;984;985;986;987;988;989","A","D","pdbfiles/pdb8dm8.ent","pdbs/8dm8.A.pdb",230.20771135602678,163.0135716029576,257.964852469308
2,"0.9",0,19,"8dm8",0,"D","GLU",35,"","",True,7,7,1,"384","992;993;994;995;996;997;998","A","D","pdbfiles/pdb8dm8.ent","pdbs/8dm8.A.pdb",230.24657331194197,176.03657749720983,264.4317190987723
2,"0.9",0,20,"8dm8",0,"D","ASP",38,"","",True,7,7,1,"380","983;984;985;986;987;988;989","A","D","pdbfiles/pdb8dm8.ent","pdbs/8dm8.A.pdb",229.80057198660714,167.19000026157923,259.99801199776783
2,"0.9",0,21,"8dma",0,"A","ARG",493,"","",False,7,7,1,"392","1009;1010;1011;1012;1013;1014;1015","A","D","pdbfiles/pdb8dma.ent","pdbs/8dma.A.pdb",230.6451416015625,178.7464316231864,260.70528738839283
2,"0.9",0,22,"8dma",0,"A","ARG",498,"","",False,7,7,1,"389","999;1001;1002;1003;1004;1005;1007","A","D","pdbfiles/pdb8dma.ent","pdbs/8dma.A.pdb",229.86671229771204,163.57728576660156,258.07357352120533
2,"0.9",0,23,"8dma",0,"D","GLU",35,"","",True,7,7,1,"392","1009;1010;1011;1012;1013;1014;1015","A","D","pdbfiles/pdb8dma.ent","pdbs/8dma.A.pdb",231.00428553989954,175.01328604561942,263.72386387416293
2,"0.9",0,24,"8dma",0,"D","ASP",38,"","",True,7,7,1,"389","999;1001;1002;1003;1004;1005;1007","A","D","pdbfiles/pdb8dma.ent","pdbs/8dma.A.pdb",229.67814418247767,167.27442714146204,260.1222926548549
2,"0.9",0,25,"7wpb",0,"A","ARG",490,"","",False,6,6,1,"303","917;918;919;920;921;922","A","D","pdbfiles/pdb7wpb.ent","pdbs/7wpb.A.pdb",211.6490046183268,175.76449839274088,260.9135030110677
2,"0.9",0,26,"7wpb",0,"D","GLU",35,"","",True,6,6,1,"303","917;918;919;920;921;922","A","D","pdbfiles/pdb7wpb.ent","pdbs/7wpb.A.pdb",209.58433532714844,174.5336710611979,265.04298909505206
2,"0.9",0,27,"7wpb",0,"D","GLU",37,"","",True,6,6,1,"295","911;912;913;914;915;916","A","D","pdbfiles/pdb7wpb.ent","pdbs/7wpb.A.pdb",197.51950073242188,177.02249908447266,261.57350158691406
2,"0.9",0,28,"7xo9",0,"A","ARG",498,"","",False,6,6,1,"347","950;951;952;953;954;955","A","D","pdbfiles/pdb7xo9.ent","pdbs/7xo9.A.pdb",199.61583455403647,164.61700439453125,262.4743398030599
2,"0.9",0,29,"7xo9",0,"D","ASP",38,"","",True,6,6,1,"347","950;951;952;953;954;955","A","D","pdbfiles/pdb7xo9.ent","pdbs/7xo9.A.pdb",202.30499776204428,168.3376719156901,263.54632568359375
2,"0.9",0,30,"7xo9",0,"A","ARG",493,"","",False,5,5,1,"346","945;946;947;948;949","A","D","pdbfiles/pdb7xo9.ent","pdbs/7xo9.A.pdb",211.8179962158203,174.7136016845703,261.11640014648435
2,"0.9",0,31,"7xo9",0,"D","GLU",35,"","",True,5,5,1,"346","945;946;947;948;949","A","D","pdbfiles/pdb7xo9.ent","pdbs/7xo9.A.pdb",209.5387969970703,172.37159729003906,264.6205993652344
2,"0.9",0,32,"8dm6",0,"D","GLU",37,"","",True,5,5,1,"371","964;966;967;968;971","A","D","pdbfiles/pdb8dm6.ent","pdbs/8dm6.A.pdb",221.0679931640625,169.74099731445312,259.62799072265625
2,"0.9",0,33,"7wpa",0,"A","ARG",400,"","",False,4,4,1,"285","906;907;908;909","A","D","pdbfiles/pdb7wpa.ent","pdbs/7wpa.A.pdb",198.61924743652344,177.15450286865234,255.81649780273438
2,"0.9",0,34,"7wpa",0,"D","GLU",37,"","",True,4,4,1,"285","906;907;908;909","A","D","pdbfiles/pdb7wpa.ent","pdbs/7wpa.A.pdb",200.35174560546875,176.98474884033203,260.9114990234375
2,"0.9",0,35,"7wpb",0,"A","HIS",502,"","",False,4,4,1,"295","912;913;914;916","A","D","pdbfiles/pdb7wpb.ent","pdbs/7wpb.A.pdb",195.09500122070312,175.80449676513672,257.8580017089844
2,"0.9",0,36,"7wse",0,"A","GLU",37,"","",False,4,4,1,"315","925;926;927;928","A","B","pdbfiles/pdb7wse.ent","pdbs/7wse.A.pdb",107.75349807739258,107.86649703979492,130.41475296020508
2,"0.9",0,37,"7wse",0,"B","ARG",403,"","",True,4,4,1,"315","925;926;927;928","A","B","pdbfiles/pdb7wse.ent","pdbs/7wse.A.pdb",108.53300094604492,111.50675201416016,133.67874908447266
2,"0.9",0,38,"7dhx",0,"A","HIS",354,"","",False,3,3,1,"42","827;828;829","A","B","pdbfiles/pdb7dhx.ent","pdbs/7dhx.A.pdb",30.753666559855144,10.886333147684732,52.46233240763346
2,"0.9",0,39,"7dhx",0,"B","ASP",405,"","",True,3,3,1,"42","827;828;829","A","B","pdbfiles/pdb7dhx.ent","pdbs/7dhx.A.pdb",34.212666829427086,11.466666539510092,56.05333455403646
2,"0.9",0,40,"7e3j",0,"A","GLU",37,"","",False,3,3,1,"48","834;835;836","A","B","pdbfiles/pdb7e3j.ent","pdbs/7e3j.A.pdb",-93.0413335164388,30.51699956258138,-21.84000015258789
2,"0.9",0,41,"7e3j",0,"B","ARG",403,"","",True,3,3,1,"48","834;835;836","A","B","pdbfiles/pdb7e3j.ent","pdbs/7e3j.A.pdb",-97.77499643961589,27.976332982381184,-20.784000396728516
2,"0.9",0,42,"7fc5",0,"A","GLU",37,"","",True,3,3,1,"144","852;853;854","E","A","pdbfiles/pdb7fc5.ent","pdbs/7fc5.E.pdb",7.3476667404174805,-40.00899887084961,-31.052000045776367
2,"0.9",0,43,"7fc5",0,"E","ARG",403,"","",False,3,3,1,"144","852;853;854","E","A","pdbfiles/pdb7fc5.ent","pdbs/7fc5.E.pdb",12.321666399637857,-37.91599909464518,-32.26366678873698
2,"0.9",0,44,"7wa1",0,"A","GLU",37,"","",False,3,3,1,"265","900;901;902","A","B","pdbfiles/pdb7wa1.ent","pdbs/7wa1.A.pdb",119.5770034790039,119.29000091552734,96.28199768066406
2,"0.9",0,45,"7wa1",0,"A","HIS",354,"","",False,3,3,1,"272","903;904;905","A","B","pdbfiles/pdb7wa1.ent","pdbs/7wa1.A.pdb",120.24000040690105,127.44833374023438,98.1010004679362
2,"0.9",0,46,"7wa1",0,"B","ARG",403,"","",True,3,3,1,"265","900;901;902","A","B","pdbfiles/pdb7wa1.ent","pdbs/7wa1.A.pdb",120.45633443196614,122.2296651204427,91.52200063069661
2,"0.9",0,47,"7wa1",0,"B","ASP",405,"","",True,3,3,1,"272","903;904;905","A","B","pdbfiles/pdb7wa1.ent","pdbs/7wa1.A.pdb",121.0193354288737,127.35433451334636,93.39200083414714
2,"0.9",0,48,"7wsh",0,"A","HIS",354,"","",False,3,3,1,"333","932;933;934","A","B","pdbfiles/pdb7wsh.ent","pdbs/7wsh.A.pdb",120.26999918619792,117.1183344523112,140.08800252278647
2,"0.9",0,49,"7wsh",0,"B","ASP",405,"","",True,3,3,1,"333","932;933;934","A","B","pdbfiles/pdb7wsh.ent","pdbs/7wsh.A.pdb",121.18699900309245,116.91166687011719,144.28400166829428
2,"0.9",0,50,"7xo6",0,"A","HIS",505,"","",True,3,3,1,"337","935;936;937","D","A","pdbfiles/pdb7xo6.ent","pdbs/7xo6.D.pdb",196.11566670735678,175.677001953125,258.1923319498698
2,"0.9",0,51,"7xo6",0,"D","GLU",37,"","",False,3,3,1,"337","935;936;937","D","A","pdbfiles/pdb7xo6.ent","pdbs/7xo6.D.pdb",198.552001953125,176.74966430664062,262.1676737467448
2,"0.9",0,52,"8dm6",0,"A","ARG",403,"","",False,3,3,1,"371","966;968;971","A","D","pdbfiles/pdb8dm6.ent","pdbs/8dm6.A.pdb",222.61699930826822,170.3009999593099,254.29566446940103
2,"0.9",0,53,"8dma",0,"D","GLU",37,"","",True,3,3,1,"389","1000;1006;1008","A","D","pdbfiles/pdb8dma.ent","pdbs/8dma.A.pdb",220.4459991455078,169.06399536132812,259.8219909667969
2,"0.9",0,54,"6m0j",0,"A","LYS",31,"","",False,2,2,1,"16","813;814","A","E","pdbfiles/pdb6m0j.ent","pdbs/6m0j.A.pdb",-41.29999923706055,33.82500076293945,2.015000104904175
2,"0.9",0,55,"6m0j",0,"E","GLU",484,"","",True,2,2,1,"16","813;814","A","E","pdbfiles/pdb6m0j.ent","pdbs/6m0j.A.pdb",-45.00250053405762,36.94999885559082,3.2179999351501465
2,"0.9",0,56,"7bh9",0,"A","ASP",30,"","",False,2,2,1,"27","816;817","A","E","pdbfiles/pdb7bh9.ent","pdbs/7bh9.A.pdb",173.4720001220703,174.9699935913086,208.76649475097656
2,"0.9",0,57,"7bh9",0,"E","LYS",417,"","",True,2,2,1,"27","816;817","A","E","pdbfiles/pdb7bh9.ent","pdbs/7bh9.A.pdb",172.99000549316406,178.6230010986328,211.31500244140625
2,"0.9",0,58,"7dhx",0,"A","GLU",30,"","",False,2,2,1,"34","825;826","A","B","pdbfiles/pdb7dhx.ent","pdbs/7dhx.A.pdb",28.24799919128418,26.81849956512451,61.15850067138672
2,"0.9",0,59,"7dhx",0,"B","LYS",417,"","",True,2,2,1,"34","825;826","A","B","pdbfiles/pdb7dhx.ent","pdbs/7dhx.A.pdb",29.71500015258789,24.952999114990234,63.81800079345703
2,"0.9",0,60,"7e3j",0,"A","GLU",30,"","",False,2,2,1,"44","830;831","A","B","pdbfiles/pdb7e3j.ent","pdbs/7e3j.A.pdb",-98.78100204467773,39.7549991607666,-15.273000240325928
2,"0.9",0,61,"7e3j",0,"A","LYS",31,"","",False,2,2,1,"46","832;833","A","B","pdbfiles/pdb7e3j.ent","pdbs/7e3j.A.pdb",-99.16999816894531,41.95100021362305,-26.975000381469727
2,"0.9",0,62,"7e3j",0,"B","LYS",417,"","",True,2,2,1,"44","830;831","A","B","pdbfiles/pdb7e3j.ent","pdbs/7e3j.A.pdb",-101.91600036621094,37.89099884033203,-15.753999710083008
2,"0.9",0,63,"7e3j",0,"B","GLU",484,"","",True,2,2,1,"46","832;833","A","B","pdbfiles/pdb7e3j.ent","pdbs/7e3j.A.pdb",-102.7869987487793,43.730499267578125,-29.818500518798828
2,"0.9",0,64,"7efp",0,"A","LYS",31,"","",False,2,2,1,"59","837;838","A","B","pdbfiles/pdb7efp.ent","pdbs/7efp.A.pdb",-37.60599899291992,-32.553001403808594,-17.007999420166016
2,"0.9",0,65,"7efp",0,"B","GLU",484,"","",True,2,2,1,"59","837;838","A","B","pdbfiles/pdb7efp.ent","pdbs/7efp.A.pdb",-39.52299880981445,-33.354000091552734,-12.439499855041504
2,"0.9",0,66,"7efr",0,"A","ASP",30,"","",False,2,2,1,"71","839;840","A","B","pdbfiles/pdb7efr.ent","pdbs/7efr.A.pdb",33.819000244140625,28.387500762939453,21.982999801635742
2,"0.9",0,67,"7efr",0,"B","LYS",417,"","",True,2,2,1,"71","839;840","A","B","pdbfiles/pdb7efr.ent","pdbs/7efr.A.pdb",37.472999572753906,28.273000717163086,21.80699920654297
2,"0.9",0,68,"7eke",0,"A","ASP",30,"","",False,2,2,1,"99","842;843","A","B","pdbfiles/pdb7eke.ent","pdbs/7eke.A.pdb",-30.675000190734863,35.35999870300293,3.1115000247955322
2,"0.9",0,69,"7eke",0,"A","LYS",31,"","",False,2,2,1,"100","844;845","A","B","pdbfiles/pdb7eke.ent","pdbs/7eke.A.pdb",-41.055999755859375,34.63800048828125,3.1429998874664307
2,"0.9",0,70,"7eke",0,"B","LYS",417,"","",True,2,2,1,"99","842;843","A","B","pdbfiles/pdb7eke.ent","pdbs/7eke.A.pdb",-30.749000549316406,35.73500061035156,6.388999938964844
2,"0.9",0,71,"7eke",0,"B","GLU",484,"","",True,2,2,1,"100","844;845","A","B","pdbfiles/pdb7eke.ent","pdbs/7eke.A.pdb",-45.690500259399414,36.76849937438965,3.333000063896179
2,"0.9",0,72,"7ekf",0,"A","ASP",30,"","",False,2,2,1,"112","847;848","A","B","pdbfiles/pdb7ekf.ent","pdbs/7ekf.A.pdb",-30.892499923706055,34.7814998626709,2.6134999990463257
2,"0.9",0,73,"7ekf",0,"B","LYS",417,"","",True,2,2,1,"112","847;848","A","B","pdbfiles/pdb7ekf.ent","pdbs/7ekf.A.pdb",-30.531999588012695,35.69300079345703,6.442999839782715
2,"0.9",0,74,"7fc5",0,"A","GLU",30,"","",True,2,2,1,"145","855;856","E","A","pdbfiles/pdb7fc5.ent","pdbs/7fc5.E.pdb",5.812000036239624,-32.80649948120117,-41.95949935913086
2,"0.9",0,75,"7fc5",0,"E","LYS",417,"","",False,2,2,1,"145","855;856","E","A","pdbfiles/pdb7fc5.ent","pdbs/7fc5.E.pdb",8.82699966430664,-31.503999710083008,-41.97100067138672
2,"0.9",0,76,"7lo4",0,"A","GLU",37,"","",False,2,2,1,"159","858;859","A","B","pdbfiles/pdb7lo4.ent","pdbs/7lo4.A.pdb",-1.597000002861023,13.409000396728516,-54.76599884033203
2,"0.9",0,77,"7lo4",0,"B","ARG",403,"","",True,2,2,1,"159","858;859","A","B","pdbfiles/pdb7lo4.ent","pdbs/7lo4.A.pdb",-3.8769999742507935,12.254000186920166,-59.72599983215332
2,"0.9",0,78,"7sxy",0,"B","LYS",417,"","",False,2,2,1,"189","869;870","B","E","pdbfiles/pdb7sxy.ent","pdbs/7sxy.B.pdb",220.6199951171875,184.59300231933594,251.51800537109375
2,"0.9",0,79,"7sxy",0,"E","ASP",30,"","",True,2,2,1,"189","869;870","B","E","pdbfiles/pdb7sxy.ent","pdbs/7sxy.B.pdb",219.50450134277344,183.8260040283203,255.45950317382812
2,"0.9",0,80,"7sy0",0,"B","LYS",417,"","",False,2,2,1,"200","872;873","B","E","pdbfiles/pdb7sy0.ent","pdbs/7sy0.B.pdb",220.88800048828125,184.54800415039062,251.63999938964844
2,"0.9",0,81,"7sy0",0,"E","ASP",30,"","",True,2,2,1,"200","872;873","B","E","pdbfiles/pdb7sy0.ent","pdbs/7sy0.B.pdb",219.75900268554688,183.56400299072266,255.4435043334961
2,"0.9",0,82,"7t9l",0,"A","HIS",505,"","",False,2,2,1,"224","882;886","A","D","pdbfiles/pdb7t9l.ent","pdbs/7t9l.A.pdb",221.5479965209961,167.26300048828125,252.66600036621094
2,"0.9",0,83,"7t9l",0,"D","GLU",37,"","",True,2,2,1,"224","882;886","A","D","pdbfiles/pdb7t9l.ent","pdbs/7t9l.A.pdb",223.25900268554688,170.21800231933594,256.74700927734375
2,"0.9",0,84,"7w8s",0,"A","GLU",30,"","",False,2,2,1,"244","892;893","A","B","pdbfiles/pdb7w8s.ent","pdbs/7w8s.A.pdb",129.57100677490234,128.3300018310547,168.0749969482422
2,"0.9",0,85,"7w8s",0,"A","HIS",354,"","",False,2,2,1,"248","895;896","A","B","pdbfiles/pdb7w8s.ent","pdbs/7w8s.A.pdb",139.22049713134766,144.43450164794922,160.50250244140625
2,"0.9",0,86,"7w8s",0,"B","ASP",405,"","",True,2,2,1,"248","895;896","A","B","pdbfiles/pdb7w8s.ent","pdbs/7w8s.A.pdb",137.3560028076172,143.73899841308594,165.68099975585938
2,"0.9",0,87,"7w8s",0,"B","LYS",417,"","",True,2,2,1,"244","892;893","A","B","pdbfiles/pdb7w8s.ent","pdbs/7w8s.A.pdb",131.40699768066406,130.03199768066406,171.10899353027344
2,"0.9",0,88,"7w9i",0,"A","ASP",30,"","",False,2,2,1,"251","897;898","A","E","pdbfiles/pdb7w9i.ent","pdbs/7w9i.A.pdb",215.56200408935547,167.17049407958984,273.60101318359375
2,"0.9",0,89,"7w9i",0,"E","LYS",417,"","",True,2,2,1,"251","897;898","A","E","pdbfiles/pdb7w9i.ent","pdbs/7w9i.A.pdb",217.20799255371094,167.98199462890625,269.5050048828125
2,"0.9",0,90,"7wpb",0,"A","ARG",400,"","",False,2,2,1,"295","911;915","A","D","pdbfiles/pdb7wpb.ent","pdbs/7wpb.A.pdb",198.76100158691406,177.3520050048828,256.1940002441406
2,"0.9",0,91,"7wse",0,"A","LYS",31,"","",False,2,2,1,"312","923;924","A","B","pdbfiles/pdb7wse.ent","pdbs/7wse.A.pdb",109.76399993896484,96.98999786376953,136.43699645996094
2,"0.9",0,92,"7wse",0,"B","GLU",484,"","",True,2,2,1,"312","923;924","A","B","pdbfiles/pdb7wse.ent","pdbs/7wse.A.pdb",111.76449966430664,93.26699829101562,139.39550018310547
2,"0.9",0,93,"7wsh",0,"A","GLU",30,"","",False,2,2,1,"325","929;930","A","B","pdbfiles/pdb7wsh.ent","pdbs/7wsh.A.pdb",127.75349807739258,129.3115005493164,144.0814971923828
2,"0.9",0,94,"7wsh",0,"B","LYS",417,"","",True,2,2,1,"325","929;930","A","B","pdbfiles/pdb7wsh.ent","pdbs/7wsh.A.pdb",127.66200256347656,130.35000610351562,148.73300170898438
2,"0.9",0,95,"8dm6",0,"A","HIS",505,"","",False,2,2,1,"371","964;967","A","D","pdbfiles/pdb8dm6.ent","pdbs/8dm6.A.pdb",219.67549896240234,167.11299896240234,255.2310028076172
2,"0.9",0,96,"8dm8",0,"A","HIS",505,"","",False,2,2,1,"380","990;991","A","D","pdbfiles/pdb8dm8.ent","pdbs/8dm8.A.pdb",219.2584991455078,167.04749298095703,255.07599639892578
2,"0.9",0,97,"8dm8",0,"D","GLU",37,"","",True,2,2,1,"380","990;991","A","D","pdbfiles/pdb8dm8.ent","pdbs/8dm8.A.pdb",220.61599731445312,168.95199584960938,259.62200927734375
2,"0.9",0,98,"8dma",0,"A","HIS",505,"","",False,2,2,1,"389","1000;1006","A","D","pdbfiles/pdb8dma.ent","pdbs/8dma.A.pdb",219.17300415039062,167.85800170898438,255.13500213623047
2,"0.9",0,99,"6lzg",0,"A","LYS",31,"","",False,1,1,1,"4","812","A","B","pdbfiles/pdb6lzg.ent","pdbs/6lzg.A.pdb",-41.31399917602539,34.992000579833984,2.9839999675750732
2,"0.9",0,100,"6lzg",0,"B","GLU",484,"","",True,1,1,1,"4","812","A","B","pdbfiles/pdb6lzg.ent","pdbs/6lzg.A.pdb",-45.055999755859375,36.86199951171875,3.0799999237060547
2,"0.9",0,101,"6m0j",0,"A","GLU",37,"","",False,1,1,1,"17","815","A","E","pdbfiles/pdb6m0j.ent","pdbs/6m0j.A.pdb",-31.849000930786133,25.106000900268555,-0.17100000381469727
2,"0.9",0,102,"6m0j",0,"E","ARG",403,"","",True,1,1,1,"17","815","A","E","pdbfiles/pdb6m0j.ent","pdbs/6m0j.A.pdb",-30.625,24.975000381469727,5.324999809265137
2,"0.9",0,103,"7efr",0,"A","GLU",37,"","",False,1,1,1,"74","841","A","B","pdbfiles/pdb7efr.ent","pdbs/7efr.A.pdb",28.93600082397461,34.87099838256836,29.579999923706055
2,"0.9",0,104,"7efr",0,"B","ARG",403,"","",True,1,1,1,"74","841","A","B","pdbfiles/pdb7efr.ent","pdbs/7efr.A.pdb",34.25199890136719,35.31800079345703,30.844999313354492
2,"0.9",0,105,"7eke",0,"A","GLU",37,"","",False,1,1,1,"102","846","A","B","pdbfiles/pdb7eke.ent","pdbs/7eke.A.pdb",-31.608999252319336,25.09600067138672,-0.32499998807907104
2,"0.9",0,106,"7eke",0,"B","ARG",403,"","",True,1,1,1,"102","846","A","B","pdbfiles/pdb7eke.ent","pdbs/7eke.A.pdb",-30.434999465942383,24.636999130249023,5.270999908447266
2,"0.9",0,107,"7ekf",0,"A","LYS",31,"","",False,1,1,1,"113","849","A","B","pdbfiles/pdb7ekf.ent","pdbs/7ekf.A.pdb",-41.07500076293945,33.13199996948242,0.9340000152587891
2,"0.9",0,108,"7ekf",0,"A","GLU",37,"","",False,1,1,1,"115","850","A","B","pdbfiles/pdb7ekf.ent","pdbs/7ekf.A.pdb",-31.849000930786133,24.881000518798828,0.17499999701976776
2,"0.9",0,109,"7ekf",0,"B","ARG",403,"","",True,1,1,1,"115","850","A","B","pdbfiles/pdb7ekf.ent","pdbs/7ekf.A.pdb",-29.93000030517578,24.708999633789062,5.620999813079834
2,"0.9",0,110,"7ekf",0,"B","GLU",484,"","",True,1,1,1,"113","849","A","B","pdbfiles/pdb7ekf.ent","pdbs/7ekf.A.pdb",-44.90299987792969,36.73699951171875,2.1419999599456787
2,"0.9",0,111,"7ekh",0,"A","LYS",31,"","",False,1,1,1,"136","851","A","B","pdbfiles/pdb7ekh.ent","pdbs/7ekh.A.pdb",-40.32600021362305,33.83399963378906,2.0230000019073486
2,"0.9",0,112,"7ekh",0,"B","GLU",484,"","",True,1,1,1,"136","851","A","B","pdbfiles/pdb7ekh.ent","pdbs/7ekh.A.pdb",-44.5,37.20199966430664,3.635999917984009
2,"0.9",0,113,"7fc5",0,"A","LYS",31,"","",True,1,1,1,"149","857","E","A","pdbfiles/pdb7fc5.ent","pdbs/7fc5.E.pdb",3.4839999675750732,-26.617000579833984,-31.924999237060547
2,"0.9",0,114,"7fc5",0,"E","GLU",484,"","",False,1,1,1,"149","857","E","A","pdbfiles/pdb7fc5.ent","pdbs/7fc5.E.pdb",1.8949999809265137,-22.58300018310547,-32.86899948120117
2,"0.9",0,115,"7sxy",0,"B","ARG",403,"","",False,1,1,1,"188","868","B","E","pdbfiles/pdb7sxy.ent","pdbs/7sxy.B.pdb",219.906005859375,174.2790069580078,249.61500549316406
2,"0.9",0,116,"7sxy",0,"B","GLU",484,"","",False,1,1,1,"191","871","B","E","pdbfiles/pdb7sxy.ent","pdbs/7sxy.B.pdb",233.12399291992188,183.30299377441406,258.0
2,"0.9",0,117,"7sxy",0,"E","LYS",31,"","",True,1,1,1,"191","871","B","E","pdbfiles/pdb7sxy.ent","pdbs/7sxy.B.pdb",229.8209991455078,180.29200744628906,257.9639892578125
2,"0.9",0,118,"7sxy",0,"E","GLU",37,"","",True,1,1,1,"188","868","B","E","pdbfiles/pdb7sxy.ent","pdbs/7sxy.B.pdb",220.5749969482422,172.79600524902344,255.0189971923828
2,"0.9",0,119,"7sy0",0,"B","GLU",484,"","",False,1,1,1,"203","874","B","E","pdbfiles/pdb7sy0.ent","pdbs/7sy0.B.pdb",233.39300537109375,183.33999633789062,258.0069885253906
2,"0.9",0,120,"7sy0",0,"E","LYS",31,"","",True,1,1,1,"203","874","B","E","pdbfiles/pdb7sy0.ent","pdbs/7sy0.B.pdb",230.0279998779297,180.23199462890625,258.2959899902344
2,"0.9",0,121,"7w6u",0,"A","LYS",31,"","",False,1,1,1,"235","891","A","B","pdbfiles/pdb7w6u.ent","pdbs/7w6u.A.pdb",-3.9509999752044678,69.677001953125,-3.503000020980835
2,"0.9",0,122,"7w6u",0,"B","GLU",484,"","",True,1,1,1,"235","891","A","B","pdbfiles/pdb7w6u.ent","pdbs/7w6u.A.pdb",-1.3200000524520874,74.63700103759766,-1.840000033378601
2,"0.9",0,123,"7w8s",0,"A","LYS",31,"","",False,1,1,1,"245","894","A","B","pdbfiles/pdb7w8s.ent","pdbs/7w8s.A.pdb",140.39100646972656,124.24700164794922,169.06399536132812
2,"0.9",0,124,"7w8s",0,"B","GLU",484,"","",True,1,1,1,"245","894","A","B","pdbfiles/pdb7w8s.ent","pdbs/7w8s.A.pdb",140.95599365234375,118.68900299072266,168.08299255371094
2,"0.9",0,125,"7w9i",0,"A","LYS",31,"","",False,1,1,1,"252","899","A","E","pdbfiles/pdb7w9i.ent","pdbs/7w9i.A.pdb",224.19200134277344,161.3719940185547,273.3550109863281
2,"0.9",0,126,"7w9i",0,"E","GLU",484,"","",True,1,1,1,"252","899","A","E","pdbfiles/pdb7w9i.ent","pdbs/7w9i.A.pdb",228.41200256347656,161.04400634765625,275.2799987792969
2,"0.9",0,127,"7wpa",0,"A","ARG",495,"","",False,1,1,1,"293","910","A","D","pdbfiles/pdb7wpa.ent","pdbs/7wpa.A.pdb",199.33999633789062,164.86399841308594,262.802001953125
2,"0.9",0,128,"7wpa",0,"D","ASP",38,"","",True,1,1,1,"293","910","A","D","pdbfiles/pdb7wpa.ent","pdbs/7wpa.A.pdb",202.18099975585938,169.3780059814453,263.5329895019531
2,"0.9",0,129,"7wsh",0,"A","LYS",31,"","",False,1,1,1,"327","931","A","B","pdbfiles/pdb7wsh.ent","pdbs/7wsh.A.pdb",119.1969985961914,137.802001953125,144.85699462890625
2,"0.9",0,130,"7wsh",0,"B","GLU",484,"","",True,1,1,1,"327","931","A","B","pdbfiles/pdb7wsh.ent","pdbs/7wsh.A.pdb",118.3489990234375,143.58399963378906,145.82400512695312
2,"0.9",0,131,"7xoc",0,"A","HIS",505,"","",True,1,1,1,"356","956","D","A","pdbfiles/pdb7xoc.ent","pdbs/7xoc.D.pdb",195.9949951171875,175.72799682617188,258.36700439453125
2,"0.9",0,132,"7xoc",0,"D","GLU",37,"","",False,1,1,1,"356","956","D","A","pdbfiles/pdb7xoc.ent","pdbs/7xoc.D.pdb",200.22300720214844,176.99600219726562,261.4880065917969
2,"0.9",0,133,"8dma",0,"A","ARG",403,"","",False,1,1,1,"389","1008","A","D","pdbfiles/pdb8dma.ent","pdbs/8dma.A.pdb",221.06500244140625,170.81100463867188,254.6999969482422
2,"1.0",0,1,"7spp",0,"A","GLU",484,"","",False,8,8,1,"186","1064;1065;1066;1067;1068;1069;1070;1071","A","C","pdbfiles/pdb7spp.ent","pdbs/7spp.A.pdb",27.01900005340576,-15.78600025177002,13.816999912261963
2,"1.0",0,2,"7spp",0,"C","ARG",67,"","",True,8,8,1,"186","1064;1065;1066;1067;1068;1069;1070;1071","A","C","pdbfiles/pdb7spp.ent","pdbs/7spp.A.pdb",24.54349946975708,-13.372000217437744,15.116250038146973
2,"1.0",0,3,"7bh9",0,"A","ASP",38,"","",False,7,7,1,"28","1022;1023;1024;1025;1026;1027;1028","A","E","pdbfiles/pdb7bh9.ent","pdbs/7bh9.A.pdb",189.19042750767298,178.6825714111328,204.0051487513951
2,"1.0",0,4,"7bh9",0,"E","ARG",498,"","",True,7,7,1,"28","1022;1023;1024;1025;1026;1027;1028","A","E","pdbfiles/pdb7bh9.ent","pdbs/7bh9.A.pdb",193.0271453857422,180.97142900739397,202.82800074986048
2,"1.0",0,5,"7t9l",0,"A","ARG",493,"","",False,7,7,1,"223","1079;1080;1081;1082;1083;1084;1085","A","D","pdbfiles/pdb7t9l.ent","pdbs/7t9l.A.pdb",233.11286054338728,177.88528442382812,257.24329049246654
2,"1.0",0,6,"7t9l",0,"A","ARG",498,"","",False,7,7,1,"224","1087;1088;1089;1091;1092;1093;1094","A","D","pdbfiles/pdb7t9l.ent","pdbs/7t9l.A.pdb",232.4028538295201,163.62000165666853,255.2028547014509
2,"1.0",0,7,"7t9l",0,"D","GLU",35,"","",True,7,7,1,"223","1079;1080;1081;1082;1083;1084;1085","A","D","pdbfiles/pdb7t9l.ent","pdbs/7t9l.A.pdb",232.81571306501115,176.04071698869978,261.1137128557478
2,"1.0",0,8,"7t9l",0,"D","ASP",38,"","",True,7,7,1,"224","1087;1088;1089;1091;1092;1093;1094","A","D","pdbfiles/pdb7t9l.ent","pdbs/7t9l.A.pdb",232.08628845214844,167.6164311000279,257.0517142159598
2,"1.0",0,9,"7xo6",0,"A","ARG",498,"","",True,7,7,1,"338","1142;1143;1144;1145;1146;1147;1148","D","A","pdbfiles/pdb7xo6.ent","pdbs/7xo6.D.pdb",200.35642787388392,165.3844277518136,262.38428170340404
2,"1.0",0,10,"7xo6",0,"D","ASP",38,"","",False,7,7,1,"338","1142;1143;1144;1145;1146;1147;1148","D","A","pdbfiles/pdb7xo6.ent","pdbs/7xo6.D.pdb",203.00142996651786,168.89399937220983,263.55128696986606
2,"1.0",0,11,"7xoc",0,"A","ARG",498,"","",True,7,7,1,"357","1161;1162;1163;1164;1165;1166;1167","D","A","pdbfiles/pdb7xoc.ent","pdbs/7xoc.D.pdb",200.4902823311942,164.97285679408483,262.500008719308
2,"1.0",0,12,"7xoc",0,"D","ASP",38,"","",False,7,7,1,"357","1161;1162;1163;1164;1165;1166;1167","D","A","pdbfiles/pdb7xoc.ent","pdbs/7xoc.D.pdb",203.20771135602678,168.72486005510603,263.436279296875
2,"1.0",0,13,"8dm6",0,"A","ARG",493,"","",False,7,7,1,"376","1180;1181;1182;1183;1184;1185;1186","A","D","pdbfiles/pdb8dm6.ent","pdbs/8dm6.A.pdb",230.83128574916296,178.17242867606026,260.6917201450893
2,"1.0",0,14,"8dm6",0,"A","ARG",498,"","",False,7,7,1,"371","1169;1173;1174;1176;1177;1178;1179","A","D","pdbfiles/pdb8dm6.ent","pdbs/8dm6.A.pdb",230.11471339634485,163.0384303501674,257.9195643833705
2,"1.0",0,15,"8dm6",0,"D","GLU",35,"","",True,7,7,1,"376","1180;1181;1182;1183;1184;1185;1186","A","D","pdbfiles/pdb8dm6.ent","pdbs/8dm6.A.pdb",230.72285679408483,175.27843366350447,264.0391409737723
2,"1.0",0,16,"8dm6",0,"D","ASP",38,"","",True,7,7,1,"371","1169;1173;1174;1176;1177;1178;1179","A","D","pdbfiles/pdb8dm6.ent","pdbs/8dm6.A.pdb",229.79514639718192,167.06756809779577,259.7685764857701
2,"1.0",0,17,"8dm8",0,"A","ARG",493,"","",False,7,7,1,"384","1196;1197;1198;1199;1200;1201;1202","A","D","pdbfiles/pdb8dm8.ent","pdbs/8dm8.A.pdb",230.46500287737166,178.40657261439733,260.5832824707031
2,"1.0",0,18,"8dm8",0,"A","ARG",498,"","",False,7,7,1,"380","1187;1188;1189;1190;1191;1192;1193","A","D","pdbfiles/pdb8dm8.ent","pdbs/8dm8.A.pdb",230.20771135602678,163.0135716029576,257.964852469308
2,"1.0",0,19,"8dm8",0,"D","GLU",35,"","",True,7,7,1,"384","1196;1197;1198;1199;1200;1201;1202","A","D","pdbfiles/pdb8dm8.ent","pdbs/8dm8.A.pdb",230.24657331194197,176.03657749720983,264.4317190987723
2,"1.0",0,20,"8dm8",0,"D","ASP",38,"","",True,7,7,1,"380","1187;1188;1189;1190;1191;1192;1193","A","D","pdbfiles/pdb8dm8.ent","pdbs/8dm8.A.pdb",229.80057198660714,167.19000026157923,259.99801199776783
2,"1.0",0,21,"8dma",0,"A","ARG",493,"","",False,7,7,1,"392","1213;1214;1215;1216;1217;1218;1219","A","D","pdbfiles/pdb8dma.ent","pdbs/8dma.A.pdb",230.6451416015625,178.7464316231864,260.70528738839283
2,"1.0",0,22,"8dma",0,"A","ARG",498,"","",False,7,7,1,"389","1203;1205;1206;1207;1208;1209;1211","A","D","pdbfiles/pdb8dma.ent","pdbs/8dma.A.pdb",229.86671229771204,163.57728576660156,258.07357352120533
2,"1.0",0,23,"8dma",0,"D","GLU",35,"","",True,7,7,1,"392","1213;1214;1215;1216;1217;1218;1219","A","D","pdbfiles/pdb8dma.ent","pdbs/8dma.A.pdb",231.00428553989954,175.01328604561942,263.72386387416293
2,"1.0",0,24,"8dma",0,"D","ASP",38,"","",True,7,7,1,"389","1203;1205;1206;1207;1208;1209;1211","A","D","pdbfiles/pdb8dma.ent","pdbs/8dma.A.pdb",229.67814418247767,167.27442714146204,260.1222926548549
2,"1.0",0,25,"7wpb",0,"A","ARG",490,"","",False,6,6,1,"303","1121;1122;1123;1124;1125;1126","A","D","pdbfiles/pdb7wpb.ent","pdbs/7wpb.A.pdb",211.6490046183268,175.76449839274088,260.9135030110677
2,"1.0",0,26,"7wpb",0,"D","GLU",35,"","",True,6,6,1,"303","1121;1122;1123;1124;1125;1126","A","D","pdbfiles/pdb7wpb.ent","pdbs/7wpb.A.pdb",209.58433532714844,174.5336710611979,265.04298909505206
2,"1.0",0,27,"7wpb",0,"D","GLU",37,"","",True,6,6,1,"295","1115;1116;1117;1118;1119;1120","A","D","pdbfiles/pdb7wpb.ent","pdbs/7wpb.A.pdb",197.51950073242188,177.02249908447266,261.57350158691406
2,"1.0",0,28,"7xo9",0,"A","ARG",498,"","",False,6,6,1,"347","1154;1155;1156;1157;1158;1159","A","D","pdbfiles/pdb7xo9.ent","pdbs/7xo9.A.pdb",199.61583455403647,164.61700439453125,262.4743398030599
2,"1.0",0,29,"7xo9",0,"D","ASP",38,"","",True,6,6,1,"347","1154;1155;1156;1157;1158;1159","A","D","pdbfiles/pdb7xo9.ent","pdbs/7xo9.A.pdb",202.30499776204428,168.3376719156901,263.54632568359375
2,"1.0",0,30,"7xo9",0,"A","ARG",493,"","",False,5,5,1,"346","1149;1150;1151;1152;1153","A","D","pdbfiles/pdb7xo9.ent","pdbs/7xo9.A.pdb",211.8179962158203,174.7136016845703,261.11640014648435
2,"1.0",0,31,"7xo9",0,"D","GLU",35,"","",True,5,5,1,"346","1149;1150;1151;1152;1153","A","D","pdbfiles/pdb7xo9.ent","pdbs/7xo9.A.pdb",209.5387969970703,172.37159729003906,264.6205993652344
2,"1.0",0,32,"8dm6",0,"D","GLU",37,"","",True,5,5,1,"371","1168;1170;1171;1172;1175","A","D","pdbfiles/pdb8dm6.ent","pdbs/8dm6.A.pdb",221.0679931640625,169.74099731445312,259.62799072265625
2,"1.0",0,33,"7wpa",0,"A","ARG",400,"","",False,4,4,1,"285","1110;1111;1112;1113","A","D","pdbfiles/pdb7wpa.ent","pdbs/7wpa.A.pdb",198.61924743652344,177.15450286865234,255.81649780273438
2,"1.0",0,34,"7wpa",0,"D","GLU",37,"","",True,4,4,1,"285","1110;1111;1112;1113","A","D","pdbfiles/pdb7wpa.ent","pdbs/7wpa.A.pdb",200.35174560546875,176.98474884033203,260.9114990234375
2,"1.0",0,35,"7wpb",0,"A","HIS",502,"","",False,4,4,1,"295","1116;1117;1118;1120","A","D","pdbfiles/pdb7wpb.ent","pdbs/7wpb.A.pdb",195.09500122070312,175.80449676513672,257.8580017089844
2,"1.0",0,36,"7wse",0,"A","GLU",37,"","",False,4,4,1,"315","1129;1130;1131;1132","A","B","pdbfiles/pdb7wse.ent","pdbs/7wse.A.pdb",107.75349807739258,107.86649703979492,130.41475296020508
2,"1.0",0,37,"7wse",0,"B","ARG",403,"","",True,4,4,1,"315","1129;1130;1131;1132","A","B","pdbfiles/pdb7wse.ent","pdbs/7wse.A.pdb",108.53300094604492,111.50675201416016,133.67874908447266
2,"1.0",0,38,"7dhx",0,"A","HIS",354,"","",False,3,3,1,"42","1031;1032;1033","A","B","pdbfiles/pdb7dhx.ent","pdbs/7dhx.A.pdb",30.753666559855144,10.886333147684732,52.46233240763346
2,"1.0",0,39,"7dhx",0,"B","ASP",405,"","",True,3,3,1,"42","1031;1032;1033","A","B","pdbfiles/pdb7dhx.ent","pdbs/7dhx.A.pdb",34.212666829427086,11.466666539510092,56.05333455403646
2,"1.0",0,40,"7e3j",0,"A","GLU",37,"","",False,3,3,1,"48","1038;1039;1040","A","B","pdbfiles/pdb7e3j.ent","pdbs/7e3j.A.pdb",-93.0413335164388,30.51699956258138,-21.84000015258789
2,"1.0",0,41,"7e3j",0,"B","ARG",403,"","",True,3,3,1,"48","1038;1039;1040","A","B","pdbfiles/pdb7e3j.ent","pdbs/7e3j.A.pdb",-97.77499643961589,27.976332982381184,-20.784000396728516
2,"1.0",0,42,"7fc5",0,"A","GLU",37,"","",True,3,3,1,"144","1056;1057;1058","E","A","pdbfiles/pdb7fc5.ent","pdbs/7fc5.E.pdb",7.3476667404174805,-40.00899887084961,-31.052000045776367
2,"1.0",0,43,"7fc5",0,"E","ARG",403,"","",False,3,3,1,"144","1056;1057;1058","E","A","pdbfiles/pdb7fc5.ent","pdbs/7fc5.E.pdb",12.321666399637857,-37.91599909464518,-32.26366678873698
2,"1.0",0,44,"7wa1",0,"A","GLU",37,"","",False,3,3,1,"265","1104;1105;1106","A","B","pdbfiles/pdb7wa1.ent","pdbs/7wa1.A.pdb",119.5770034790039,119.29000091552734,96.28199768066406
2,"1.0",0,45,"7wa1",0,"A","HIS",354,"","",False,3,3,1,"272","1107;1108;1109","A","B","pdbfiles/pdb7wa1.ent","pdbs/7wa1.A.pdb",120.24000040690105,127.44833374023438,98.1010004679362
2,"1.0",0,46,"7wa1",0,"B","ARG",403,"","",True,3,3,1,"265","1104;1105;1106","A","B","pdbfiles/pdb7wa1.ent","pdbs/7wa1.A.pdb",120.45633443196614,122.2296651204427,91.52200063069661
2,"1.0",0,47,"7wa1",0,"B","ASP",405,"","",True,3,3,1,"272","1107;1108;1109","A","B","pdbfiles/pdb7wa1.ent","pdbs/7wa1.A.pdb",121.0193354288737,127.35433451334636,93.39200083414714
2,"1.0",0,48,"7wsh",0,"A","HIS",354,"","",False,3,3,1,"333","1136;1137;1138","A","B","pdbfiles/pdb7wsh.ent","pdbs/7wsh.A.pdb",120.26999918619792,117.1183344523112,140.08800252278647
2,"1.0",0,49,"7wsh",0,"B","ASP",405,"","",True,3,3,1,"333","1136;1137;1138","A","B","pdbfiles/pdb7wsh.ent","pdbs/7wsh.A.pdb",121.18699900309245,116.91166687011719,144.28400166829428
2,"1.0",0,50,"7xo6",0,"A","HIS",505,"","",True,3,3,1,"337","1139;1140;1141","D","A","pdbfiles/pdb7xo6.ent","pdbs/7xo6.D.pdb",196.11566670735678,175.677001953125,258.1923319498698
2,"1.0",0,51,"7xo6",0,"D","GLU",37,"","",False,3,3,1,"337","1139;1140;1141","D","A","pdbfiles/pdb7xo6.ent","pdbs/7xo6.D.pdb",198.552001953125,176.74966430664062,262.1676737467448
2,"1.0",0,52,"8dm6",0,"A","ARG",403,"","",False,3,3,1,"371","1170;1172;1175","A","D","pdbfiles/pdb8dm6.ent","pdbs/8dm6.A.pdb",222.61699930826822,170.3009999593099,254.29566446940103
2,"1.0",0,53,"8dma",0,"D","GLU",37,"","",True,3,3,1,"389","1204;1210;1212","A","D","pdbfiles/pdb8dma.ent","pdbs/8dma.A.pdb",220.4459991455078,169.06399536132812,259.8219909667969
2,"1.0",0,54,"6m0j",0,"A","LYS",31,"","",False,2,2,1,"16","1017;1018","A","E","pdbfiles/pdb6m0j.ent","pdbs/6m0j.A.pdb",-41.29999923706055,33.82500076293945,2.015000104904175
2,"1.0",0,55,"6m0j",0,"E","GLU",484,"","",True,2,2,1,"16","1017;1018","A","E","pdbfiles/pdb6m0j.ent","pdbs/6m0j.A.pdb",-45.00250053405762,36.94999885559082,3.2179999351501465
2,"1.0",0,56,"7bh9",0,"A","ASP",30,"","",False,2,2,1,"27","1020;1021","A","E","pdbfiles/pdb7bh9.ent","pdbs/7bh9.A.pdb",173.4720001220703,174.9699935913086,208.76649475097656
2,"1.0",0,57,"7bh9",0,"E","LYS",417,"","",True,2,2,1,"27","1020;1021","A","E","pdbfiles/pdb7bh9.ent","pdbs/7bh9.A.pdb",172.99000549316406,178.6230010986328,211.31500244140625
2,"1.0",0,58,"7dhx",0,"A","GLU",30,"","",False,2,2,1,"34","1029;1030","A","B","pdbfiles/pdb7dhx.ent","pdbs/7dhx.A.pdb",28.24799919128418,26.81849956512451,61.15850067138672
2,"1.0",0,59,"7dhx",0,"B","LYS",417,"","",True,2,2,1,"34","1029;1030","A","B","pdbfiles/pdb7dhx.ent","pdbs/7dhx.A.pdb",29.71500015258789,24.952999114990234,63.81800079345703
2,"1.0",0,60,"7e3j",0,"A","GLU",30,"","",False,2,2,1,"44","1034;1035","A","B","pdbfiles/pdb7e3j.ent","pdbs/7e3j.A.pdb",-98.78100204467773,39.7549991607666,-15.273000240325928
2,"1.0",0,61,"7e3j",0,"A","LYS",31,"","",False,2,2,1,"46","1036;1037","A","B","pdbfiles/pdb7e3j.ent","pdbs/7e3j.A.pdb",-99.16999816894531,41.95100021362305,-26.975000381469727
2,"1.0",0,62,"7e3j",0,"B","LYS",417,"","",True,2,2,1,"44","1034;1035","A","B","pdbfiles/pdb7e3j.ent","pdbs/7e3j.A.pdb",-101.91600036621094,37.89099884033203,-15.753999710083008
2,"1.0",0,63,"7e3j",0,"B","GLU",484,"","",True,2,2,1,"46","1036;1037","A","B","pdbfiles/pdb7e3j.ent","pdbs/7e3j.A.pdb",-102.7869987487793,43.730499267578125,-29.818500518798828
2,"1.0",0,64,"7efp",0,"A","LYS",31,"","",False,2,2,1,"59","1041;1042","A","B","pdbfiles/pdb7efp.ent","pdbs/7efp.A.pdb",-37.60599899291992,-32.553001403808594,-17.007999420166016
2,"1.0",0,65,"7efp",0,"B","GLU",484,"","",True,2,2,1,"59","1041;1042","A","B","pdbfiles/pdb7efp.ent","pdbs/7efp.A.pdb",-39.52299880981445,-33.354000091552734,-12.439499855041504
2,"1.0",0,66,"7efr",0,"A","ASP",30,"","",False,2,2,1,"71","1043;1044","A","B","pdbfiles/pdb7efr.ent","pdbs/7efr.A.pdb",33.819000244140625,28.387500762939453,21.982999801635742
2,"1.0",0,67,"7efr",0,"B","LYS",417,"","",True,2,2,1,"71","1043;1044","A","B","pdbfiles/pdb7efr.ent","pdbs/7efr.A.pdb",37.472999572753906,28.273000717163086,21.80699920654297
2,"1.0",0,68,"7eke",0,"A","ASP",30,"","",False,2,2,1,"99","1046;1047","A","B","pdbfiles/pdb7eke.ent","pdbs/7eke.A.pdb",-30.675000190734863,35.35999870300293,3.1115000247955322
2,"1.0",0,69,"7eke",0,"A","LYS",31,"","",False,2,2,1,"100","1048;1049","A","B","pdbfiles/pdb7eke.ent","pdbs/7eke.A.pdb",-41.055999755859375,34.63800048828125,3.1429998874664307
2,"1.0",0,70,"7eke",0,"B","LYS",417,"","",True,2,2,1,"99","1046;1047","A","B","pdbfiles/pdb7eke.ent","pdbs/7eke.A.pdb",-30.749000549316406,35.73500061035156,6.388999938964844
2,"1.0",0,71,"7eke",0,"B","GLU",484,"","",True,2,2,1,"100","1048;1049","A","B","pdbfiles/pdb7eke.ent","pdbs/7eke.A.pdb",-45.690500259399414,36.76849937438965,3.333000063896179
2,"1.0",0,72,"7ekf",0,"A","ASP",30,"","",False,2,2,1,"112","1051;1052","A","B","pdbfiles/pdb7ekf.ent","pdbs/7ekf.A.pdb",-30.892499923706055,34.7814998626709,2.6134999990463257
2,"1.0",0,73,"7ekf",0,"B","LYS",417,"","",True,2,2,1,"112","1051;1052","A","B","pdbfiles/pdb7ekf.ent","pdbs/7ekf.A.pdb",-30.531999588012695,35.69300079345703,6.442999839782715
2,"1.0",0,74,"7fc5",0,"A","GLU",30,"","",True,2,2,1,"145","1059;1060","E","A","pdbfiles/pdb7fc5.ent","pdbs/7fc5.E.pdb",5.812000036239624,-32.80649948120117,-41.95949935913086
2,"1.0",0,75,"7fc5",0,"E","LYS",417,"","",False,2,2,1,"145","1059;1060","E","A","pdbfiles/pdb7fc5.ent","pdbs/7fc5.E.pdb",8.82699966430664,-31.503999710083008,-41.97100067138672
2,"1.0",0,76,"7lo4",0,"A","GLU",37,"","",False,2,2,1,"159","1062;1063","A","B","pdbfiles/pdb7lo4.ent","pdbs/7lo4.A.pdb",-1.597000002861023,13.409000396728516,-54.76599884033203
2,"1.0",0,77,"7lo4",0,"B","ARG",403,"","",True,2,2,1,"159","1062;1063","A","B","pdbfiles/pdb7lo4.ent","pdbs/7lo4.A.pdb",-3.8769999742507935,12.254000186920166,-59.72599983215332
2,"1.0",0,78,"7sxy",0,"B","LYS",417,"","",False,2,2,1,"189","1073;1074","B","E","pdbfiles/pdb7sxy.ent","pdbs/7sxy.B.pdb",220.6199951171875,184.59300231933594,251.51800537109375
2,"1.0",0,79,"7sxy",0,"E","ASP",30,"","",True,2,2,1,"189","1073;1074","B","E","pdbfiles/pdb7sxy.ent","pdbs/7sxy.B.pdb",219.50450134277344,183.8260040283203,255.45950317382812
2,"1.0",0,80,"7sy0",0,"B","LYS",417,"","",False,2,2,1,"200","1076;1077","B","E","pdbfiles/pdb7sy0.ent","pdbs/7sy0.B.pdb",220.88800048828125,184.54800415039062,251.63999938964844
2,"1.0",0,81,"7sy0",0,"E","ASP",30,"","",True,2,2,1,"200","1076;1077","B","E","pdbfiles/pdb7sy0.ent","pdbs/7sy0.B.pdb",219.75900268554688,183.56400299072266,255.4435043334961
2,"1.0",0,82,"7t9l",0,"A","HIS",505,"","",False,2,2,1,"224","1086;1090","A","D","pdbfiles/pdb7t9l.ent","pdbs/7t9l.A.pdb",221.5479965209961,167.26300048828125,252.66600036621094
2,"1.0",0,83,"7t9l",0,"D","GLU",37,"","",True,2,2,1,"224","1086;1090","A","D","pdbfiles/pdb7t9l.ent","pdbs/7t9l.A.pdb",223.25900268554688,170.21800231933594,256.74700927734375
2,"1.0",0,84,"7w8s",0,"A","GLU",30,"","",False,2,2,1,"244","1096;1097","A","B","pdbfiles/pdb7w8s.ent","pdbs/7w8s.A.pdb",129.57100677490234,128.3300018310547,168.0749969482422
2,"1.0",0,85,"7w8s",0,"A","HIS",354,"","",False,2,2,1,"248","1099;1100","A","B","pdbfiles/pdb7w8s.ent","pdbs/7w8s.A.pdb",139.22049713134766,144.43450164794922,160.50250244140625
2,"1.0",0,86,"7w8s",0,"B","ASP",405,"","",True,2,2,1,"248","1099;1100","A","B","pdbfiles/pdb7w8s.ent","pdbs/7w8s.A.pdb",137.3560028076172,143.73899841308594,165.68099975585938
2,"1.0",0,87,"7w8s",0,"B","LYS",417,"","",True,2,2,1,"244","1096;1097","A","B","pdbfiles/pdb7w8s.ent","pdbs/7w8s.A.pdb",131.40699768066406,130.03199768066406,171.10899353027344
2,"1.0",0,88,"7w9i",0,"A","ASP",30,"","",False,2,2,1,"251","1101;1102","A","E","pdbfiles/pdb7w9i.ent","pdbs/7w9i.A.pdb",215.56200408935547,167.17049407958984,273.60101318359375
2,"1.0",0,89,"7w9i",0,"E","LYS",417,"","",True,2,2,1,"251","1101;1102","A","E","pdbfiles/pdb7w9i.ent","pdbs/7w9i.A.pdb",217.20799255371094,167.98199462890625,269.5050048828125
2,"1.0",0,90,"7wpb",0,"A","ARG",400,"","",False,2,2,1,"295","1115;1119","A","D","pdbfiles/pdb7wpb.ent","pdbs/7wpb.A.pdb",198.76100158691406,177.3520050048828,256.1940002441406
2,"1.0",0,91,"7wse",0,"A","LYS",31,"","",False,2,2,1,"312","1127;1128","A","B","pdbfiles/pdb7wse.ent","pdbs/7wse.A.pdb",109.76399993896484,96.98999786376953,136.43699645996094
2,"1.0",0,92,"7wse",0,"B","GLU",484,"","",True,2,2,1,"312","1127;1128","A","B","pdbfiles/pdb7wse.ent","pdbs/7wse.A.pdb",111.76449966430664,93.26699829101562,139.39550018310547
2,"1.0",0,93,"7wsh",0,"A","GLU",30,"","",False,2,2,1,"325","1133;1134","A","B","pdbfiles/pdb7wsh.ent","pdbs/7wsh.A.pdb",127.75349807739258,129.3115005493164,144.0814971923828
2,"1.0",0,94,"7wsh",0,"B","LYS",417,"","",True,2,2,1,"325","1133;1134","A","B","pdbfiles/pdb7wsh.ent","pdbs/7wsh.A.pdb",127.66200256347656,130.35000610351562,148.73300170898438
2,"1.0",0,95,"8dm6",0,"A","HIS",505,"","",False,2,2,1,"371","1168;1171","A","D","pdbfiles/pdb8dm6.ent","pdbs/8dm6.A.pdb",219.67549896240234,167.11299896240234,255.2310028076172
2,"1.0",0,96,"8dm8",0,"A","HIS",505,"","",False,2,2,1,"380","1194;1195","A","D","pdbfiles/pdb8dm8.ent","pdbs/8dm8.A.pdb",219.2584991455078,167.04749298095703,255.07599639892578
2,"1.0",0,97,"8dm8",0,"D","GLU",37,"","",True,2,2,1,"380","1194;1195","A","D","pdbfiles/pdb8dm8.ent","pdbs/8dm8.A.pdb",220.61599731445312,168.95199584960938,259.62200927734375
2,"1.0",0,98,"8dma",0,"A","HIS",505,"","",False,2,2,1,"389","1204;1210","A","D","pdbfiles/pdb8dma.ent","pdbs/8dma.A.pdb",219.17300415039062,167.85800170898438,255.13500213623047
2,"1.0",0,99,"6lzg",0,"A","LYS",31,"","",False,1,1,1,"4","1016","A","B","pdbfiles/pdb6lzg.ent","pdbs/6lzg.A.pdb",-41.31399917602539,34.992000579833984,2.9839999675750732
2,"1.0",0,100,"6lzg",0,"B","GLU",484,"","",True,1,1,1,"4","1016","A","B","pdbfiles/pdb6lzg.ent","pdbs/6lzg.A.pdb",-45.055999755859375,36.86199951171875,3.0799999237060547
2,"1.0",0,101,"6m0j",0,"A","GLU",37,"","",False,1,1,1,"17","1019","A","E","pdbfiles/pdb6m0j.ent","pdbs/6m0j.A.pdb",-31.849000930786133,25.106000900268555,-0.17100000381469727
2,"1.0",0,102,"6m0j",0,"E","ARG",403,"","",True,1,1,1,"17","1019","A","E","pdbfiles/pdb6m0j.ent","pdbs/6m0j.A.pdb",-30.625,24.975000381469727,5.324999809265137
2,"1.0",0,103,"7efr",0,"A","GLU",37,"","",False,1,1,1,"74","1045","A","B","pdbfiles/pdb7efr.ent","pdbs/7efr.A.pdb",28.93600082397461,34.87099838256836,29.579999923706055
2,"1.0",0,104,"7efr",0,"B","ARG",403,"","",True,1,1,1,"74","1045","A","B","pdbfiles/pdb7efr.ent","pdbs/7efr.A.pdb",34.25199890136719,35.31800079345703,30.844999313354492
2,"1.0",0,105,"7eke",0,"A","GLU",37,"","",False,1,1,1,"102","1050","A","B","pdbfiles/pdb7eke.ent","pdbs/7eke.A.pdb",-31.608999252319336,25.09600067138672,-0.32499998807907104
2,"1.0",0,106,"7eke",0,"B","ARG",403,"","",True,1,1,1,"102","1050","A","B","pdbfiles/pdb7eke.ent","pdbs/7eke.A.pdb",-30.434999465942383,24.636999130249023,5.270999908447266
2,"1.0",0,107,"7ekf",0,"A","LYS",31,"","",False,1,1,1,"113","1053","A","B","pdbfiles/pdb7ekf.ent","pdbs/7ekf.A.pdb",-41.07500076293945,33.13199996948242,0.9340000152587891
2,"1.0",0,108,"7ekf",0,"A","GLU",37,"","",False,1,1,1,"115","1054","A","B","pdbfiles/pdb7ekf.ent","pdbs/7ekf.A.pdb",-31.849000930786133,24.881000518798828,0.17499999701976776
2,"1.0",0,109,"7ekf",0,"B","ARG",403,"","",True,1,1,1,"115","1054","A","B","pdbfiles/pdb7ekf.ent","pdbs/7ekf.A.pdb",-29.93000030517578,24.708999633789062,5.620999813079834
2,"1.0",0,110,"7ekf",0,"B","GLU",484,"","",True,1,1,1,"113","1053","A","B","pdbfiles/pdb7ekf.ent","pdbs/7ekf.A.pdb",-44.90299987792969,36.73699951171875,2.1419999599456787
2,"1.0",0,111,"7ekh",0,"A","LYS",31,"","",False,1,1,1,"136","1055","A","B","pdbfiles/pdb7ekh.ent","pdbs/7ekh.A.pdb",-40.32600021362305,33.83399963378906,2.0230000019073486
2,"1.0",0,112,"7ekh",0,"B","GLU",484,"","",True,1,1,1,"136","1055","A","B","pdbfiles/pdb7ekh.ent","pdbs/7ekh.A.pdb",-44.5,37.20199966430664,3.635999917984009
2,"1.0",0,113,"7fc5",0,"A","LYS",31,"","",True,1,1,1,"149","1061","E","A","pdbfiles/pdb7fc5.ent","pdbs/7fc5.E.pdb",3.4839999675750732,-26.617000579833984,-31.924999237060547
2,"1.0",0,114,"7fc5",0,"E","GLU",484,"","",False,1,1,1,"149","1061","E","A","pdbfiles/pdb7fc5.ent","pdbs/7fc5.E.pdb",1.8949999809265137,-22.58300018310547,-32.86899948120117
2,"1.0",0,115,"7sxy",0,"B","ARG",403,"","",False,1,1,1,"188","1072","B","E","pdbfiles/pdb7sxy.ent","pdbs/7sxy.B.pdb",219.906005859375,174.2790069580078,249.61500549316406
2,"1.0",0,116,"7sxy",0,"B","GLU",484,"","",False,1,1,1,"191","1075","B","E","pdbfiles/pdb7sxy.ent","pdbs/7sxy.B.pdb",233.12399291992188,183.30299377441406,258.0
2,"1.0",0,117,"7sxy",0,"E","LYS",31,"","",True,1,1,1,"191","1075","B","E","pdbfiles/pdb7sxy.ent","pdbs/7sxy.B.pdb",229.8209991455078,180.29200744628906,257.9639892578125
2,"1.0",0,118,"7sxy",0,"E","GLU",37,"","",True,1,1,1,"188","1072","B","E","pdbfiles/pdb7sxy.ent","pdbs/7sxy.B.pdb",220.5749969482422,172.79600524902344,255.0189971923828
2,"1.0",0,119,"7sy0",0,"B","GLU",484,"","",False,1,1,1,"203","1078","B","E","pdbfiles/pdb7sy0.ent","pdbs/7sy0.B.pdb",233.39300537109375,183.33999633789062,258.0069885253906
2,"1.0",0,120,"7sy0",0,"E","LYS",31,"","",True,1,1,1,"203","1078","B","E","pdbfiles/pdb7sy0.ent","pdbs/7sy0.B.pdb",230.0279998779297,180.23199462890625,258.2959899902344
2,"1.0",0,121,"7w6u",0,"A","LYS",31,"","",False,1,1,1,"235","1095","A","B","pdbfiles/pdb7w6u.ent","pdbs/7w6u.A.pdb",-3.9509999752044678,69.677001953125,-3.503000020980835
2,"1.0",0,122,"7w6u",0,"B","GLU",484,"","",True,1,1,1,"235","1095","A","B","pdbfiles/pdb7w6u.ent","pdbs/7w6u.A.pdb",-1.3200000524520874,74.63700103759766,-1.840000033378601
2,"1.0",0,123,"7w8s",0,"A","LYS",31,"","",False,1,1,1,"245","1098","A","B","pdbfiles/pdb7w8s.ent","pdbs/7w8s.A.pdb",140.39100646972656,124.24700164794922,169.06399536132812
2,"1.0",0,124,"7w8s",0,"B","GLU",484,"","",True,1,1,1,"245","1098","A","B","pdbfiles/pdb7w8s.ent","pdbs/7w8s.A.pdb",140.95599365234375,118.68900299072266,168.08299255371094
2,"1.0",0,125,"7w9i",0,"A","LYS",31,"","",False,1,1,1,"252","1103","A","E","pdbfiles/pdb7w9i.ent","pdbs/7w9i.A.pdb",224.19200134277344,161.3719940185547,273.3550109863281
2,"1.0",0,126,"7w9i",0,"E","GLU",484,"","",True,1,1,1,"252","1103","A","E","pdbfiles/pdb7w9i.ent","pdbs/7w9i.A.pdb",228.41200256347656,161.04400634765625,275.2799987792969
2,"1.0",0,127,"7wpa",0,"A","ARG",495,"","",False,1,1,1,"293","1114","A","D","pdbfiles/pdb7wpa.ent","pdbs/7wpa.A.pdb",199.33999633789062,164.86399841308594,262.802001953125
2,"1.0",0,128,"7wpa",0,"D","ASP",38,"","",True,1,1,1,"293","1114","A","D","pdbfiles/pdb7wpa.ent","pdbs/7wpa.A.pdb",202.18099975585938,169.3780059814453,263.5329895019531
2,"1.0",0,129,"7wsh",0,"A","LYS",31,"","",False,1,1,1,"327","1135","A","B","pdbfiles/pdb7wsh.ent","pdbs/7wsh.A.pdb",119.1969985961914,137.802001953125,144.85699462890625
2,"1.0",0,130,"7wsh",0,"B","GLU",484,"","",True,1,1,1,"327","1135","A","B","pdbfiles/pdb7wsh.ent","pdbs/7wsh.A.pdb",118.3489990234375,143.58399963378906,145.82400512695312
2,"1.0",0,131,"7xoc",0,"A","HIS",505,"","",True,1,1,1,"356","1160","D","A","pdbfiles/pdb7xoc.ent","pdbs/7xoc.D.pdb",195.9949951171875,175.72799682617188,258.36700439453125
2,"1.0",0,132,"7xoc",0,"D","GLU",37,"","",False,1,1,1,"356","1160","D","A","pdbfiles/pdb7xoc.ent","pdbs/7xoc.D.pdb",200.22300720214844,176.99600219726562,261.4880065917969
2,"1.0",0,133,"8dma",0,"A","ARG",403,"","",False,1,1,1,"389","1212","A","D","pdbfiles/pdb8dma.ent","pdbs/8dma.A.pdb",221.06500244140625,170.81100463867188,254.6999969482422
3,"0.7",0,1,"7e3j",0,"A","LYS",353,"","",False,3,3,2,"52;54","1237;1238;1239","A","B","pdbfiles/pdb7e3j.ent","pdbs/7e3j.A.pdb",-94.27533213297527,25.690666834513348,-26.565667470296223
3,"0.7",0,2,"7efp",0,"A","LYS",353,"","",False,3,3,2,"67;69","1242;1243;1244","A","B","pdbfiles/pdb7efp.ent","pdbs/7efp.A.pdb",-40.817334493001304,-30.817333221435547,-32.526999155680336
3,"0.7",0,3,"7lo4",0,"A","LYS",353,"","",False,3,3,2,"164;166","1283;1284;1285","A","B","pdbfiles/pdb7lo4.ent","pdbs/7lo4.A.pdb",-6.022666613260905,7.87666670481364,-54.08166758219401
3,"0.7",0,4,"7xo6",0,"A","ARG",493,"","",True,3,3,1,"336","1336;1337;1338","D","A","pdbfiles/pdb7xo6.ent","pdbs/7xo6.D.pdb",211.47533162434897,177.01867167154947,262.03867594401044
3,"0.7",0,5,"6lzg",0,"B","ASN",487,"","",True,2,2,2,"1;10","1221;1224","A","B","pdbfiles/pdb6lzg.ent","pdbs/6lzg.A.pdb",-37.368499755859375,45.719499588012695,-1.7269999980926514
3,"0.7",0,6,"6m0j",0,"E","ASN",487,"","",True,2,2,2,"13;22","1226;1227","A","E","pdbfiles/pdb6m0j.ent","pdbs/6m0j.A.pdb",-37.31599998474121,45.99100112915039,-1.6579999923706055
3,"0.7",0,7,"7dhx",0,"A","LYS",353,"","",False,2,2,2,"39;41","1233;1234","A","B","pdbfiles/pdb7dhx.ent","pdbs/7dhx.A.pdb",25.477999687194824,8.592999935150146,57.76599884033203
3,"0.7",0,8,"7e3j",0,"A","GLU",38,"","",False,2,2,1,"49","1235;1236","A","B","pdbfiles/pdb7e3j.ent","pdbs/7e3j.A.pdb",-96.14299774169922,29.083999633789062,-31.173999786376953
3,"0.7",0,9,"7e3j",0,"B","GLN",498,"","",True,2,2,2,"49;54","1236;1238","A","B","pdbfiles/pdb7e3j.ent","pdbs/7e3j.A.pdb",-95.34549713134766,25.66699981689453,-31.019999504089355
3,"0.7",0,10,"7efp",0,"B","GLN",498,"","",True,2,2,2,"60;69","1240;1243","A","B","pdbfiles/pdb7efp.ent","pdbs/7efp.A.pdb",-44.854000091552734,-30.39299964904785,-31.032499313354492
3,"0.7",0,11,"7efr",0,"A","LYS",353,"","",False,2,2,2,"83;85","1248;1249","A","B","pdbfiles/pdb7efr.ent","pdbs/7efr.A.pdb",30.48799991607666,40.1929988861084,33.472999572753906
3,"0.7",0,12,"7eke",0,"A","LYS",353,"","",False,2,2,2,"107;109","1256;1257","A","B","pdbfiles/pdb7eke.ent","pdbs/7eke.A.pdb",-33.71250057220459,19.380499839782715,2.5075000524520874
3,"0.7",0,13,"7ekf",0,"B","ASN",487,"","",True,2,2,2,"110;119","1258;1260","A","B","pdbfiles/pdb7ekf.ent","pdbs/7ekf.A.pdb",-37.652000427246094,45.46449851989746,-2.418000102043152
3,"0.7",0,14,"7ekg",0,"B","ASN",487,"","",True,2,2,2,"121;128","1262;1264","A","B","pdbfiles/pdb7ekg.ent","pdbs/7ekg.A.pdb",-38.464500427246094,45.958499908447266,-2.4179999828338623
3,"0.7",0,15,"7ekh",0,"A","GLN",42,"","",False,2,2,1,"137","1269;1270","A","B","pdbfiles/pdb7ekh.ent","pdbs/7ekh.A.pdb",-43.119998931884766,19.511999130249023,0.5519999861717224
3,"0.7",0,16,"7ekh",0,"A","LYS",353,"","",False,2,2,2,"141;143","1272;1273","A","B","pdbfiles/pdb7ekh.ent","pdbs/7ekh.A.pdb",-33.49300003051758,19.487000465393066,2.596000015735626
3,"0.7",0,17,"7ekh",0,"B","TYR",449,"","",True,2,2,1,"137","1268;1270","A","B","pdbfiles/pdb7ekh.ent","pdbs/7ekh.A.pdb",-42.542999267578125,21.649999618530273,2.4619998931884766
3,"0.7",0,18,"7ekh",0,"B","ASN",487,"","",True,2,2,2,"132;140","1267;1271","A","B","pdbfiles/pdb7ekh.ent","pdbs/7ekh.A.pdb",-36.45100021362305,46.01250076293945,-1.5285000205039978
3,"0.7",0,19,"7fc5",0,"A","GLU",38,"","",True,2,2,1,"146","1274;1275","E","A","pdbfiles/pdb7fc5.ent","pdbs/7fc5.E.pdb",8.647000312805176,-34.266998291015625,-22.483999252319336
3,"0.7",0,20,"7lo4",0,"A","ASP",38,"","",False,2,2,2,"160;161","1280;1281","A","B","pdbfiles/pdb7lo4.ent","pdbs/7lo4.A.pdb",-1.6019999980926514,4.235999941825867,-52.625
3,"0.7",0,21,"7lo4",0,"B","GLN",498,"","",True,2,2,2,"160;166","1280;1285","A","B","pdbfiles/pdb7lo4.ent","pdbs/7lo4.A.pdb",-5.622999906539917,4.19700014591217,-52.68549919128418
3,"0.7",0,22,"7pki",0,"E","ASN",483,"","",True,2,2,2,"167;175","1286;1287","A","E","pdbfiles/pdb7pki.ent","pdbs/7pki.A.pdb",49.94049835205078,106.67150115966797,8.606500148773193
3,"0.7",0,23,"7v84",0,"A","GLN",493,"","",False,2,2,1,"229","1307;1308","A","F","pdbfiles/pdb7v84.ent","pdbs/7v84.A.pdb",189.36099243164062,192.97300720214844,183.70899963378906
3,"0.7",0,24,"7w9i",0,"E","ASN",487,"","",True,2,2,2,"249;258","1314;1317","A","E","pdbfiles/pdb7w9i.ent","pdbs/7w9i.A.pdb",224.3385009765625,170.84500122070312,280.7590026855469
3,"0.7",0,25,"7wnm",0,"A","ASN",487,"","",True,2,2,2,"274;282","1322;1324","B","A","pdbfiles/pdb7wnm.ent","pdbs/7wnm.B.pdb",-53.888999938964844,49.00149917602539,17.34749984741211
3,"0.7",0,26,"7wpb",0,"A","ASN",484,"","",False,2,2,2,"300;301","1327;1328","A","D","pdbfiles/pdb7wpb.ent","pdbs/7wpb.A.pdb",216.91400146484375,186.67950439453125,267.17601013183594
3,"0.7",0,27,"7xo6",0,"D","ASN",31,"","",False,2,2,1,"336","1337;1338","D","A","pdbfiles/pdb7xo6.ent","pdbs/7xo6.D.pdb",211.2949981689453,177.66700744628906,264.2669982910156
3,"0.7",0,28,"7xoc",0,"A","ARG",493,"","",True,2,2,1,"354","1343;1344","D","A","pdbfiles/pdb7xoc.ent","pdbs/7xoc.D.pdb",211.65350341796875,176.74500274658203,261.9464874267578
3,"0.7",0,29,"7xoc",0,"D","ASN",31,"","",False,2,2,1,"354","1343;1344","D","A","pdbfiles/pdb7xoc.ent","pdbs/7xoc.D.pdb",211.41799926757812,177.6009979248047,264.17498779296875
3,"0.7",0,30,"6lzg",0,"A","SER",19,"","",False,1,1,1,"0","1220","A","B","pdbfiles/pdb6lzg.ent","pdbs/6lzg.A.pdb",-33.20100021362305,49.104000091552734,1.7640000581741333
3,"0.7",0,31,"6lzg",0,"A","GLN",24,"","",False,1,1,1,"1","1221","A","B","pdbfiles/pdb6lzg.ent","pdbs/6lzg.A.pdb",-35.415000915527344,48.29899978637695,-2.86299991607666
3,"0.7",0,32,"6lzg",0,"A","ASP",38,"","",False,1,1,1,"5","1222","A","B","pdbfiles/pdb6lzg.ent","pdbs/6lzg.A.pdb",-41.6150016784668,23.14299964904785,0.8849999904632568
3,"0.7",0,33,"6lzg",0,"A","GLN",42,"","",False,1,1,1,"7","1223","A","B","pdbfiles/pdb6lzg.ent","pdbs/6lzg.A.pdb",-42.88800048828125,19.22599983215332,0.15600000321865082
3,"0.7",0,34,"6lzg",0,"A","TYR",83,"","",False,1,1,1,"10","1224","A","B","pdbfiles/pdb6lzg.ent","pdbs/6lzg.A.pdb",-36.944000244140625,43.24399948120117,-3.8550000190734863
3,"0.7",0,35,"6lzg",0,"A","LYS",353,"","",False,1,1,1,"11","1225","A","B","pdbfiles/pdb6lzg.ent","pdbs/6lzg.A.pdb",-31.48900032043457,17.336999893188477,1.753999948501587
3,"0.7",0,36,"6lzg",0,"B","TYR",449,"","",True,1,1,1,"5","1222","A","B","pdbfiles/pdb6lzg.ent","pdbs/6lzg.A.pdb",-43.284000396728516,21.3799991607666,2.3340001106262207
3,"0.7",0,37,"6lzg",0,"B","ALA",475,"","",True,1,1,1,"0","1220","A","B","pdbfiles/pdb6lzg.ent","pdbs/6lzg.A.pdb",-34.95399856567383,47.016998291015625,2.4600000381469727
3,"0.7",0,38,"6lzg",0,"B","GLN",498,"","",True,1,1,1,"7","1223","A","B","pdbfiles/pdb6lzg.ent","pdbs/6lzg.A.pdb",-41.125999450683594,18.174999237060547,1.7100000381469727
3,"0.7",0,39,"6lzg",0,"B","GLY",502,"","",True,1,1,1,"11","1225","A","B","pdbfiles/pdb6lzg.ent","pdbs/6lzg.A.pdb",-31.208999633789062,14.989999771118164,3.2290000915527344
3,"0.7",0,40,"6m0j",0,"A","GLN",24,"","",False,1,1,1,"13","1226","A","E","pdbfiles/pdb6m0j.ent","pdbs/6m0j.A.pdb",-35.12200164794922,48.21799850463867,-2.447999954223633
3,"0.7",0,41,"6m0j",0,"A","TYR",83,"","",False,1,1,1,"22","1227","A","E","pdbfiles/pdb6m0j.ent","pdbs/6m0j.A.pdb",-36.888999938964844,43.35499954223633,-3.7730000019073486
3,"0.7",0,42,"6m0j",0,"A","LYS",353,"","",False,1,1,1,"23","1228","A","E","pdbfiles/pdb6m0j.ent","pdbs/6m0j.A.pdb",-31.486000061035156,17.52899932861328,1.8009999990463257
3,"0.7",0,43,"6m0j",0,"E","GLY",502,"","",True,1,1,1,"23","1228","A","E","pdbfiles/pdb6m0j.ent","pdbs/6m0j.A.pdb",-31.270999908447266,15.199000358581543,3.309000015258789
3,"0.7",0,44,"7bh9",0,"A","GLN",24,"","",False,1,1,1,"25","1229","A","E","pdbfiles/pdb7bh9.ent","pdbs/7bh9.A.pdb",168.17799377441406,163.3260040283203,209.88699340820312
3,"0.7",0,45,"7bh9",0,"A","LYS",353,"","",False,1,1,1,"30","1230","A","E","pdbfiles/pdb7bh9.ent","pdbs/7bh9.A.pdb",186.04800415039062,187.9080047607422,199.3459930419922
3,"0.7",0,46,"7bh9",0,"E","ASN",487,"","",True,1,1,1,"25","1229","A","E","pdbfiles/pdb7bh9.ent","pdbs/7bh9.A.pdb",171.00799560546875,162.88600158691406,210.54200744628906
3,"0.7",0,47,"7bh9",0,"E","GLY",502,"","",True,1,1,1,"30","1230","A","E","pdbfiles/pdb7bh9.ent","pdbs/7bh9.A.pdb",187.20599365234375,190.26300048828125,200.01400756835938
3,"0.7",0,48,"7dhx",0,"A","GLN",42,"","",False,1,1,1,"36","1231","A","B","pdbfiles/pdb7dhx.ent","pdbs/7dhx.A.pdb",17.75200080871582,6.716000080108643,62.845001220703125
3,"0.7",0,49,"7dhx",0,"A","TYR",83,"","",False,1,1,1,"38","1232","A","B","pdbfiles/pdb7dhx.ent","pdbs/7dhx.A.pdb",18.113000869750977,32.29800033569336,61.909000396728516
3,"0.7",0,50,"7dhx",0,"B","GLY",446,"","",True,1,1,1,"36","1231","A","B","pdbfiles/pdb7dhx.ent","pdbs/7dhx.A.pdb",17.822999954223633,5.239999771118164,65.0719985961914
3,"0.7",0,51,"7dhx",0,"B","ASN",487,"","",True,1,1,1,"38","1232","A","B","pdbfiles/pdb7dhx.ent","pdbs/7dhx.A.pdb",19.250999450683594,33.946998596191406,63.89400100708008
3,"0.7",0,52,"7dhx",0,"B","GLY",496,"","",True,1,1,1,"41","1234","A","B","pdbfiles/pdb7dhx.ent","pdbs/7dhx.A.pdb",24.902999877929688,8.571999549865723,63.07899856567383
3,"0.7",0,53,"7dhx",0,"B","GLY",502,"","",True,1,1,1,"39","1233","A","B","pdbfiles/pdb7dhx.ent","pdbs/7dhx.A.pdb",28.117000579833984,5.111000061035156,55.981998443603516
3,"0.7",0,54,"7e3j",0,"B","TYR",449,"","",True,1,1,1,"49","1235","A","B","pdbfiles/pdb7e3j.ent","pdbs/7e3j.A.pdb",-97.21900177001953,29.010000228881836,-33.604000091552734
3,"0.7",0,55,"7e3j",0,"B","GLY",496,"","",True,1,1,1,"54","1239","A","B","pdbfiles/pdb7e3j.ent","pdbs/7e3j.A.pdb",-97.9990005493164,25.615999221801758,-27.726999282836914
3,"0.7",0,56,"7e3j",0,"B","GLY",502,"","",True,1,1,1,"52","1237","A","B","pdbfiles/pdb7e3j.ent","pdbs/7e3j.A.pdb",-92.63200378417969,20.200000762939453,-24.19499969482422
3,"0.7",0,57,"7efp",0,"A","ASP",38,"","",False,1,1,1,"60","1240","A","B","pdbfiles/pdb7efp.ent","pdbs/7efp.A.pdb",-43.005001068115234,-30.51300048828125,-28.450000762939453
3,"0.7",0,58,"7efp",0,"A","TYR",83,"","",False,1,1,1,"65","1241","A","B","pdbfiles/pdb7efp.ent","pdbs/7efp.A.pdb",-28.325000762939453,-27.54199981689453,-11.777000427246094
3,"0.7",0,59,"7efp",0,"B","ASN",487,"","",True,1,1,1,"65","1241","A","B","pdbfiles/pdb7efp.ent","pdbs/7efp.A.pdb",-27.54400062561035,-29.81399917602539,-10.178999900817871
3,"0.7",0,60,"7efp",0,"B","GLY",496,"","",True,1,1,1,"69","1244","A","B","pdbfiles/pdb7efp.ent","pdbs/7efp.A.pdb",-42.8380012512207,-33.87300109863281,-30.819000244140625
3,"0.7",0,61,"7efp",0,"B","GLY",502,"","",True,1,1,1,"67","1242","A","B","pdbfiles/pdb7efp.ent","pdbs/7efp.A.pdb",-40.26900100708008,-31.083999633789062,-38.66999816894531
3,"0.7",0,62,"7efr",0,"A","ASP",38,"","",False,1,1,1,"75","1245","A","B","pdbfiles/pdb7efr.ent","pdbs/7efr.A.pdb",29.273000717163086,44.257999420166016,27.033000946044922
3,"0.7",0,63,"7efr",0,"A","GLN",42,"","",False,1,1,1,"77","1246","A","B","pdbfiles/pdb7efr.ent","pdbs/7efr.A.pdb",27.649999618530273,47.452999114990234,29.902999877929688
3,"0.7",0,64,"7efr",0,"A","TYR",83,"","",False,1,1,1,"81","1247","A","B","pdbfiles/pdb7efr.ent","pdbs/7efr.A.pdb",27.56599998474121,28.145999908447266,11.927000045776367
3,"0.7",0,65,"7efr",0,"B","TYR",449,"","",True,1,1,1,"75","1245","A","B","pdbfiles/pdb7efr.ent","pdbs/7efr.A.pdb",30.0939998626709,46.57699966430664,27.10099983215332
3,"0.7",0,66,"7efr",0,"B","ASN",487,"","",True,1,1,1,"81","1247","A","B","pdbfiles/pdb7efr.ent","pdbs/7efr.A.pdb",29.764999389648438,27.628000259399414,10.157999992370605
3,"0.7",0,67,"7efr",0,"B","GLY",496,"","",True,1,1,1,"85","1249","A","B","pdbfiles/pdb7efr.ent","pdbs/7efr.A.pdb",33.53799819946289,42.915000915527344,30.77899932861328
3,"0.7",0,68,"7efr",0,"B","GLN",498,"","",True,1,1,1,"77","1246","A","B","pdbfiles/pdb7efr.ent","pdbs/7efr.A.pdb",29.948999404907227,45.555999755859375,30.222999572753906
3,"0.7",0,69,"7efr",0,"B","GLY",502,"","",True,1,1,1,"83","1248","A","B","pdbfiles/pdb7efr.ent","pdbs/7efr.A.pdb",31.051000595092773,40.125,38.51900100708008
3,"0.7",0,70,"7ekc",0,"A","GLN",24,"","",False,1,1,1,"86","1250","A","B","pdbfiles/pdb7ekc.ent","pdbs/7ekc.A.pdb",-33.39400100708008,47.72999954223633,-2.3529999256134033
3,"0.7",0,71,"7ekc",0,"A","GLN",42,"","",False,1,1,1,"92","1251","A","B","pdbfiles/pdb7ekc.ent","pdbs/7ekc.A.pdb",-42.111000061035156,17.937000274658203,-1.4210000038146973
3,"0.7",0,72,"7ekc",0,"A","LYS",353,"","",False,1,1,1,"95","1252","A","B","pdbfiles/pdb7ekc.ent","pdbs/7ekc.A.pdb",-30.503000259399414,16.9689998626709,1.6180000305175781
3,"0.7",0,73,"7ekc",0,"B","ASN",487,"","",True,1,1,1,"86","1250","A","B","pdbfiles/pdb7ekc.ent","pdbs/7ekc.A.pdb",-35.72999954223633,46.33100128173828,-1.8860000371932983
3,"0.7",0,74,"7ekc",0,"B","GLN",498,"","",True,1,1,1,"92","1251","A","B","pdbfiles/pdb7ekc.ent","pdbs/7ekc.A.pdb",-40.375999450683594,17.009000778198242,0.8029999732971191
3,"0.7",0,75,"7ekc",0,"B","GLY",502,"","",True,1,1,1,"95","1252","A","B","pdbfiles/pdb7ekc.ent","pdbs/7ekc.A.pdb",-30.426000595092773,14.529999732971191,3.181999921798706
3,"0.7",0,76,"7eke",0,"A","SER",19,"","",False,1,1,1,"97","1253","A","B","pdbfiles/pdb7eke.ent","pdbs/7eke.A.pdb",-32.882999420166016,49.15299987792969,2.2130000591278076
3,"0.7",0,77,"7eke",0,"A","GLU",35,"","",False,1,1,1,"101","1254","A","B","pdbfiles/pdb7eke.ent","pdbs/7eke.A.pdb",-41.25600051879883,29.270999908447266,0.9710000157356262
3,"0.7",0,78,"7eke",0,"A","TYR",83,"","",False,1,1,1,"106","1255","A","B","pdbfiles/pdb7eke.ent","pdbs/7eke.A.pdb",-36.7239990234375,43.12300109863281,-3.7820000648498535
3,"0.7",0,79,"7eke",0,"B","ALA",475,"","",True,1,1,1,"97","1253","A","B","pdbfiles/pdb7eke.ent","pdbs/7eke.A.pdb",-34.819000244140625,47.027000427246094,2.4040000438690186
3,"0.7",0,80,"7eke",0,"B","ASN",487,"","",True,1,1,1,"106","1255","A","B","pdbfiles/pdb7eke.ent","pdbs/7eke.A.pdb",-37.00299835205078,44.71500015258789,-1.8300000429153442
3,"0.7",0,81,"7eke",0,"B","GLN",493,"","",True,1,1,1,"101","1254","A","B","pdbfiles/pdb7eke.ent","pdbs/7eke.A.pdb",-39.20899963378906,29.898000717163086,2.8429999351501465
3,"0.7",0,82,"7eke",0,"B","GLY",496,"","",True,1,1,1,"109","1257","A","B","pdbfiles/pdb7eke.ent","pdbs/7eke.A.pdb",-37.9630012512207,19.804000854492188,4.892000198364258
3,"0.7",0,83,"7eke",0,"B","GLY",502,"","",True,1,1,1,"107","1256","A","B","pdbfiles/pdb7eke.ent","pdbs/7eke.A.pdb",-31.13800048828125,14.96500015258789,3.1419999599456787
3,"0.7",0,84,"7ekf",0,"A","GLN",24,"","",False,1,1,1,"110","1258","A","B","pdbfiles/pdb7ekf.ent","pdbs/7ekf.A.pdb",-35.237998962402344,48.106998443603516,-2.871000051498413
3,"0.7",0,85,"7ekf",0,"A","HIS",34,"","",False,1,1,1,"114","1259","A","B","pdbfiles/pdb7ekf.ent","pdbs/7ekf.A.pdb",-39.262001037597656,29.235000610351562,3.1640000343322754
3,"0.7",0,86,"7ekf",0,"A","TYR",83,"","",False,1,1,1,"119","1260","A","B","pdbfiles/pdb7ekf.ent","pdbs/7ekf.A.pdb",-37.08100128173828,42.85100173950195,-4.120999813079834
3,"0.7",0,87,"7ekf",0,"A","LYS",353,"","",False,1,1,1,"120","1261","A","B","pdbfiles/pdb7ekf.ent","pdbs/7ekf.A.pdb",-31.816999435424805,17.191999435424805,1.3630000352859497
3,"0.7",0,88,"7ekf",0,"B","GLN",493,"","",True,1,1,1,"114","1259","A","B","pdbfiles/pdb7ekf.ent","pdbs/7ekf.A.pdb",-40.7760009765625,31.003000259399414,3.9579999446868896
3,"0.7",0,89,"7ekf",0,"B","GLY",502,"","",True,1,1,1,"120","1261","A","B","pdbfiles/pdb7ekf.ent","pdbs/7ekf.A.pdb",-31.517000198364258,14.937999725341797,2.9800000190734863
3,"0.7",0,90,"7ekg",0,"A","GLN",24,"","",False,1,1,1,"121","1262","A","B","pdbfiles/pdb7ekg.ent","pdbs/7ekg.A.pdb",-35.89099884033203,48.409000396728516,-2.9210000038146973
3,"0.7",0,91,"7ekg",0,"A","GLN",42,"","",False,1,1,1,"126","1263","A","B","pdbfiles/pdb7ekg.ent","pdbs/7ekg.A.pdb",-44.52399826049805,20.18199920654297,-0.527999997138977
3,"0.7",0,92,"7ekg",0,"A","TYR",83,"","",False,1,1,1,"128","1264","A","B","pdbfiles/pdb7ekg.ent","pdbs/7ekg.A.pdb",-37.61600112915039,43.41699981689453,-4.13100004196167
3,"0.7",0,93,"7ekg",0,"A","LYS",353,"","",False,1,1,1,"129","1265","A","B","pdbfiles/pdb7ekg.ent","pdbs/7ekg.A.pdb",-31.96500015258789,17.496999740600586,1.430999994277954
3,"0.7",0,94,"7ekg",0,"B","TYR",449,"","",True,1,1,1,"126","1263","A","B","pdbfiles/pdb7ekg.ent","pdbs/7ekg.A.pdb",-43.82099914550781,21.736000061035156,1.9210000038146973
3,"0.7",0,95,"7ekg",0,"B","GLY",502,"","",True,1,1,1,"129","1265","A","B","pdbfiles/pdb7ekg.ent","pdbs/7ekg.A.pdb",-31.770000457763672,15.024999618530273,2.8570001125335693
3,"0.7",0,96,"7ekh",0,"A","SER",19,"","",False,1,1,1,"131","1266","A","B","pdbfiles/pdb7ekh.ent","pdbs/7ekh.A.pdb",-32.23899841308594,49.1879997253418,2.013000011444092
3,"0.7",0,97,"7ekh",0,"A","GLN",24,"","",False,1,1,1,"132","1267","A","B","pdbfiles/pdb7ekh.ent","pdbs/7ekh.A.pdb",-34.36399841308594,48.25400161743164,-2.5439999103546143
3,"0.7",0,98,"7ekh",0,"A","ASP",38,"","",False,1,1,1,"137","1268","A","B","pdbfiles/pdb7ekh.ent","pdbs/7ekh.A.pdb",-41.132999420166016,23.4060001373291,1.0800000429153442
3,"0.7",0,99,"7ekh",0,"A","TYR",83,"","",False,1,1,1,"140","1271","A","B","pdbfiles/pdb7ekh.ent","pdbs/7ekh.A.pdb",-35.994998931884766,43.19900131225586,-3.4140000343322754
3,"0.7",0,100,"7ekh",0,"B","GLY",446,"","",True,1,1,1,"137","1269","A","B","pdbfiles/pdb7ekh.ent","pdbs/7ekh.A.pdb",-44.154998779296875,17.968000411987305,2.7209999561309814
3,"0.7",0,101,"7ekh",0,"B","ALA",475,"","",True,1,1,1,"131","1266","A","B","pdbfiles/pdb7ekh.ent","pdbs/7ekh.A.pdb",-34.099998474121094,47.32600021362305,2.941999912261963
3,"0.7",0,102,"7ekh",0,"B","GLY",496,"","",True,1,1,1,"143","1273","A","B","pdbfiles/pdb7ekh.ent","pdbs/7ekh.A.pdb",-37.40299987792969,20.084999084472656,5.190000057220459
3,"0.7",0,103,"7ekh",0,"B","GLY",502,"","",True,1,1,1,"141","1272","A","B","pdbfiles/pdb7ekh.ent","pdbs/7ekh.A.pdb",-30.589000701904297,15.147000312805176,3.4839999675750732
3,"0.7",0,104,"7fc5",0,"A","SER",34,"","",True,1,1,1,"152","1277","E","A","pdbfiles/pdb7fc5.ent","pdbs/7fc5.E.pdb",5.545000076293945,-31.48200035095215,-32.744998931884766
3,"0.7",0,105,"7fc5",0,"A","TYR",83,"","",True,1,1,1,"151","1276","E","A","pdbfiles/pdb7fc5.ent","pdbs/7fc5.E.pdb",-4.797999858856201,-28.246999740600586,-40.59199905395508
3,"0.7",0,106,"7fc5",0,"E","TYR",449,"","",False,1,1,1,"146","1274","E","A","pdbfiles/pdb7fc5.ent","pdbs/7fc5.E.pdb",9.07699966430664,-32.54499816894531,-20.65399932861328
3,"0.7",0,107,"7fc5",0,"E","ASN",487,"","",False,1,1,1,"151","1276","E","A","pdbfiles/pdb7fc5.ent","pdbs/7fc5.E.pdb",-3.8959999084472656,-26.084999084472656,-41.849998474121094
3,"0.7",0,108,"7fc5",0,"E","GLN",493,"","",False,1,1,1,"152","1277","E","A","pdbfiles/pdb7fc5.ent","pdbs/7fc5.E.pdb",5.64900016784668,-29.018999099731445,-31.049999237060547
3,"0.7",0,109,"7fc5",0,"E","GLN",498,"","",False,1,1,1,"146","1275","E","A","pdbfiles/pdb7fc5.ent","pdbs/7fc5.E.pdb",10.48900032043457,-35.645999908447266,-21.1560001373291
3,"0.7",0,110,"7lo4",0,"A","SER",19,"","",False,1,1,1,"154","1278","A","B","pdbfiles/pdb7lo4.ent","pdbs/7lo4.A.pdb",20.378999710083008,16.073999404907227,-65.5479965209961
3,"0.7",0,111,"7lo4",0,"A","LYS",31,"","",False,1,1,1,"157","1279","A","B","pdbfiles/pdb7lo4.ent","pdbs/7lo4.A.pdb",8.786999702453613,4.99399995803833,-57.33599853515625
3,"0.7",0,112,"7lo4",0,"A","TYR",83,"","",False,1,1,1,"163","1282","A","B","pdbfiles/pdb7lo4.ent","pdbs/7lo4.A.pdb",17.634000778198242,13.274999618530273,-56.986000061035156
3,"0.7",0,113,"7lo4",0,"B","TYR",449,"","",True,1,1,1,"161","1281","A","B","pdbfiles/pdb7lo4.ent","pdbs/7lo4.A.pdb",-2.2179999351501465,1.6490000486373901,-52.52399826049805
3,"0.7",0,114,"7lo4",0,"B","ALA",475,"","",True,1,1,1,"154","1278","A","B","pdbfiles/pdb7lo4.ent","pdbs/7lo4.A.pdb",18.990999221801758,13.819999694824219,-65.03399658203125
3,"0.7",0,115,"7lo4",0,"B","ASN",487,"","",True,1,1,1,"163","1282","A","B","pdbfiles/pdb7lo4.ent","pdbs/7lo4.A.pdb",18.972999572753906,12.637999534606934,-59.06800079345703
3,"0.7",0,116,"7lo4",0,"B","GLN",493,"","",True,1,1,1,"157","1279","A","B","pdbfiles/pdb7lo4.ent","pdbs/7lo4.A.pdb",7.521999835968018,4.724999904632568,-59.584999084472656
3,"0.7",0,117,"7lo4",0,"B","GLY",496,"","",True,1,1,1,"166","1284","A","B","pdbfiles/pdb7lo4.ent","pdbs/7lo4.A.pdb",-5.341000080108643,4.901000022888184,-56.45100021362305
3,"0.7",0,118,"7lo4",0,"B","GLY",502,"","",True,1,1,1,"164","1283","A","B","pdbfiles/pdb7lo4.ent","pdbs/7lo4.A.pdb",-11.52299976348877,10.75,-54.349998474121094
3,"0.7",0,119,"7pki",0,"A","GLN",24,"","",False,1,1,1,"167","1286","A","E","pdbfiles/pdb7pki.ent","pdbs/7pki.A.pdb",48.2400016784668,105.16999816894531,6.13100004196167
3,"0.7",0,120,"7pki",0,"A","TYR",83,"","",False,1,1,1,"175","1287","A","E","pdbfiles/pdb7pki.ent","pdbs/7pki.A.pdb",52.819000244140625,105.10600280761719,8.392000198364258
3,"0.7",0,121,"7pki",0,"A","LYS",353,"","",False,1,1,1,"176","1288","A","E","pdbfiles/pdb7pki.ent","pdbs/7pki.A.pdb",78.60700225830078,112.1969985961914,4.256999969482422
3,"0.7",0,122,"7pki",0,"E","GLY",498,"","",True,1,1,1,"176","1288","A","E","pdbfiles/pdb7pki.ent","pdbs/7pki.A.pdb",80.65699768066406,114.05999755859375,4.146999835968018
3,"0.7",0,123,"7spp",0,"A","ARG",346,"","",False,1,1,1,"180","1289","A","C","pdbfiles/pdb7spp.ent","pdbs/7spp.A.pdb",6.5370001792907715,-0.03400000184774399,11.510000228881836
3,"0.7",0,124,"7spp",0,"A","ASN",354,"","",False,1,1,1,"183","1290","A","C","pdbfiles/pdb7spp.ent","pdbs/7spp.A.pdb",13.64799976348877,4.624000072479248,7.560999870300293
3,"0.7",0,125,"7spp",0,"A","GLY",446,"","",False,1,1,1,"184","1291","A","C","pdbfiles/pdb7spp.ent","pdbs/7spp.A.pdb",15.767000198364258,-7.96999979019165,28.698999404907227
3,"0.7",0,126,"7spp",0,"A","THR",470,"","",False,1,1,1,"185","1292","A","C","pdbfiles/pdb7spp.ent","pdbs/7spp.A.pdb",22.503000259399414,-9.923999786376953,6.078000068664551
3,"0.7",0,127,"7spp",0,"C","ARG",52,"","",True,1,1,1,"185","1292","A","C","pdbfiles/pdb7spp.ent","pdbs/7spp.A.pdb",20.409000396728516,-12.01099967956543,6.313000202178955
3,"0.7",0,128,"7spp",0,"C","SER",63,"","",True,1,1,1,"184","1291","A","C","pdbfiles/pdb7spp.ent","pdbs/7spp.A.pdb",15.190999984741211,-10.697999954223633,29.768999099731445
3,"0.7",0,129,"7spp",0,"C","ASN",115,"","",True,1,1,1,"183","1290","A","C","pdbfiles/pdb7spp.ent","pdbs/7spp.A.pdb",12.057999610900879,2.562000036239624,6.581999778747559
3,"0.7",0,130,"7spp",0,"C","TYR",118,"","",True,1,1,1,"180","1289","A","C","pdbfiles/pdb7spp.ent","pdbs/7spp.A.pdb",6.5269999504089355,-1.4079999923706055,9.38700008392334
3,"0.7",0,131,"7sxy",0,"B","TYR",449,"","",False,1,1,1,"190","1293","B","E","pdbfiles/pdb7sxy.ent","pdbs/7sxy.B.pdb",231.1580047607422,168.08099365234375,254.2239990234375
3,"0.7",0,132,"7sxy",0,"B","ASN",487,"","",False,1,1,1,"193","1294","B","E","pdbfiles/pdb7sxy.ent","pdbs/7sxy.B.pdb",226.11000061035156,191.02000427246094,262.6180114746094
3,"0.7",0,133,"7sxy",0,"B","SER",494,"","",False,1,1,1,"194","1295","B","E","pdbfiles/pdb7sxy.ent","pdbs/7sxy.B.pdb",228.98399353027344,174.63600158691406,250.83799743652344
3,"0.7",0,134,"7sxy",0,"B","GLY",502,"","",False,1,1,1,"197","1296","B","E","pdbfiles/pdb7sxy.ent","pdbs/7sxy.B.pdb",219.61199951171875,163.5780029296875,249.51400756835938
3,"0.7",0,135,"7sxy",0,"B","TYR",505,"","",False,1,1,1,"199","1297","B","E","pdbfiles/pdb7sxy.ent","pdbs/7sxy.B.pdb",218.1060028076172,171.13800048828125,252.85899353027344
3,"0.7",0,136,"7sxy",0,"E","HIS",34,"","",True,1,1,1,"194","1295","B","E","pdbfiles/pdb7sxy.ent","pdbs/7sxy.B.pdb",227.69400024414062,176.1529998779297,253.0
3,"0.7",0,137,"7sxy",0,"E","GLU",37,"","",True,1,1,1,"199","1297","B","E","pdbfiles/pdb7sxy.ent","pdbs/7sxy.B.pdb",219.5500030517578,170.85899353027344,254.88800048828125
3,"0.7",0,138,"7sxy",0,"E","ASP",38,"","",True,1,1,1,"190","1293","B","E","pdbfiles/pdb7sxy.ent","pdbs/7sxy.B.pdb",229.61199951171875,169.80499267578125,255.95700073242188
3,"0.7",0,139,"7sxy",0,"E","TYR",83,"","",True,1,1,1,"193","1294","B","E","pdbfiles/pdb7sxy.ent","pdbs/7sxy.B.pdb",225.4010009765625,189.04400634765625,263.6860046386719
3,"0.7",0,140,"7sxy",0,"E","LYS",353,"","",True,1,1,1,"197","1296","B","E","pdbfiles/pdb7sxy.ent","pdbs/7sxy.B.pdb",219.69700622558594,165.5709991455078,251.72500610351562
3,"0.7",0,141,"7sy0",0,"B","TYR",449,"","",False,1,1,1,"201","1298","B","E","pdbfiles/pdb7sy0.ent","pdbs/7sy0.B.pdb",231.656005859375,168.01499938964844,254.3000030517578
3,"0.7",0,142,"7sy0",0,"B","ASN",487,"","",False,1,1,1,"205","1299","B","E","pdbfiles/pdb7sy0.ent","pdbs/7sy0.B.pdb",226.12399291992188,190.7449951171875,262.7749938964844
3,"0.7",0,143,"7sy0",0,"B","GLY",502,"","",False,1,1,1,"208","1300","B","E","pdbfiles/pdb7sy0.ent","pdbs/7sy0.B.pdb",220.07400512695312,163.33799743652344,249.6439971923828
3,"0.7",0,144,"7sy0",0,"B","TYR",505,"","",False,1,1,1,"210","1301","B","E","pdbfiles/pdb7sy0.ent","pdbs/7sy0.B.pdb",218.5050048828125,170.96299743652344,252.99000549316406
3,"0.7",0,145,"7sy0",0,"E","GLU",37,"","",True,1,1,1,"210","1301","B","E","pdbfiles/pdb7sy0.ent","pdbs/7sy0.B.pdb",220.00900268554688,171.39199829101562,254.91000366210938
3,"0.7",0,146,"7sy0",0,"E","ASP",38,"","",True,1,1,1,"201","1298","B","E","pdbfiles/pdb7sy0.ent","pdbs/7sy0.B.pdb",230.13099670410156,169.25999450683594,256.0889892578125
3,"0.7",0,147,"7sy0",0,"E","TYR",83,"","",True,1,1,1,"205","1299","B","E","pdbfiles/pdb7sy0.ent","pdbs/7sy0.B.pdb",225.34300231933594,188.81300354003906,263.8340148925781
3,"0.7",0,148,"7sy0",0,"E","LYS",353,"","",True,1,1,1,"208","1300","B","E","pdbfiles/pdb7sy0.ent","pdbs/7sy0.B.pdb",220.01600646972656,165.3300018310547,251.8260040283203
3,"0.7",0,149,"7sy6",0,"B","ASN",487,"","",False,1,1,1,"213","1302","B","E","pdbfiles/pdb7sy6.ent","pdbs/7sy6.B.pdb",228.83999633789062,189.26400756835938,263.20599365234375
3,"0.7",0,150,"7sy6",0,"B","GLN",498,"","",False,1,1,1,"214","1303","B","E","pdbfiles/pdb7sy6.ent","pdbs/7sy6.B.pdb",229.50900268554688,163.36199951171875,254.1230010986328
3,"0.7",0,151,"7sy6",0,"B","GLY",502,"","",False,1,1,1,"218","1304","B","E","pdbfiles/pdb7sy6.ent","pdbs/7sy6.B.pdb",220.62899780273438,162.58900451660156,249.97300720214844
3,"0.7",0,152,"7sy6",0,"E","GLN",42,"","",True,1,1,1,"214","1303","B","E","pdbfiles/pdb7sy6.ent","pdbs/7sy6.B.pdb",230.83599853515625,163.9739990234375,256.1080017089844
3,"0.7",0,153,"7sy6",0,"E","TYR",83,"","",True,1,1,1,"213","1302","B","E","pdbfiles/pdb7sy6.ent","pdbs/7sy6.B.pdb",227.90199279785156,187.3459930419922,264.2959899902344
3,"0.7",0,154,"7sy6",0,"E","LYS",353,"","",True,1,1,1,"218","1304","B","E","pdbfiles/pdb7sy6.ent","pdbs/7sy6.B.pdb",220.62100219726562,164.4810028076172,252.27699279785156
3,"0.7",0,155,"7t9l",0,"A","ASN",487,"","",False,1,1,1,"221","1305","A","D","pdbfiles/pdb7t9l.ent","pdbs/7t9l.A.pdb",228.67100524902344,187.96499633789062,265.0090026855469
3,"0.7",0,156,"7t9l",0,"A","GLY",502,"","",False,1,1,1,"227","1306","A","D","pdbfiles/pdb7t9l.ent","pdbs/7t9l.A.pdb",221.9810028076172,161.2760009765625,250.86399841308594
3,"0.7",0,157,"7t9l",0,"D","TYR",83,"","",True,1,1,1,"221","1305","A","D","pdbfiles/pdb7t9l.ent","pdbs/7t9l.A.pdb",227.4929962158203,186.0,266.43798828125
3,"0.7",0,158,"7t9l",0,"D","LYS",353,"","",True,1,1,1,"227","1306","A","D","pdbfiles/pdb7t9l.ent","pdbs/7t9l.A.pdb",222.41400146484375,163.07400512695312,253.2169952392578
3,"0.7",0,159,"7v84",0,"F","LYS",31,"","",True,1,1,1,"229","1307","A","F","pdbfiles/pdb7v84.ent","pdbs/7v84.A.pdb",187.88800048828125,193.40899658203125,181.67599487304688
3,"0.7",0,160,"7v84",0,"F","HIS",34,"","",True,1,1,1,"229","1308","A","F","pdbfiles/pdb7v84.ent","pdbs/7v84.A.pdb",192.20399475097656,192.76199340820312,183.1199951171875
3,"0.7",0,161,"7w6u",0,"A","SER",34,"","",False,1,1,1,"236","1309","A","B","pdbfiles/pdb7w6u.ent","pdbs/7w6u.A.pdb",-6.230000019073486,66.6500015258789,-2.388000011444092
3,"0.7",0,162,"7w6u",0,"A","GLU",38,"","",False,1,1,1,"237","1310","A","B","pdbfiles/pdb7w6u.ent","pdbs/7w6u.A.pdb",-9.02400016784668,67.09400177001953,-8.75100040435791
3,"0.7",0,163,"7w6u",0,"A","GLN",42,"","",False,1,1,1,"238","1311","A","B","pdbfiles/pdb7w6u.ent","pdbs/7w6u.A.pdb",-7.158999919891357,65.15599822998047,-13.437999725341797
3,"0.7",0,164,"7w6u",0,"A","TYR",83,"","",False,1,1,1,"239","1312","A","B","pdbfiles/pdb7w6u.ent","pdbs/7w6u.A.pdb",4.96999979019165,69.4990005493164,5.540999889373779
3,"0.7",0,165,"7w6u",0,"A","LYS",353,"","",False,1,1,1,"240","1313","A","B","pdbfiles/pdb7w6u.ent","pdbs/7w6u.A.pdb",-12.840999603271484,55.340999603271484,-9.251999855041504
3,"0.7",0,166,"7w6u",0,"B","TYR",449,"","",True,1,1,1,"238","1311","A","B","pdbfiles/pdb7w6u.ent","pdbs/7w6u.A.pdb",-9.41100025177002,65.27400207519531,-14.17199993133545
3,"0.7",0,167,"7w6u",0,"B","ASN",487,"","",True,1,1,1,"239","1312","A","B","pdbfiles/pdb7w6u.ent","pdbs/7w6u.A.pdb",3.7119998931884766,71.65599822998047,7.113999843597412
3,"0.7",0,168,"7w6u",0,"B","GLN",493,"","",True,1,1,1,"236","1309","A","B","pdbfiles/pdb7w6u.ent","pdbs/7w6u.A.pdb",-6.796999931335449,68.84300231933594,-3.5880000591278076
3,"0.7",0,169,"7w6u",0,"B","SER",494,"","",True,1,1,1,"237","1310","A","B","pdbfiles/pdb7w6u.ent","pdbs/7w6u.A.pdb",-10.168999671936035,69.41600036621094,-8.321999549865723
3,"0.7",0,170,"7w6u",0,"B","GLY",502,"","",True,1,1,1,"240","1313","A","B","pdbfiles/pdb7w6u.ent","pdbs/7w6u.A.pdb",-15.265000343322754,54.257999420166016,-10.574000358581543
3,"0.7",0,171,"7w9i",0,"A","GLN",24,"","",False,1,1,1,"249","1314","A","E","pdbfiles/pdb7w9i.ent","pdbs/7w9i.A.pdb",224.00399780273438,173.99400329589844,281.6419982910156
3,"0.7",0,172,"7w9i",0,"A","GLU",37,"","",False,1,1,1,"254","1315","A","E","pdbfiles/pdb7w9i.ent","pdbs/7w9i.A.pdb",210.20599365234375,155.98699951171875,273.3659973144531
3,"0.7",0,173,"7w9i",0,"A","GLN",42,"","",False,1,1,1,"256","1316","A","E","pdbfiles/pdb7w9i.ent","pdbs/7w9i.A.pdb",219.33799743652344,147.4010009765625,273.19500732421875
3,"0.7",0,174,"7w9i",0,"A","TYR",83,"","",False,1,1,1,"258","1317","A","E","pdbfiles/pdb7w9i.ent","pdbs/7w9i.A.pdb",222.94200134277344,168.8280029296875,282.2019958496094
3,"0.7",0,175,"7w9i",0,"E","TYR",449,"","",True,1,1,1,"256","1316","A","E","pdbfiles/pdb7w9i.ent","pdbs/7w9i.A.pdb",219.97500610351562,148.8249969482422,271.3479919433594
3,"0.7",0,176,"7w9i",0,"E","TYR",505,"","",True,1,1,1,"254","1315","A","E","pdbfiles/pdb7w9i.ent","pdbs/7w9i.A.pdb",209.16200256347656,156.3509979248047,270.6549987792969
3,"0.7",0,177,"7wa1",0,"A","GLU",37,"","",False,1,1,1,"266","1318","A","B","pdbfiles/pdb7wa1.ent","pdbs/7wa1.A.pdb",118.93199920654297,120.86499786376953,97.66999816894531
3,"0.7",0,178,"7wa1",0,"A","GLN",42,"","",False,1,1,1,"269","1319","A","B","pdbfiles/pdb7wa1.ent","pdbs/7wa1.A.pdb",106.95700073242188,115.35199737548828,95.43399810791016
3,"0.7",0,179,"7wa1",0,"A","LYS",353,"","",False,1,1,1,"270","1320","A","B","pdbfiles/pdb7wa1.ent","pdbs/7wa1.A.pdb",114.9260025024414,125.55500030517578,97.61299896240234
3,"0.7",0,180,"7wa1",0,"B","TYR",449,"","",True,1,1,1,"269","1319","A","B","pdbfiles/pdb7wa1.ent","pdbs/7wa1.A.pdb",108.2509994506836,115.80699920654297,93.25199890136719
3,"0.7",0,181,"7wa1",0,"B","GLY",502,"","",True,1,1,1,"270","1320","A","B","pdbfiles/pdb7wa1.ent","pdbs/7wa1.A.pdb",113.09500122070312,127.7969970703125,96.82599639892578
3,"0.7",0,182,"7wa1",0,"B","TYR",505,"","",True,1,1,1,"266","1318","A","B","pdbfiles/pdb7wa1.ent","pdbs/7wa1.A.pdb",120.41400146484375,122.24600219726562,95.69100189208984
3,"0.7",0,183,"7wnm",0,"A","ALA",475,"","",True,1,1,1,"273","1321","B","A","pdbfiles/pdb7wnm.ent","pdbs/7wnm.B.pdb",-51.78900146484375,50.150001525878906,21.652999877929688
3,"0.7",0,184,"7wnm",0,"A","SER",494,"","",True,1,1,1,"277","1323","B","A","pdbfiles/pdb7wnm.ent","pdbs/7wnm.B.pdb",-50.30799865722656,28.96500015258789,23.797000885009766
3,"0.7",0,185,"7wnm",0,"A","GLY",502,"","",True,1,1,1,"283","1325","B","A","pdbfiles/pdb7wnm.ent","pdbs/7wnm.B.pdb",-39.20600128173828,21.332000732421875,20.638999938964844
3,"0.7",0,186,"7wnm",0,"B","SER",19,"","",False,1,1,1,"273","1321","B","A","pdbfiles/pdb7wnm.ent","pdbs/7wnm.B.pdb",-50.77399826049805,52.77399826049805,21.601999282836914
3,"0.7",0,187,"7wnm",0,"B","GLN",24,"","",False,1,1,1,"274","1322","B","A","pdbfiles/pdb7wnm.ent","pdbs/7wnm.B.pdb",-52.38199996948242,51.992000579833984,16.89699935913086
3,"0.7",0,188,"7wnm",0,"B","HIS",34,"","",False,1,1,1,"277","1323","B","A","pdbfiles/pdb7wnm.ent","pdbs/7wnm.B.pdb",-49.89899826049805,31.19700050354004,22.392000198364258
3,"0.7",0,189,"7wnm",0,"B","TYR",83,"","",False,1,1,1,"282","1324","B","A","pdbfiles/pdb7wnm.ent","pdbs/7wnm.B.pdb",-52.59600067138672,46.72700119018555,15.359999656677246
3,"0.7",0,190,"7wnm",0,"B","LYS",353,"","",False,1,1,1,"283","1325","B","A","pdbfiles/pdb7wnm.ent","pdbs/7wnm.B.pdb",-39.99700164794922,23.635000228881836,19.329999923706055
3,"0.7",0,191,"7wpb",0,"A","ASN",474,"","",False,1,1,1,"298","1326","A","D","pdbfiles/pdb7wpb.ent","pdbs/7wpb.A.pdb",222.07899475097656,192.46200561523438,263.3160095214844
3,"0.7",0,192,"7wpb",0,"A","GLY",499,"","",False,1,1,1,"306","1329","A","D","pdbfiles/pdb7wpb.ent","pdbs/7wpb.A.pdb",190.53700256347656,171.21200561523438,257.2969970703125
3,"0.7",0,193,"7wpb",0,"D","SER",19,"","",True,1,1,1,"298","1326","A","D","pdbfiles/pdb7wpb.ent","pdbs/7wpb.A.pdb",219.74400329589844,193.2480010986328,262.5270080566406
3,"0.7",0,194,"7wpb",0,"D","GLN",24,"","",True,1,1,1,"301","1328","A","D","pdbfiles/pdb7wpb.ent","pdbs/7wpb.A.pdb",217.4340057373047,189.77999877929688,267.42401123046875
3,"0.7",0,195,"7wpb",0,"D","TYR",83,"","",True,1,1,1,"300","1327","A","D","pdbfiles/pdb7wpb.ent","pdbs/7wpb.A.pdb",214.1230010986328,185.64199829101562,268.5690002441406
3,"0.7",0,196,"7wpb",0,"D","LYS",353,"","",True,1,1,1,"306","1329","A","D","pdbfiles/pdb7wpb.ent","pdbs/7wpb.A.pdb",192.2310028076172,172.5659942626953,259.1629943847656
3,"0.7",0,197,"7wse",0,"A","GLN",24,"","",False,1,1,1,"307","1330","A","B","pdbfiles/pdb7wse.ent","pdbs/7wse.A.pdb",95.86699676513672,90.22599792480469,138.9250030517578
3,"0.7",0,198,"7wse",0,"A","HIS",34,"","",False,1,1,1,"314","1331","A","B","pdbfiles/pdb7wse.ent","pdbs/7wse.A.pdb",111.91899871826172,104.79900360107422,136.9149932861328
3,"0.7",0,199,"7wse",0,"A","ASP",38,"","",False,1,1,1,"316","1332","A","B","pdbfiles/pdb7wse.ent","pdbs/7wse.A.pdb",117.0479965209961,105.6520004272461,131.24400329589844
3,"0.7",0,200,"7wse",0,"A","LYS",352,"","",False,1,1,1,"321","1333","A","B","pdbfiles/pdb7wse.ent","pdbs/7wse.A.pdb",112.73600006103516,114.14199829101562,127.37300109863281
3,"0.7",0,201,"7wse",0,"B","TYR",449,"","",True,1,1,1,"316","1332","A","B","pdbfiles/pdb7wse.ent","pdbs/7wse.A.pdb",118.98200225830078,105.00700378417969,132.3800048828125
3,"0.7",0,202,"7wse",0,"B","ASN",487,"","",True,1,1,1,"307","1330","A","B","pdbfiles/pdb7wse.ent","pdbs/7wse.A.pdb",98.74600219726562,89.77300262451172,139.57400512695312
3,"0.7",0,203,"7wse",0,"B","SER",494,"","",True,1,1,1,"314","1331","A","B","pdbfiles/pdb7wse.ent","pdbs/7wse.A.pdb",114.34600067138672,105.76399993896484,137.26600646972656
3,"0.7",0,204,"7wse",0,"B","GLY",502,"","",True,1,1,1,"321","1333","A","B","pdbfiles/pdb7wse.ent","pdbs/7wse.A.pdb",114.20999908447266,116.71499633789062,127.37699890136719
3,"0.7",0,205,"7wsh",0,"A","GLU",38,"","",False,1,1,1,"329","1334","A","B","pdbfiles/pdb7wsh.ent","pdbs/7wsh.A.pdb",110.33100128173828,127.81500244140625,142.4550018310547
3,"0.7",0,206,"7wsh",0,"A","LYS",353,"","",False,1,1,1,"331","1335","A","B","pdbfiles/pdb7wsh.ent","pdbs/7wsh.A.pdb",115.0979995727539,118.36000061035156,140.50999450683594
3,"0.7",0,207,"7wsh",0,"B","TYR",449,"","",True,1,1,1,"329","1334","A","B","pdbfiles/pdb7wsh.ent","pdbs/7wsh.A.pdb",108.55599975585938,128.80099487304688,143.73599243164062
3,"0.7",0,208,"7wsh",0,"B","GLY",502,"","",True,1,1,1,"331","1335","A","B","pdbfiles/pdb7wsh.ent","pdbs/7wsh.A.pdb",113.23500061035156,116.62699890136719,141.2729949951172
3,"0.7",0,209,"7xo6",0,"A","THR",500,"","",True,1,1,1,"339","1339","D","A","pdbfiles/pdb7xo6.ent","pdbs/7xo6.D.pdb",192.36599731445312,167.33099365234375,260.0429992675781
3,"0.7",0,210,"7xo6",0,"D","GLN",34,"","",False,1,1,1,"336","1336","D","A","pdbfiles/pdb7xo6.ent","pdbs/7xo6.D.pdb",208.52499389648438,175.42799377441406,262.63800048828125
3,"0.7",0,211,"7xo6",0,"D","TYR",41,"","",False,1,1,1,"339","1339","D","A","pdbfiles/pdb7xo6.ent","pdbs/7xo6.D.pdb",194.10499572753906,166.8300018310547,262.1369934082031
3,"0.7",0,212,"7xo9",0,"A","TYR",449,"","",False,1,1,1,"342","1340","A","D","pdbfiles/pdb7xo9.ent","pdbs/7xo9.A.pdb",203.0959930419922,165.41200256347656,262.48199462890625
3,"0.7",0,213,"7xo9",0,"A","ASN",487,"","",False,1,1,1,"344","1341","A","D","pdbfiles/pdb7xo9.ent","pdbs/7xo9.A.pdb",219.1909942626953,185.4080047607422,267.6990051269531
3,"0.7",0,214,"7xo9",0,"A","GLY",502,"","",False,1,1,1,"351","1342","A","D","pdbfiles/pdb7xo9.ent","pdbs/7xo9.A.pdb",191.2779998779297,170.55099487304688,257.7340087890625
3,"0.7",0,215,"7xo9",0,"D","GLN",24,"","",True,1,1,1,"344","1341","A","D","pdbfiles/pdb7xo9.ent","pdbs/7xo9.A.pdb",218.01300048828125,188.0330047607422,268.41900634765625
3,"0.7",0,216,"7xo9",0,"D","GLN",42,"","",True,1,1,1,"342","1340","A","D","pdbfiles/pdb7xo9.ent","pdbs/7xo9.A.pdb",202.42300415039062,165.3300018310547,265.3340148925781
3,"0.7",0,217,"7xo9",0,"D","LYS",353,"","",True,1,1,1,"351","1342","A","D","pdbfiles/pdb7xo9.ent","pdbs/7xo9.A.pdb",192.7519989013672,172.1649932861328,259.5690002441406
3,"0.7",0,218,"7xoc",0,"A","TYR",449,"","",True,1,1,1,"360","1346","D","A","pdbfiles/pdb7xoc.ent","pdbs/7xoc.D.pdb",203.677001953125,165.2469940185547,262.3420104980469
3,"0.7",0,219,"7xoc",0,"A","TYR",453,"","",True,1,1,1,"355","1345","D","A","pdbfiles/pdb7xoc.ent","pdbs/7xoc.D.pdb",206.07400512695312,174.7050018310547,257.99700927734375
3,"0.7",0,220,"7xoc",0,"D","GLN",34,"","",False,1,1,1,"355","1345","D","A","pdbfiles/pdb7xoc.ent","pdbs/7xoc.D.pdb",206.75999450683594,174.08700561523438,260.29400634765625
3,"0.7",0,221,"7xoc",0,"D","GLN",42,"","",False,1,1,1,"360","1346","D","A","pdbfiles/pdb7xoc.ent","pdbs/7xoc.D.pdb",203.36500549316406,165.75900268554688,265.1730041503906
3,"0.7",0,222,"8dlq",0,"B","TYR",449,"","",False,1,1,1,"363","1347","B","E","pdbfiles/pdb8dlq.ent","pdbs/8dlq.B.pdb",232.13499450683594,167.7530059814453,254.43899536132812
3,"0.7",0,223,"8dlq",0,"B","ASN",487,"","",False,1,1,1,"367","1348","B","E","pdbfiles/pdb8dlq.ent","pdbs/8dlq.B.pdb",226.97000122070312,190.18800354003906,262.3999938964844
3,"0.7",0,224,"8dlq",0,"B","GLN",493,"","",False,1,1,1,"368","1349","B","E","pdbfiles/pdb8dlq.ent","pdbs/8dlq.B.pdb",230.78399658203125,178.41000366210938,254.1439971923828
3,"0.7",0,225,"8dlq",0,"E","HIS",34,"","",True,1,1,1,"368","1349","B","E","pdbfiles/pdb8dlq.ent","pdbs/8dlq.B.pdb",229.02000427246094,176.1020050048828,254.33099365234375
3,"0.7",0,226,"8dlq",0,"E","GLN",42,"","",True,1,1,1,"363","1347","B","E","pdbfiles/pdb8dlq.ent","pdbs/8dlq.B.pdb",231.39500427246094,165.3489990234375,256.0450134277344
3,"0.7",0,227,"8dlq",0,"E","TYR",83,"","",True,1,1,1,"367","1348","B","E","pdbfiles/pdb8dlq.ent","pdbs/8dlq.B.pdb",226.32699584960938,188.39999389648438,263.89801025390625
3,"0.7",0,228,"8dm6",0,"A","ASN",487,"","",False,1,1,1,"374","1350","A","D","pdbfiles/pdb8dm6.ent","pdbs/8dm6.A.pdb",226.96400451660156,187.13600158691406,268.3089904785156
3,"0.7",0,229,"8dm6",0,"A","GLY",502,"","",False,1,1,1,"379","1351","A","D","pdbfiles/pdb8dm6.ent","pdbs/8dm6.A.pdb",219.8780059814453,160.98300170898438,253.6320037841797
3,"0.7",0,230,"8dm6",0,"D","TYR",83,"","",True,1,1,1,"374","1350","A","D","pdbfiles/pdb8dm6.ent","pdbs/8dm6.A.pdb",225.6300048828125,185.24899291992188,269.57501220703125
3,"0.7",0,231,"8dm6",0,"D","LYS",353,"","",True,1,1,1,"379","1351","A","D","pdbfiles/pdb8dm6.ent","pdbs/8dm6.A.pdb",220.21099853515625,162.60000610351562,255.81900024414062
3,"0.7",0,232,"8dm8",0,"A","TYR",453,"","",False,1,1,1,"381","1352","A","D","pdbfiles/pdb8dm8.ent","pdbs/8dm8.A.pdb",225.36000061035156,174.6020050048828,255.6999969482422
3,"0.7",0,233,"8dm8",0,"A","GLY",502,"","",False,1,1,1,"388","1353","A","D","pdbfiles/pdb8dm8.ent","pdbs/8dm8.A.pdb",219.7469940185547,161.093994140625,253.59300231933594
3,"0.7",0,234,"8dm8",0,"D","GLN",34,"","",True,1,1,1,"381","1352","A","D","pdbfiles/pdb8dm8.ent","pdbs/8dm8.A.pdb",226.85400390625,173.65899658203125,257.79400634765625
3,"0.7",0,235,"8dm8",0,"D","HIS",353,"","",True,1,1,1,"388","1353","A","D","pdbfiles/pdb8dm8.ent","pdbs/8dm8.A.pdb",219.9340057373047,162.78199768066406,255.6230010986328
3,"0.7",0,236,"8dma",0,"A","GLY",502,"","",False,1,1,1,"395","1354","A","D","pdbfiles/pdb8dma.ent","pdbs/8dma.A.pdb",219.42999267578125,161.43499755859375,253.8699951171875
3,"0.7",0,237,"8dma",0,"D","HIS",353,"","",True,1,1,1,"395","1354","A","D","pdbfiles/pdb8dma.ent","pdbs/8dma.A.pdb",219.593994140625,163.05799865722656,255.96299743652344
3,"0.8",0,1,"7e3j",0,"A","LYS",353,"","",False,3,3,2,"52;54","1372;1373;1374","A","B","pdbfiles/pdb7e3j.ent","pdbs/7e3j.A.pdb",-94.27533213297527,25.690666834513348,-26.565667470296223
3,"0.8",0,2,"7efp",0,"A","LYS",353,"","",False,3,3,2,"67;69","1377;1378;1379","A","B","pdbfiles/pdb7efp.ent","pdbs/7efp.A.pdb",-40.817334493001304,-30.817333221435547,-32.526999155680336
3,"0.8",0,3,"7lo4",0,"A","LYS",353,"","",False,3,3,2,"164;166","1418;1419;1420","A","B","pdbfiles/pdb7lo4.ent","pdbs/7lo4.A.pdb",-6.022666613260905,7.87666670481364,-54.08166758219401
3,"0.8",0,4,"7xo6",0,"A","ARG",493,"","",True,3,3,1,"336","1471;1472;1473","D","A","pdbfiles/pdb7xo6.ent","pdbs/7xo6.D.pdb",211.47533162434897,177.01867167154947,262.03867594401044
3,"0.8",0,5,"6lzg",0,"B","ASN",487,"","",True,2,2,2,"1;10","1356;1359","A","B","pdbfiles/pdb6lzg.ent","pdbs/6lzg.A.pdb",-37.368499755859375,45.719499588012695,-1.7269999980926514
3,"0.8",0,6,"6m0j",0,"E","ASN",487,"","",True,2,2,2,"13;22","1361;1362","A","E","pdbfiles/pdb6m0j.ent","pdbs/6m0j.A.pdb",-37.31599998474121,45.99100112915039,-1.6579999923706055
3,"0.8",0,7,"7dhx",0,"A","LYS",353,"","",False,2,2,2,"39;41","1368;1369","A","B","pdbfiles/pdb7dhx.ent","pdbs/7dhx.A.pdb",25.477999687194824,8.592999935150146,57.76599884033203
3,"0.8",0,8,"7e3j",0,"A","GLU",38,"","",False,2,2,1,"49","1370;1371","A","B","pdbfiles/pdb7e3j.ent","pdbs/7e3j.A.pdb",-96.14299774169922,29.083999633789062,-31.173999786376953
3,"0.8",0,9,"7e3j",0,"B","GLN",498,"","",True,2,2,2,"49;54","1371;1373","A","B","pdbfiles/pdb7e3j.ent","pdbs/7e3j.A.pdb",-95.34549713134766,25.66699981689453,-31.019999504089355
3,"0.8",0,10,"7efp",0,"B","GLN",498,"","",True,2,2,2,"60;69","1375;1378","A","B","pdbfiles/pdb7efp.ent","pdbs/7efp.A.pdb",-44.854000091552734,-30.39299964904785,-31.032499313354492
3,"0.8",0,11,"7efr",0,"A","LYS",353,"","",False,2,2,2,"83;85","1383;1384","A","B","pdbfiles/pdb7efr.ent","pdbs/7efr.A.pdb",30.48799991607666,40.1929988861084,33.472999572753906
3,"0.8",0,12,"7eke",0,"A","LYS",353,"","",False,2,2,2,"107;109","1391;1392","A","B","pdbfiles/pdb7eke.ent","pdbs/7eke.A.pdb",-33.71250057220459,19.380499839782715,2.5075000524520874
3,"0.8",0,13,"7ekf",0,"B","ASN",487,"","",True,2,2,2,"110;119","1393;1395","A","B","pdbfiles/pdb7ekf.ent","pdbs/7ekf.A.pdb",-37.652000427246094,45.46449851989746,-2.418000102043152
3,"0.8",0,14,"7ekg",0,"B","ASN",487,"","",True,2,2,2,"121;128","1397;1399","A","B","pdbfiles/pdb7ekg.ent","pdbs/7ekg.A.pdb",-38.464500427246094,45.958499908447266,-2.4179999828338623
3,"0.8",0,15,"7ekh",0,"A","GLN",42,"","",False,2,2,1,"137","1404;1405","A","B","pdbfiles/pdb7ekh.ent","pdbs/7ekh.A.pdb",-43.119998931884766,19.511999130249023,0.5519999861717224
3,"0.8",0,16,"7ekh",0,"A","LYS",353,"","",False,2,2,2,"141;143","1407;1408","A","B","pdbfiles/pdb7ekh.ent","pdbs/7ekh.A.pdb",-33.49300003051758,19.487000465393066,2.596000015735626
3,"0.8",0,17,"7ekh",0,"B","TYR",449,"","",True,2,2,1,"137","1403;1405","A","B","pdbfiles/pdb7ekh.ent","pdbs/7ekh.A.pdb",-42.542999267578125,21.649999618530273,2.4619998931884766
3,"0.8",0,18,"7ekh",0,"B","ASN",487,"","",True,2,2,2,"132;140","1402;1406","A","B","pdbfiles/pdb7ekh.ent","pdbs/7ekh.A.pdb",-36.45100021362305,46.01250076293945,-1.5285000205039978
3,"0.8",0,19,"7fc5",0,"A","GLU",38,"","",True,2,2,1,"146","1409;1410","E","A","pdbfiles/pdb7fc5.ent","pdbs/7fc5.E.pdb",8.647000312805176,-34.266998291015625,-22.483999252319336
3,"0.8",0,20,"7lo4",0,"A","ASP",38,"","",False,2,2,2,"160;161","1415;1416","A","B","pdbfiles/pdb7lo4.ent","pdbs/7lo4.A.pdb",-1.6019999980926514,4.235999941825867,-52.625
3,"0.8",0,21,"7lo4",0,"B","GLN",498,"","",True,2,2,2,"160;166","1415;1420","A","B","pdbfiles/pdb7lo4.ent","pdbs/7lo4.A.pdb",-5.622999906539917,4.19700014591217,-52.68549919128418
3,"0.8",0,22,"7pki",0,"E","ASN",483,"","",True,2,2,2,"167;175","1421;1422","A","E","pdbfiles/pdb7pki.ent","pdbs/7pki.A.pdb",49.94049835205078,106.67150115966797,8.606500148773193
3,"0.8",0,23,"7v84",0,"A","GLN",493,"","",False,2,2,1,"229","1442;1443","A","F","pdbfiles/pdb7v84.ent","pdbs/7v84.A.pdb",189.36099243164062,192.97300720214844,183.70899963378906
3,"0.8",0,24,"7w9i",0,"E","ASN",487,"","",True,2,2,2,"249;258","1449;1452","A","E","pdbfiles/pdb7w9i.ent","pdbs/7w9i.A.pdb",224.3385009765625,170.84500122070312,280.7590026855469
3,"0.8",0,25,"7wnm",0,"A","ASN",487,"","",True,2,2,2,"274;282","1457;1459","B","A","pdbfiles/pdb7wnm.ent","pdbs/7wnm.B.pdb",-53.888999938964844,49.00149917602539,17.34749984741211
3,"0.8",0,26,"7wpb",0,"A","ASN",484,"","",False,2,2,2,"300;301","1462;1463","A","D","pdbfiles/pdb7wpb.ent","pdbs/7wpb.A.pdb",216.91400146484375,186.67950439453125,267.17601013183594
3,"0.8",0,27,"7xo6",0,"D","ASN",31,"","",False,2,2,1,"336","1472;1473","D","A","pdbfiles/pdb7xo6.ent","pdbs/7xo6.D.pdb",211.2949981689453,177.66700744628906,264.2669982910156
3,"0.8",0,28,"7xoc",0,"A","ARG",493,"","",True,2,2,1,"354","1478;1479","D","A","pdbfiles/pdb7xoc.ent","pdbs/7xoc.D.pdb",211.65350341796875,176.74500274658203,261.9464874267578
3,"0.8",0,29,"7xoc",0,"D","ASN",31,"","",False,2,2,1,"354","1478;1479","D","A","pdbfiles/pdb7xoc.ent","pdbs/7xoc.D.pdb",211.41799926757812,177.6009979248047,264.17498779296875
3,"0.8",0,30,"6lzg",0,"A","SER",19,"","",False,1,1,1,"0","1355","A","B","pdbfiles/pdb6lzg.ent","pdbs/6lzg.A.pdb",-33.20100021362305,49.104000091552734,1.7640000581741333
3,"0.8",0,31,"6lzg",0,"A","GLN",24,"","",False,1,1,1,"1","1356","A","B","pdbfiles/pdb6lzg.ent","pdbs/6lzg.A.pdb",-35.415000915527344,48.29899978637695,-2.86299991607666
3,"0.8",0,32,"6lzg",0,"A","ASP",38,"","",False,1,1,1,"5","1357","A","B","pdbfiles/pdb6lzg.ent","pdbs/6lzg.A.pdb",-41.6150016784668,23.14299964904785,0.8849999904632568
3,"0.8",0,33,"6lzg",0,"A","GLN",42,"","",False,1,1,1,"7","1358","A","B","pdbfiles/pdb6lzg.ent","pdbs/6lzg.A.pdb",-42.88800048828125,19.22599983215332,0.15600000321865082
3,"0.8",0,34,"6lzg",0,"A","TYR",83,"","",False,1,1,1,"10","1359","A","B","pdbfiles/pdb6lzg.ent","pdbs/6lzg.A.pdb",-36.944000244140625,43.24399948120117,-3.8550000190734863
3,"0.8",0,35,"6lzg",0,"A","LYS",353,"","",False,1,1,1,"11","1360","A","B","pdbfiles/pdb6lzg.ent","pdbs/6lzg.A.pdb",-31.48900032043457,17.336999893188477,1.753999948501587
3,"0.8",0,36,"6lzg",0,"B","TYR",449,"","",True,1,1,1,"5","1357","A","B","pdbfiles/pdb6lzg.ent","pdbs/6lzg.A.pdb",-43.284000396728516,21.3799991607666,2.3340001106262207
3,"0.8",0,37,"6lzg",0,"B","ALA",475,"","",True,1,1,1,"0","1355","A","B","pdbfiles/pdb6lzg.ent","pdbs/6lzg.A.pdb",-34.95399856567383,47.016998291015625,2.4600000381469727
3,"0.8",0,38,"6lzg",0,"B","GLN",498,"","",True,1,1,1,"7","1358","A","B","pdbfiles/pdb6lzg.ent","pdbs/6lzg.A.pdb",-41.125999450683594,18.174999237060547,1.7100000381469727
3,"0.8",0,39,"6lzg",0,"B","GLY",502,"","",True,1,1,1,"11","1360","A","B","pdbfiles/pdb6lzg.ent","pdbs/6lzg.A.pdb",-31.208999633789062,14.989999771118164,3.2290000915527344
3,"0.8",0,40,"6m0j",0,"A","GLN",24,"","",False,1,1,1,"13","1361","A","E","pdbfiles/pdb6m0j.ent","pdbs/6m0j.A.pdb",-35.12200164794922,48.21799850463867,-2.447999954223633
3,"0.8",0,41,"6m0j",0,"A","TYR",83,"","",False,1,1,1,"22","1362","A","E","pdbfiles/pdb6m0j.ent","pdbs/6m0j.A.pdb",-36.888999938964844,43.35499954223633,-3.7730000019073486
3,"0.8",0,42,"6m0j",0,"A","LYS",353,"","",False,1,1,1,"23","1363","A","E","pdbfiles/pdb6m0j.ent","pdbs/6m0j.A.pdb",-31.486000061035156,17.52899932861328,1.8009999990463257
3,"0.8",0,43,"6m0j",0,"E","GLY",502,"","",True,1,1,1,"23","1363","A","E","pdbfiles/pdb6m0j.ent","pdbs/6m0j.A.pdb",-31.270999908447266,15.199000358581543,3.309000015258789
3,"0.8",0,44,"7bh9",0,"A","GLN",24,"","",False,1,1,1,"25","1364","A","E","pdbfiles/pdb7bh9.ent","pdbs/7bh9.A.pdb",168.17799377441406,163.3260040283203,209.88699340820312
3,"0.8",0,45,"7bh9",0,"A","LYS",353,"","",False,1,1,1,"30","1365","A","E","pdbfiles/pdb7bh9.ent","pdbs/7bh9.A.pdb",186.04800415039062,187.9080047607422,199.3459930419922
3,"0.8",0,46,"7bh9",0,"E","ASN",487,"","",True,1,1,1,"25","1364","A","E","pdbfiles/pdb7bh9.ent","pdbs/7bh9.A.pdb",171.00799560546875,162.88600158691406,210.54200744628906
3,"0.8",0,47,"7bh9",0,"E","GLY",502,"","",True,1,1,1,"30","1365","A","E","pdbfiles/pdb7bh9.ent","pdbs/7bh9.A.pdb",187.20599365234375,190.26300048828125,200.01400756835938
3,"0.8",0,48,"7dhx",0,"A","GLN",42,"","",False,1,1,1,"36","1366","A","B","pdbfiles/pdb7dhx.ent","pdbs/7dhx.A.pdb",17.75200080871582,6.716000080108643,62.845001220703125
3,"0.8",0,49,"7dhx",0,"A","TYR",83,"","",False,1,1,1,"38","1367","A","B","pdbfiles/pdb7dhx.ent","pdbs/7dhx.A.pdb",18.113000869750977,32.29800033569336,61.909000396728516
3,"0.8",0,50,"7dhx",0,"B","GLY",446,"","",True,1,1,1,"36","1366","A","B","pdbfiles/pdb7dhx.ent","pdbs/7dhx.A.pdb",17.822999954223633,5.239999771118164,65.0719985961914
3,"0.8",0,51,"7dhx",0,"B","ASN",487,"","",True,1,1,1,"38","1367","A","B","pdbfiles/pdb7dhx.ent","pdbs/7dhx.A.pdb",19.250999450683594,33.946998596191406,63.89400100708008
3,"0.8",0,52,"7dhx",0,"B","GLY",496,"","",True,1,1,1,"41","1369","A","B","pdbfiles/pdb7dhx.ent","pdbs/7dhx.A.pdb",24.902999877929688,8.571999549865723,63.07899856567383
3,"0.8",0,53,"7dhx",0,"B","GLY",502,"","",True,1,1,1,"39","1368","A","B","pdbfiles/pdb7dhx.ent","pdbs/7dhx.A.pdb",28.117000579833984,5.111000061035156,55.981998443603516
3,"0.8",0,54,"7e3j",0,"B","TYR",449,"","",True,1,1,1,"49","1370","A","B","pdbfiles/pdb7e3j.ent","pdbs/7e3j.A.pdb",-97.21900177001953,29.010000228881836,-33.604000091552734
3,"0.8",0,55,"7e3j",0,"B","GLY",496,"","",True,1,1,1,"54","1374","A","B","pdbfiles/pdb7e3j.ent","pdbs/7e3j.A.pdb",-97.9990005493164,25.615999221801758,-27.726999282836914
3,"0.8",0,56,"7e3j",0,"B","GLY",502,"","",True,1,1,1,"52","1372","A","B","pdbfiles/pdb7e3j.ent","pdbs/7e3j.A.pdb",-92.63200378417969,20.200000762939453,-24.19499969482422
3,"0.8",0,57,"7efp",0,"A","ASP",38,"","",False,1,1,1,"60","1375","A","B","pdbfiles/pdb7efp.ent","pdbs/7efp.A.pdb",-43.005001068115234,-30.51300048828125,-28.450000762939453
3,"0.8",0,58,"7efp",0,"A","TYR",83,"","",False,1,1,1,"65","1376","A","B","pdbfiles/pdb7efp.ent","pdbs/7efp.A.pdb",-28.325000762939453,-27.54199981689453,-11.777000427246094
3,"0.8",0,59,"7efp",0,"B","ASN",487,"","",True,1,1,1,"65","1376","A","B","pdbfiles/pdb7efp.ent","pdbs/7efp.A.pdb",-27.54400062561035,-29.81399917602539,-10.178999900817871
3,"0.8",0,60,"7efp",0,"B","GLY",496,"","",True,1,1,1,"69","1379","A","B","pdbfiles/pdb7efp.ent","pdbs/7efp.A.pdb",-42.8380012512207,-33.87300109863281,-30.819000244140625
3,"0.8",0,61,"7efp",0,"B","GLY",502,"","",True,1,1,1,"67","1377","A","B","pdbfiles/pdb7efp.ent","pdbs/7efp.A.pdb",-40.26900100708008,-31.083999633789062,-38.66999816894531
3,"0.8",0,62,"7efr",0,"A","ASP",38,"","",False,1,1,1,"75","1380","A","B","pdbfiles/pdb7efr.ent","pdbs/7efr.A.pdb",29.273000717163086,44.257999420166016,27.033000946044922
3,"0.8",0,63,"7efr",0,"A","GLN",42,"","",False,1,1,1,"77","1381","A","B","pdbfiles/pdb7efr.ent","pdbs/7efr.A.pdb",27.649999618530273,47.452999114990234,29.902999877929688
3,"0.8",0,64,"7efr",0,"A","TYR",83,"","",False,1,1,1,"81","1382","A","B","pdbfiles/pdb7efr.ent","pdbs/7efr.A.pdb",27.56599998474121,28.145999908447266,11.927000045776367
3,"0.8",0,65,"7efr",0,"B","TYR",449,"","",True,1,1,1,"75","1380","A","B","pdbfiles/pdb7efr.ent","pdbs/7efr.A.pdb",30.0939998626709,46.57699966430664,27.10099983215332
3,"0.8",0,66,"7efr",0,"B","ASN",487,"","",True,1,1,1,"81","1382","A","B","pdbfiles/pdb7efr.ent","pdbs/7efr.A.pdb",29.764999389648438,27.628000259399414,10.157999992370605
3,"0.8",0,67,"7efr",0,"B","GLY",496,"","",True,1,1,1,"85","1384","A","B","pdbfiles/pdb7efr.ent","pdbs/7efr.A.pdb",33.53799819946289,42.915000915527344,30.77899932861328
3,"0.8",0,68,"7efr",0,"B","GLN",498,"","",True,1,1,1,"77","1381","A","B","pdbfiles/pdb7efr.ent","pdbs/7efr.A.pdb",29.948999404907227,45.555999755859375,30.222999572753906
3,"0.8",0,69,"7efr",0,"B","GLY",502,"","",True,1,1,1,"83","1383","A","B","pdbfiles/pdb7efr.ent","pdbs/7efr.A.pdb",31.051000595092773,40.125,38.51900100708008
3,"0.8",0,70,"7ekc",0,"A","GLN",24,"","",False,1,1,1,"86","1385","A","B","pdbfiles/pdb7ekc.ent","pdbs/7ekc.A.pdb",-33.39400100708008,47.72999954223633,-2.3529999256134033
3,"0.8",0,71,"7ekc",0,"A","GLN",42,"","",False,1,1,1,"92","1386","A","B","pdbfiles/pdb7ekc.ent","pdbs/7ekc.A.pdb",-42.111000061035156,17.937000274658203,-1.4210000038146973
3,"0.8",0,72,"7ekc",0,"A","LYS",353,"","",False,1,1,1,"95","1387","A","B","pdbfiles/pdb7ekc.ent","pdbs/7ekc.A.pdb",-30.503000259399414,16.9689998626709,1.6180000305175781
3,"0.8",0,73,"7ekc",0,"B","ASN",487,"","",True,1,1,1,"86","1385","A","B","pdbfiles/pdb7ekc.ent","pdbs/7ekc.A.pdb",-35.72999954223633,46.33100128173828,-1.8860000371932983
3,"0.8",0,74,"7ekc",0,"B","GLN",498,"","",True,1,1,1,"92","1386","A","B","pdbfiles/pdb7ekc.ent","pdbs/7ekc.A.pdb",-40.375999450683594,17.009000778198242,0.8029999732971191
3,"0.8",0,75,"7ekc",0,"B","GLY",502,"","",True,1,1,1,"95","1387","A","B","pdbfiles/pdb7ekc.ent","pdbs/7ekc.A.pdb",-30.426000595092773,14.529999732971191,3.181999921798706
3,"0.8",0,76,"7eke",0,"A","SER",19,"","",False,1,1,1,"97","1388","A","B","pdbfiles/pdb7eke.ent","pdbs/7eke.A.pdb",-32.882999420166016,49.15299987792969,2.2130000591278076
3,"0.8",0,77,"7eke",0,"A","GLU",35,"","",False,1,1,1,"101","1389","A","B","pdbfiles/pdb7eke.ent","pdbs/7eke.A.pdb",-41.25600051879883,29.270999908447266,0.9710000157356262
3,"0.8",0,78,"7eke",0,"A","TYR",83,"","",False,1,1,1,"106","1390","A","B","pdbfiles/pdb7eke.ent","pdbs/7eke.A.pdb",-36.7239990234375,43.12300109863281,-3.7820000648498535
3,"0.8",0,79,"7eke",0,"B","ALA",475,"","",True,1,1,1,"97","1388","A","B","pdbfiles/pdb7eke.ent","pdbs/7eke.A.pdb",-34.819000244140625,47.027000427246094,2.4040000438690186
3,"0.8",0,80,"7eke",0,"B","ASN",487,"","",True,1,1,1,"106","1390","A","B","pdbfiles/pdb7eke.ent","pdbs/7eke.A.pdb",-37.00299835205078,44.71500015258789,-1.8300000429153442
3,"0.8",0,81,"7eke",0,"B","GLN",493,"","",True,1,1,1,"101","1389","A","B","pdbfiles/pdb7eke.ent","pdbs/7eke.A.pdb",-39.20899963378906,29.898000717163086,2.8429999351501465
3,"0.8",0,82,"7eke",0,"B","GLY",496,"","",True,1,1,1,"109","1392","A","B","pdbfiles/pdb7eke.ent","pdbs/7eke.A.pdb",-37.9630012512207,19.804000854492188,4.892000198364258
3,"0.8",0,83,"7eke",0,"B","GLY",502,"","",True,1,1,1,"107","1391","A","B","pdbfiles/pdb7eke.ent","pdbs/7eke.A.pdb",-31.13800048828125,14.96500015258789,3.1419999599456787
3,"0.8",0,84,"7ekf",0,"A","GLN",24,"","",False,1,1,1,"110","1393","A","B","pdbfiles/pdb7ekf.ent","pdbs/7ekf.A.pdb",-35.237998962402344,48.106998443603516,-2.871000051498413
3,"0.8",0,85,"7ekf",0,"A","HIS",34,"","",False,1,1,1,"114","1394","A","B","pdbfiles/pdb7ekf.ent","pdbs/7ekf.A.pdb",-39.262001037597656,29.235000610351562,3.1640000343322754
3,"0.8",0,86,"7ekf",0,"A","TYR",83,"","",False,1,1,1,"119","1395","A","B","pdbfiles/pdb7ekf.ent","pdbs/7ekf.A.pdb",-37.08100128173828,42.85100173950195,-4.120999813079834
3,"0.8",0,87,"7ekf",0,"A","LYS",353,"","",False,1,1,1,"120","1396","A","B","pdbfiles/pdb7ekf.ent","pdbs/7ekf.A.pdb",-31.816999435424805,17.191999435424805,1.3630000352859497
3,"0.8",0,88,"7ekf",0,"B","GLN",493,"","",True,1,1,1,"114","1394","A","B","pdbfiles/pdb7ekf.ent","pdbs/7ekf.A.pdb",-40.7760009765625,31.003000259399414,3.9579999446868896
3,"0.8",0,89,"7ekf",0,"B","GLY",502,"","",True,1,1,1,"120","1396","A","B","pdbfiles/pdb7ekf.ent","pdbs/7ekf.A.pdb",-31.517000198364258,14.937999725341797,2.9800000190734863
3,"0.8",0,90,"7ekg",0,"A","GLN",24,"","",False,1,1,1,"121","1397","A","B","pdbfiles/pdb7ekg.ent","pdbs/7ekg.A.pdb",-35.89099884033203,48.409000396728516,-2.9210000038146973
3,"0.8",0,91,"7ekg",0,"A","GLN",42,"","",False,1,1,1,"126","1398","A","B","pdbfiles/pdb7ekg.ent","pdbs/7ekg.A.pdb",-44.52399826049805,20.18199920654297,-0.527999997138977
3,"0.8",0,92,"7ekg",0,"A","TYR",83,"","",False,1,1,1,"128","1399","A","B","pdbfiles/pdb7ekg.ent","pdbs/7ekg.A.pdb",-37.61600112915039,43.41699981689453,-4.13100004196167
3,"0.8",0,93,"7ekg",0,"A","LYS",353,"","",False,1,1,1,"129","1400","A","B","pdbfiles/pdb7ekg.ent","pdbs/7ekg.A.pdb",-31.96500015258789,17.496999740600586,1.430999994277954
3,"0.8",0,94,"7ekg",0,"B","TYR",449,"","",True,1,1,1,"126","1398","A","B","pdbfiles/pdb7ekg.ent","pdbs/7ekg.A.pdb",-43.82099914550781,21.736000061035156,1.9210000038146973
3,"0.8",0,95,"7ekg",0,"B","GLY",502,"","",True,1,1,1,"129","1400","A","B","pdbfiles/pdb7ekg.ent","pdbs/7ekg.A.pdb",-31.770000457763672,15.024999618530273,2.8570001125335693
3,"0.8",0,96,"7ekh",0,"A","SER",19,"","",False,1,1,1,"131","1401","A","B","pdbfiles/pdb7ekh.ent","pdbs/7ekh.A.pdb",-32.23899841308594,49.1879997253418,2.013000011444092
3,"0.8",0,97,"7ekh",0,"A","GLN",24,"","",False,1,1,1,"132","1402","A","B","pdbfiles/pdb7ekh.ent","pdbs/7ekh.A.pdb",-34.36399841308594,48.25400161743164,-2.5439999103546143
3,"0.8",0,98,"7ekh",0,"A","ASP",38,"","",False,1,1,1,"137","1403","A","B","pdbfiles/pdb7ekh.ent","pdbs/7ekh.A.pdb",-41.132999420166016,23.4060001373291,1.0800000429153442
3,"0.8",0,99,"7ekh",0,"A","TYR",83,"","",False,1,1,1,"140","1406","A","B","pdbfiles/pdb7ekh.ent","pdbs/7ekh.A.pdb",-35.994998931884766,43.19900131225586,-3.4140000343322754
3,"0.8",0,100,"7ekh",0,"B","GLY",446,"","",True,1,1,1,"137","1404","A","B","pdbfiles/pdb7ekh.ent","pdbs/7ekh.A.pdb",-44.154998779296875,17.968000411987305,2.7209999561309814
3,"0.8",0,101,"7ekh",0,"B","ALA",475,"","",True,1,1,1,"131","1401","A","B","pdbfiles/pdb7ekh.ent","pdbs/7ekh.A.pdb",-34.099998474121094,47.32600021362305,2.941999912261963
3,"0.8",0,102,"7ekh",0,"B","GLY",496,"","",True,1,1,1,"143","1408","A","B","pdbfiles/pdb7ekh.ent","pdbs/7ekh.A.pdb",-37.40299987792969,20.084999084472656,5.190000057220459
3,"0.8",0,103,"7ekh",0,"B","GLY",502,"","",True,1,1,1,"141","1407","A","B","pdbfiles/pdb7ekh.ent","pdbs/7ekh.A.pdb",-30.589000701904297,15.147000312805176,3.4839999675750732
3,"0.8",0,104,"7fc5",0,"A","SER",34,"","",True,1,1,1,"152","1412","E","A","pdbfiles/pdb7fc5.ent","pdbs/7fc5.E.pdb",5.545000076293945,-31.48200035095215,-32.744998931884766
3,"0.8",0,105,"7fc5",0,"A","TYR",83,"","",True,1,1,1,"151","1411","E","A","pdbfiles/pdb7fc5.ent","pdbs/7fc5.E.pdb",-4.797999858856201,-28.246999740600586,-40.59199905395508
3,"0.8",0,106,"7fc5",0,"E","TYR",449,"","",False,1,1,1,"146","1409","E","A","pdbfiles/pdb7fc5.ent","pdbs/7fc5.E.pdb",9.07699966430664,-32.54499816894531,-20.65399932861328
3,"0.8",0,107,"7fc5",0,"E","ASN",487,"","",False,1,1,1,"151","1411","E","A","pdbfiles/pdb7fc5.ent","pdbs/7fc5.E.pdb",-3.8959999084472656,-26.084999084472656,-41.849998474121094
3,"0.8",0,108,"7fc5",0,"E","GLN",493,"","",False,1,1,1,"152","1412","E","A","pdbfiles/pdb7fc5.ent","pdbs/7fc5.E.pdb",5.64900016784668,-29.018999099731445,-31.049999237060547
3,"0.8",0,109,"7fc5",0,"E","GLN",498,"","",False,1,1,1,"146","1410","E","A","pdbfiles/pdb7fc5.ent","pdbs/7fc5.E.pdb",10.48900032043457,-35.645999908447266,-21.1560001373291
3,"0.8",0,110,"7lo4",0,"A","SER",19,"","",False,1,1,1,"154","1413","A","B","pdbfiles/pdb7lo4.ent","pdbs/7lo4.A.pdb",20.378999710083008,16.073999404907227,-65.5479965209961
3,"0.8",0,111,"7lo4",0,"A","LYS",31,"","",False,1,1,1,"157","1414","A","B","pdbfiles/pdb7lo4.ent","pdbs/7lo4.A.pdb",8.786999702453613,4.99399995803833,-57.33599853515625
3,"0.8",0,112,"7lo4",0,"A","TYR",83,"","",False,1,1,1,"163","1417","A","B","pdbfiles/pdb7lo4.ent","pdbs/7lo4.A.pdb",17.634000778198242,13.274999618530273,-56.986000061035156
3,"0.8",0,113,"7lo4",0,"B","TYR",449,"","",True,1,1,1,"161","1416","A","B","pdbfiles/pdb7lo4.ent","pdbs/7lo4.A.pdb",-2.2179999351501465,1.6490000486373901,-52.52399826049805
3,"0.8",0,114,"7lo4",0,"B","ALA",475,"","",True,1,1,1,"154","1413","A","B","pdbfiles/pdb7lo4.ent","pdbs/7lo4.A.pdb",18.990999221801758,13.819999694824219,-65.03399658203125
3,"0.8",0,115,"7lo4",0,"B","ASN",487,"","",True,1,1,1,"163","1417","A","B","pdbfiles/pdb7lo4.ent","pdbs/7lo4.A.pdb",18.972999572753906,12.637999534606934,-59.06800079345703
3,"0.8",0,116,"7lo4",0,"B","GLN",493,"","",True,1,1,1,"157","1414","A","B","pdbfiles/pdb7lo4.ent","pdbs/7lo4.A.pdb",7.521999835968018,4.724999904632568,-59.584999084472656
3,"0.8",0,117,"7lo4",0,"B","GLY",496,"","",True,1,1,1,"166","1419","A","B","pdbfiles/pdb7lo4.ent","pdbs/7lo4.A.pdb",-5.341000080108643,4.901000022888184,-56.45100021362305
3,"0.8",0,118,"7lo4",0,"B","GLY",502,"","",True,1,1,1,"164","1418","A","B","pdbfiles/pdb7lo4.ent","pdbs/7lo4.A.pdb",-11.52299976348877,10.75,-54.349998474121094
3,"0.8",0,119,"7pki",0,"A","GLN",24,"","",False,1,1,1,"167","1421","A","E","pdbfiles/pdb7pki.ent","pdbs/7pki.A.pdb",48.2400016784668,105.16999816894531,6.13100004196167
3,"0.8",0,120,"7pki",0,"A","TYR",83,"","",False,1,1,1,"175","1422","A","E","pdbfiles/pdb7pki.ent","pdbs/7pki.A.pdb",52.819000244140625,105.10600280761719,8.392000198364258
3,"0.8",0,121,"7pki",0,"A","LYS",353,"","",False,1,1,1,"176","1423","A","E","pdbfiles/pdb7pki.ent","pdbs/7pki.A.pdb",78.60700225830078,112.1969985961914,4.256999969482422
3,"0.8",0,122,"7pki",0,"E","GLY",498,"","",True,1,1,1,"176","1423","A","E","pdbfiles/pdb7pki.ent","pdbs/7pki.A.pdb",80.65699768066406,114.05999755859375,4.146999835968018
3,"0.8",0,123,"7spp",0,"A","ARG",346,"","",False,1,1,1,"180","1424","A","C","pdbfiles/pdb7spp.ent","pdbs/7spp.A.pdb",6.5370001792907715,-0.03400000184774399,11.510000228881836
3,"0.8",0,124,"7spp",0,"A","ASN",354,"","",False,1,1,1,"183","1425","A","C","pdbfiles/pdb7spp.ent","pdbs/7spp.A.pdb",13.64799976348877,4.624000072479248,7.560999870300293
3,"0.8",0,125,"7spp",0,"A","GLY",446,"","",False,1,1,1,"184","1426","A","C","pdbfiles/pdb7spp.ent","pdbs/7spp.A.pdb",15.767000198364258,-7.96999979019165,28.698999404907227
3,"0.8",0,126,"7spp",0,"A","THR",470,"","",False,1,1,1,"185","1427","A","C","pdbfiles/pdb7spp.ent","pdbs/7spp.A.pdb",22.503000259399414,-9.923999786376953,6.078000068664551
3,"0.8",0,127,"7spp",0,"C","ARG",52,"","",True,1,1,1,"185","1427","A","C","pdbfiles/pdb7spp.ent","pdbs/7spp.A.pdb",20.409000396728516,-12.01099967956543,6.313000202178955
3,"0.8",0,128,"7spp",0,"C","SER",63,"","",True,1,1,1,"184","1426","A","C","pdbfiles/pdb7spp.ent","pdbs/7spp.A.pdb",15.190999984741211,-10.697999954223633,29.768999099731445
3,"0.8",0,129,"7spp",0,"C","ASN",115,"","",True,1,1,1,"183","1425","A","C","pdbfiles/pdb7spp.ent","pdbs/7spp.A.pdb",12.057999610900879,2.562000036239624,6.581999778747559
3,"0.8",0,130,"7spp",0,"C","TYR",118,"","",True,1,1,1,"180","1424","A","C","pdbfiles/pdb7spp.ent","pdbs/7spp.A.pdb",6.5269999504089355,-1.4079999923706055,9.38700008392334
3,"0.8",0,131,"7sxy",0,"B","TYR",449,"","",False,1,1,1,"190","1428","B","E","pdbfiles/pdb7sxy.ent","pdbs/7sxy.B.pdb",231.1580047607422,168.08099365234375,254.2239990234375
3,"0.8",0,132,"7sxy",0,"B","ASN",487,"","",False,1,1,1,"193","1429","B","E","pdbfiles/pdb7sxy.ent","pdbs/7sxy.B.pdb",226.11000061035156,191.02000427246094,262.6180114746094
3,"0.8",0,133,"7sxy",0,"B","SER",494,"","",False,1,1,1,"194","1430","B","E","pdbfiles/pdb7sxy.ent","pdbs/7sxy.B.pdb",228.98399353027344,174.63600158691406,250.83799743652344
3,"0.8",0,134,"7sxy",0,"B","GLY",502,"","",False,1,1,1,"197","1431","B","E","pdbfiles/pdb7sxy.ent","pdbs/7sxy.B.pdb",219.61199951171875,163.5780029296875,249.51400756835938
3,"0.8",0,135,"7sxy",0,"B","TYR",505,"","",False,1,1,1,"199","1432","B","E","pdbfiles/pdb7sxy.ent","pdbs/7sxy.B.pdb",218.1060028076172,171.13800048828125,252.85899353027344
3,"0.8",0,136,"7sxy",0,"E","HIS",34,"","",True,1,1,1,"194","1430","B","E","pdbfiles/pdb7sxy.ent","pdbs/7sxy.B.pdb",227.69400024414062,176.1529998779297,253.0
3,"0.8",0,137,"7sxy",0,"E","GLU",37,"","",True,1,1,1,"199","1432","B","E","pdbfiles/pdb7sxy.ent","pdbs/7sxy.B.pdb",219.5500030517578,170.85899353027344,254.88800048828125
3,"0.8",0,138,"7sxy",0,"E","ASP",38,"","",True,1,1,1,"190","1428","B","E","pdbfiles/pdb7sxy.ent","pdbs/7sxy.B.pdb",229.61199951171875,169.80499267578125,255.95700073242188
3,"0.8",0,139,"7sxy",0,"E","TYR",83,"","",True,1,1,1,"193","1429","B","E","pdbfiles/pdb7sxy.ent","pdbs/7sxy.B.pdb",225.4010009765625,189.04400634765625,263.6860046386719
3,"0.8",0,140,"7sxy",0,"E","LYS",353,"","",True,1,1,1,"197","1431","B","E","pdbfiles/pdb7sxy.ent","pdbs/7sxy.B.pdb",219.69700622558594,165.5709991455078,251.72500610351562
3,"0.8",0,141,"7sy0",0,"B","TYR",449,"","",False,1,1,1,"201","1433","B","E","pdbfiles/pdb7sy0.ent","pdbs/7sy0.B.pdb",231.656005859375,168.01499938964844,254.3000030517578
3,"0.8",0,142,"7sy0",0,"B","ASN",487,"","",False,1,1,1,"205","1434","B","E","pdbfiles/pdb7sy0.ent","pdbs/7sy0.B.pdb",226.12399291992188,190.7449951171875,262.7749938964844
3,"0.8",0,143,"7sy0",0,"B","GLY",502,"","",False,1,1,1,"208","1435","B","E","pdbfiles/pdb7sy0.ent","pdbs/7sy0.B.pdb",220.07400512695312,163.33799743652344,249.6439971923828
3,"0.8",0,144,"7sy0",0,"B","TYR",505,"","",False,1,1,1,"210","1436","B","E","pdbfiles/pdb7sy0.ent","pdbs/7sy0.B.pdb",218.5050048828125,170.96299743652344,252.99000549316406
3,"0.8",0,145,"7sy0",0,"E","GLU",37,"","",True,1,1,1,"210","1436","B","E","pdbfiles/pdb7sy0.ent","pdbs/7sy0.B.pdb",220.00900268554688,171.39199829101562,254.91000366210938
3,"0.8",0,146,"7sy0",0,"E","ASP",38,"","",True,1,1,1,"201","1433","B","E","pdbfiles/pdb7sy0.ent","pdbs/7sy0.B.pdb",230.13099670410156,169.25999450683594,256.0889892578125
3,"0.8",0,147,"7sy0",0,"E","TYR",83,"","",True,1,1,1,"205","1434","B","E","pdbfiles/pdb7sy0.ent","pdbs/7sy0.B.pdb",225.34300231933594,188.81300354003906,263.8340148925781
3,"0.8",0,148,"7sy0",0,"E","LYS",353,"","",True,1,1,1,"208","1435","B","E","pdbfiles/pdb7sy0.ent","pdbs/7sy0.B.pdb",220.01600646972656,165.3300018310547,251.8260040283203
3,"0.8",0,149,"7sy6",0,"B","ASN",487,"","",False,1,1,1,"213","1437","B","E","pdbfiles/pdb7sy6.ent","pdbs/7sy6.B.pdb",228.83999633789062,189.26400756835938,263.20599365234375
3,"0.8",0,150,"7sy6",0,"B","GLN",498,"","",False,1,1,1,"214","1438","B","E","pdbfiles/pdb7sy6.ent","pdbs/7sy6.B.pdb",229.50900268554688,163.36199951171875,254.1230010986328
3,"0.8",0,151,"7sy6",0,"B","GLY",502,"","",False,1,1,1,"218","1439","B","E","pdbfiles/pdb7sy6.ent","pdbs/7sy6.B.pdb",220.62899780273438,162.58900451660156,249.97300720214844
3,"0.8",0,152,"7sy6",0,"E","GLN",42,"","",True,1,1,1,"214","1438","B","E","pdbfiles/pdb7sy6.ent","pdbs/7sy6.B.pdb",230.83599853515625,163.9739990234375,256.1080017089844
3,"0.8",0,153,"7sy6",0,"E","TYR",83,"","",True,1,1,1,"213","1437","B","E","pdbfiles/pdb7sy6.ent","pdbs/7sy6.B.pdb",227.90199279785156,187.3459930419922,264.2959899902344
3,"0.8",0,154,"7sy6",0,"E","LYS",353,"","",True,1,1,1,"218","1439","B","E","pdbfiles/pdb7sy6.ent","pdbs/7sy6.B.pdb",220.62100219726562,164.4810028076172,252.27699279785156
3,"0.8",0,155,"7t9l",0,"A","ASN",487,"","",False,1,1,1,"221","1440","A","D","pdbfiles/pdb7t9l.ent","pdbs/7t9l.A.pdb",228.67100524902344,187.96499633789062,265.0090026855469
3,"0.8",0,156,"7t9l",0,"A","GLY",502,"","",False,1,1,1,"227","1441","A","D","pdbfiles/pdb7t9l.ent","pdbs/7t9l.A.pdb",221.9810028076172,161.2760009765625,250.86399841308594
3,"0.8",0,157,"7t9l",0,"D","TYR",83,"","",True,1,1,1,"221","1440","A","D","pdbfiles/pdb7t9l.ent","pdbs/7t9l.A.pdb",227.4929962158203,186.0,266.43798828125
3,"0.8",0,158,"7t9l",0,"D","LYS",353,"","",True,1,1,1,"227","1441","A","D","pdbfiles/pdb7t9l.ent","pdbs/7t9l.A.pdb",222.41400146484375,163.07400512695312,253.2169952392578
3,"0.8",0,159,"7v84",0,"F","LYS",31,"","",True,1,1,1,"229","1442","A","F","pdbfiles/pdb7v84.ent","pdbs/7v84.A.pdb",187.88800048828125,193.40899658203125,181.67599487304688
3,"0.8",0,160,"7v84",0,"F","HIS",34,"","",True,1,1,1,"229","1443","A","F","pdbfiles/pdb7v84.ent","pdbs/7v84.A.pdb",192.20399475097656,192.76199340820312,183.1199951171875
3,"0.8",0,161,"7w6u",0,"A","SER",34,"","",False,1,1,1,"236","1444","A","B","pdbfiles/pdb7w6u.ent","pdbs/7w6u.A.pdb",-6.230000019073486,66.6500015258789,-2.388000011444092
3,"0.8",0,162,"7w6u",0,"A","GLU",38,"","",False,1,1,1,"237","1445","A","B","pdbfiles/pdb7w6u.ent","pdbs/7w6u.A.pdb",-9.02400016784668,67.09400177001953,-8.75100040435791
3,"0.8",0,163,"7w6u",0,"A","GLN",42,"","",False,1,1,1,"238","1446","A","B","pdbfiles/pdb7w6u.ent","pdbs/7w6u.A.pdb",-7.158999919891357,65.15599822998047,-13.437999725341797
3,"0.8",0,164,"7w6u",0,"A","TYR",83,"","",False,1,1,1,"239","1447","A","B","pdbfiles/pdb7w6u.ent","pdbs/7w6u.A.pdb",4.96999979019165,69.4990005493164,5.540999889373779
3,"0.8",0,165,"7w6u",0,"A","LYS",353,"","",False,1,1,1,"240","1448","A","B","pdbfiles/pdb7w6u.ent","pdbs/7w6u.A.pdb",-12.840999603271484,55.340999603271484,-9.251999855041504
3,"0.8",0,166,"7w6u",0,"B","TYR",449,"","",True,1,1,1,"238","1446","A","B","pdbfiles/pdb7w6u.ent","pdbs/7w6u.A.pdb",-9.41100025177002,65.27400207519531,-14.17199993133545
3,"0.8",0,167,"7w6u",0,"B","ASN",487,"","",True,1,1,1,"239","1447","A","B","pdbfiles/pdb7w6u.ent","pdbs/7w6u.A.pdb",3.7119998931884766,71.65599822998047,7.113999843597412
3,"0.8",0,168,"7w6u",0,"B","GLN",493,"","",True,1,1,1,"236","1444","A","B","pdbfiles/pdb7w6u.ent","pdbs/7w6u.A.pdb",-6.796999931335449,68.84300231933594,-3.5880000591278076
3,"0.8",0,169,"7w6u",0,"B","SER",494,"","",True,1,1,1,"237","1445","A","B","pdbfiles/pdb7w6u.ent","pdbs/7w6u.A.pdb",-10.168999671936035,69.41600036621094,-8.321999549865723
3,"0.8",0,170,"7w6u",0,"B","GLY",502,"","",True,1,1,1,"240","1448","A","B","pdbfiles/pdb7w6u.ent","pdbs/7w6u.A.pdb",-15.265000343322754,54.257999420166016,-10.574000358581543
3,"0.8",0,171,"7w9i",0,"A","GLN",24,"","",False,1,1,1,"249","1449","A","E","pdbfiles/pdb7w9i.ent","pdbs/7w9i.A.pdb",224.00399780273438,173.99400329589844,281.6419982910156
3,"0.8",0,172,"7w9i",0,"A","GLU",37,"","",False,1,1,1,"254","1450","A","E","pdbfiles/pdb7w9i.ent","pdbs/7w9i.A.pdb",210.20599365234375,155.98699951171875,273.3659973144531
3,"0.8",0,173,"7w9i",0,"A","GLN",42,"","",False,1,1,1,"256","1451","A","E","pdbfiles/pdb7w9i.ent","pdbs/7w9i.A.pdb",219.33799743652344,147.4010009765625,273.19500732421875
3,"0.8",0,174,"7w9i",0,"A","TYR",83,"","",False,1,1,1,"258","1452","A","E","pdbfiles/pdb7w9i.ent","pdbs/7w9i.A.pdb",222.94200134277344,168.8280029296875,282.2019958496094
3,"0.8",0,175,"7w9i",0,"E","TYR",449,"","",True,1,1,1,"256","1451","A","E","pdbfiles/pdb7w9i.ent","pdbs/7w9i.A.pdb",219.97500610351562,148.8249969482422,271.3479919433594
3,"0.8",0,176,"7w9i",0,"E","TYR",505,"","",True,1,1,1,"254","1450","A","E","pdbfiles/pdb7w9i.ent","pdbs/7w9i.A.pdb",209.16200256347656,156.3509979248047,270.6549987792969
3,"0.8",0,177,"7wa1",0,"A","GLU",37,"","",False,1,1,1,"266","1453","A","B","pdbfiles/pdb7wa1.ent","pdbs/7wa1.A.pdb",118.93199920654297,120.86499786376953,97.66999816894531
3,"0.8",0,178,"7wa1",0,"A","GLN",42,"","",False,1,1,1,"269","1454","A","B","pdbfiles/pdb7wa1.ent","pdbs/7wa1.A.pdb",106.95700073242188,115.35199737548828,95.43399810791016
3,"0.8",0,179,"7wa1",0,"A","LYS",353,"","",False,1,1,1,"270","1455","A","B","pdbfiles/pdb7wa1.ent","pdbs/7wa1.A.pdb",114.9260025024414,125.55500030517578,97.61299896240234
3,"0.8",0,180,"7wa1",0,"B","TYR",449,"","",True,1,1,1,"269","1454","A","B","pdbfiles/pdb7wa1.ent","pdbs/7wa1.A.pdb",108.2509994506836,115.80699920654297,93.25199890136719
3,"0.8",0,181,"7wa1",0,"B","GLY",502,"","",True,1,1,1,"270","1455","A","B","pdbfiles/pdb7wa1.ent","pdbs/7wa1.A.pdb",113.09500122070312,127.7969970703125,96.82599639892578
3,"0.8",0,182,"7wa1",0,"B","TYR",505,"","",True,1,1,1,"266","1453","A","B","pdbfiles/pdb7wa1.ent","pdbs/7wa1.A.pdb",120.41400146484375,122.24600219726562,95.69100189208984
3,"0.8",0,183,"7wnm",0,"A","ALA",475,"","",True,1,1,1,"273","1456","B","A","pdbfiles/pdb7wnm.ent","pdbs/7wnm.B.pdb",-51.78900146484375,50.150001525878906,21.652999877929688
3,"0.8",0,184,"7wnm",0,"A","SER",494,"","",True,1,1,1,"277","1458","B","A","pdbfiles/pdb7wnm.ent","pdbs/7wnm.B.pdb",-50.30799865722656,28.96500015258789,23.797000885009766
3,"0.8",0,185,"7wnm",0,"A","GLY",502,"","",True,1,1,1,"283","1460","B","A","pdbfiles/pdb7wnm.ent","pdbs/7wnm.B.pdb",-39.20600128173828,21.332000732421875,20.638999938964844
3,"0.8",0,186,"7wnm",0,"B","SER",19,"","",False,1,1,1,"273","1456","B","A","pdbfiles/pdb7wnm.ent","pdbs/7wnm.B.pdb",-50.77399826049805,52.77399826049805,21.601999282836914
3,"0.8",0,187,"7wnm",0,"B","GLN",24,"","",False,1,1,1,"274","1457","B","A","pdbfiles/pdb7wnm.ent","pdbs/7wnm.B.pdb",-52.38199996948242,51.992000579833984,16.89699935913086
3,"0.8",0,188,"7wnm",0,"B","HIS",34,"","",False,1,1,1,"277","1458","B","A","pdbfiles/pdb7wnm.ent","pdbs/7wnm.B.pdb",-49.89899826049805,31.19700050354004,22.392000198364258
3,"0.8",0,189,"7wnm",0,"B","TYR",83,"","",False,1,1,1,"282","1459","B","A","pdbfiles/pdb7wnm.ent","pdbs/7wnm.B.pdb",-52.59600067138672,46.72700119018555,15.359999656677246
3,"0.8",0,190,"7wnm",0,"B","LYS",353,"","",False,1,1,1,"283","1460","B","A","pdbfiles/pdb7wnm.ent","pdbs/7wnm.B.pdb",-39.99700164794922,23.635000228881836,19.329999923706055
3,"0.8",0,191,"7wpb",0,"A","ASN",474,"","",False,1,1,1,"298","1461","A","D","pdbfiles/pdb7wpb.ent","pdbs/7wpb.A.pdb",222.07899475097656,192.46200561523438,263.3160095214844
3,"0.8",0,192,"7wpb",0,"A","GLY",499,"","",False,1,1,1,"306","1464","A","D","pdbfiles/pdb7wpb.ent","pdbs/7wpb.A.pdb",190.53700256347656,171.21200561523438,257.2969970703125
3,"0.8",0,193,"7wpb",0,"D","SER",19,"","",True,1,1,1,"298","1461","A","D","pdbfiles/pdb7wpb.ent","pdbs/7wpb.A.pdb",219.74400329589844,193.2480010986328,262.5270080566406
3,"0.8",0,194,"7wpb",0,"D","GLN",24,"","",True,1,1,1,"301","1463","A","D","pdbfiles/pdb7wpb.ent","pdbs/7wpb.A.pdb",217.4340057373047,189.77999877929688,267.42401123046875
3,"0.8",0,195,"7wpb",0,"D","TYR",83,"","",True,1,1,1,"300","1462","A","D","pdbfiles/pdb7wpb.ent","pdbs/7wpb.A.pdb",214.1230010986328,185.64199829101562,268.5690002441406
3,"0.8",0,196,"7wpb",0,"D","LYS",353,"","",True,1,1,1,"306","1464","A","D","pdbfiles/pdb7wpb.ent","pdbs/7wpb.A.pdb",192.2310028076172,172.5659942626953,259.1629943847656
3,"0.8",0,197,"7wse",0,"A","GLN",24,"","",False,1,1,1,"307","1465","A","B","pdbfiles/pdb7wse.ent","pdbs/7wse.A.pdb",95.86699676513672,90.22599792480469,138.9250030517578
3,"0.8",0,198,"7wse",0,"A","HIS",34,"","",False,1,1,1,"314","1466","A","B","pdbfiles/pdb7wse.ent","pdbs/7wse.A.pdb",111.91899871826172,104.79900360107422,136.9149932861328
3,"0.8",0,199,"7wse",0,"A","ASP",38,"","",False,1,1,1,"316","1467","A","B","pdbfiles/pdb7wse.ent","pdbs/7wse.A.pdb",117.0479965209961,105.6520004272461,131.24400329589844
3,"0.8",0,200,"7wse",0,"A","LYS",352,"","",False,1,1,1,"321","1468","A","B","pdbfiles/pdb7wse.ent","pdbs/7wse.A.pdb",112.73600006103516,114.14199829101562,127.37300109863281
3,"0.8",0,201,"7wse",0,"B","TYR",449,"","",True,1,1,1,"316","1467","A","B","pdbfiles/pdb7wse.ent","pdbs/7wse.A.pdb",118.98200225830078,105.00700378417969,132.3800048828125
3,"0.8",0,202,"7wse",0,"B","ASN",487,"","",True,1,1,1,"307","1465","A","B","pdbfiles/pdb7wse.ent","pdbs/7wse.A.pdb",98.74600219726562,89.77300262451172,139.57400512695312
3,"0.8",0,203,"7wse",0,"B","SER",494,"","",True,1,1,1,"314","1466","A","B","pdbfiles/pdb7wse.ent","pdbs/7wse.A.pdb",114.34600067138672,105.76399993896484,137.26600646972656
3,"0.8",0,204,"7wse",0,"B","GLY",502,"","",True,1,1,1,"321","1468","A","B","pdbfiles/pdb7wse.ent","pdbs/7wse.A.pdb",114.20999908447266,116.71499633789062,127.37699890136719
3,"0.8",0,205,"7wsh",0,"A","GLU",38,"","",False,1,1,1,"329","1469","A","B","pdbfiles/pdb7wsh.ent","pdbs/7wsh.A.pdb",110.33100128173828,127.81500244140625,142.4550018310547
3,"0.8",0,206,"7wsh",0,"A","LYS",353,"","",False,1,1,1,"331","1470","A","B","pdbfiles/pdb7wsh.ent","pdbs/7wsh.A.pdb",115.0979995727539,118.36000061035156,140.50999450683594
3,"0.8",0,207,"7wsh",0,"B","TYR",449,"","",True,1,1,1,"329","1469","A","B","pdbfiles/pdb7wsh.ent","pdbs/7wsh.A.pdb",108.55599975585938,128.80099487304688,143.73599243164062
3,"0.8",0,208,"7wsh",0,"B","GLY",502,"","",True,1,1,1,"331","1470","A","B","pdbfiles/pdb7wsh.ent","pdbs/7wsh.A.pdb",113.23500061035156,116.62699890136719,141.2729949951172
3,"0.8",0,209,"7xo6",0,"A","THR",500,"","",True,1,1,1,"339","1474","D","A","pdbfiles/pdb7xo6.ent","pdbs/7xo6.D.pdb",192.36599731445312,167.33099365234375,260.0429992675781
3,"0.8",0,210,"7xo6",0,"D","GLN",34,"","",False,1,1,1,"336","1471","D","A","pdbfiles/pdb7xo6.ent","pdbs/7xo6.D.pdb",208.52499389648438,175.42799377441406,262.63800048828125
3,"0.8",0,211,"7xo6",0,"D","TYR",41,"","",False,1,1,1,"339","1474","D","A","pdbfiles/pdb7xo6.ent","pdbs/7xo6.D.pdb",194.10499572753906,166.8300018310547,262.1369934082031
3,"0.8",0,212,"7xo9",0,"A","TYR",449,"","",False,1,1,1,"342","1475","A","D","pdbfiles/pdb7xo9.ent","pdbs/7xo9.A.pdb",203.0959930419922,165.41200256347656,262.48199462890625
3,"0.8",0,213,"7xo9",0,"A","ASN",487,"","",False,1,1,1,"344","1476","A","D","pdbfiles/pdb7xo9.ent","pdbs/7xo9.A.pdb",219.1909942626953,185.4080047607422,267.6990051269531
3,"0.8",0,214,"7xo9",0,"A","GLY",502,"","",False,1,1,1,"351","1477","A","D","pdbfiles/pdb7xo9.ent","pdbs/7xo9.A.pdb",191.2779998779297,170.55099487304688,257.7340087890625
3,"0.8",0,215,"7xo9",0,"D","GLN",24,"","",True,1,1,1,"344","1476","A","D","pdbfiles/pdb7xo9.ent","pdbs/7xo9.A.pdb",218.01300048828125,188.0330047607422,268.41900634765625
3,"0.8",0,216,"7xo9",0,"D","GLN",42,"","",True,1,1,1,"342","1475","A","D","pdbfiles/pdb7xo9.ent","pdbs/7xo9.A.pdb",202.42300415039062,165.3300018310547,265.3340148925781
3,"0.8",0,217,"7xo9",0,"D","LYS",353,"","",True,1,1,1,"351","1477","A","D","pdbfiles/pdb7xo9.ent","pdbs/7xo9.A.pdb",192.7519989013672,172.1649932861328,259.5690002441406
3,"0.8",0,218,"7xoc",0,"A","TYR",449,"","",True,1,1,1,"360","1481","D","A","pdbfiles/pdb7xoc.ent","pdbs/7xoc.D.pdb",203.677001953125,165.2469940185547,262.3420104980469
3,"0.8",0,219,"7xoc",0,"A","TYR",453,"","",True,1,1,1,"355","1480","D","A","pdbfiles/pdb7xoc.ent","pdbs/7xoc.D.pdb",206.07400512695312,174.7050018310547,257.99700927734375
3,"0.8",0,220,"7xoc",0,"D","GLN",34,"","",False,1,1,1,"355","1480","D","A","pdbfiles/pdb7xoc.ent","pdbs/7xoc.D.pdb",206.75999450683594,174.08700561523438,260.29400634765625
3,"0.8",0,221,"7xoc",0,"D","GLN",42,"","",False,1,1,1,"360","1481","D","A","pdbfiles/pdb7xoc.ent","pdbs/7xoc.D.pdb",203.36500549316406,165.75900268554688,265.1730041503906
3,"0.8",0,222,"8dlq",0,"B","TYR",449,"","",False,1,1,1,"363","1482","B","E","pdbfiles/pdb8dlq.ent","pdbs/8dlq.B.pdb",232.13499450683594,167.7530059814453,254.43899536132812
3,"0.8",0,223,"8dlq",0,"B","ASN",487,"","",False,1,1,1,"367","1483","B","E","pdbfiles/pdb8dlq.ent","pdbs/8dlq.B.pdb",226.97000122070312,190.18800354003906,262.3999938964844
3,"0.8",0,224,"8dlq",0,"B","GLN",493,"","",False,1,1,1,"368","1484","B","E","pdbfiles/pdb8dlq.ent","pdbs/8dlq.B.pdb",230.78399658203125,178.41000366210938,254.1439971923828
3,"0.8",0,225,"8dlq",0,"E","HIS",34,"","",True,1,1,1,"368","1484","B","E","pdbfiles/pdb8dlq.ent","pdbs/8dlq.B.pdb",229.02000427246094,176.1020050048828,254.33099365234375
3,"0.8",0,226,"8dlq",0,"E","GLN",42,"","",True,1,1,1,"363","1482","B","E","pdbfiles/pdb8dlq.ent","pdbs/8dlq.B.pdb",231.39500427246094,165.3489990234375,256.0450134277344
3,"0.8",0,227,"8dlq",0,"E","TYR",83,"","",True,1,1,1,"367","1483","B","E","pdbfiles/pdb8dlq.ent","pdbs/8dlq.B.pdb",226.32699584960938,188.39999389648438,263.89801025390625
3,"0.8",0,228,"8dm6",0,"A","ASN",487,"","",False,1,1,1,"374","1485","A","D","pdbfiles/pdb8dm6.ent","pdbs/8dm6.A.pdb",226.96400451660156,187.13600158691406,268.3089904785156
3,"0.8",0,229,"8dm6",0,"A","GLY",502,"","",False,1,1,1,"379","1486","A","D","pdbfiles/pdb8dm6.ent","pdbs/8dm6.A.pdb",219.8780059814453,160.98300170898438,253.6320037841797
3,"0.8",0,230,"8dm6",0,"D","TYR",83,"","",True,1,1,1,"374","1485","A","D","pdbfiles/pdb8dm6.ent","pdbs/8dm6.A.pdb",225.6300048828125,185.24899291992188,269.57501220703125
3,"0.8",0,231,"8dm6",0,"D","LYS",353,"","",True,1,1,1,"379","1486","A","D","pdbfiles/pdb8dm6.ent","pdbs/8dm6.A.pdb",220.21099853515625,162.60000610351562,255.81900024414062
3,"0.8",0,232,"8dm8",0,"A","TYR",453,"","",False,1,1,1,"381","1487","A","D","pdbfiles/pdb8dm8.ent","pdbs/8dm8.A.pdb",225.36000061035156,174.6020050048828,255.6999969482422
3,"0.8",0,233,"8dm8",0,"A","GLY",502,"","",False,1,1,1,"388","1488","A","D","pdbfiles/pdb8dm8.ent","pdbs/8dm8.A.pdb",219.7469940185547,161.093994140625,253.59300231933594
3,"0.8",0,234,"8dm8",0,"D","GLN",34,"","",True,1,1,1,"381","1487","A","D","pdbfiles/pdb8dm8.ent","pdbs/8dm8.A.pdb",226.85400390625,173.65899658203125,257.79400634765625
3,"0.8",0,235,"8dm8",0,"D","HIS",353,"","",True,1,1,1,"388","1488","A","D","pdbfiles/pdb8dm8.ent","pdbs/8dm8.A.pdb",219.9340057373047,162.78199768066406,255.6230010986328
3,"0.8",0,236,"8dma",0,"A","GLY",502,"","",False,1,1,1,"395","1489","A","D","pdbfiles/pdb8dma.ent","pdbs/8dma.A.pdb",219.42999267578125,161.43499755859375,253.8699951171875
3,"0.8",0,237,"8dma",0,"D","HIS",353,"","",True,1,1,1,"395","1489","A","D","pdbfiles/pdb8dma.ent","pdbs/8dma.A.pdb",219.593994140625,163.05799865722656,255.96299743652344
3,"0.9",0,1,"7e3j",0,"A","LYS",353,"","",False,3,3,2,"52;54","1507;1508;1509","A","B","pdbfiles/pdb7e3j.ent","pdbs/7e3j.A.pdb",-94.27533213297527,25.690666834513348,-26.565667470296223
3,"0.9",0,2,"7efp",0,"A","LYS",353,"","",False,3,3,2,"67;69","1512;1513;1514","A","B","pdbfiles/pdb7efp.ent","pdbs/7efp.A.pdb",-40.817334493001304,-30.817333221435547,-32.526999155680336
3,"0.9",0,3,"7lo4",0,"A","LYS",353,"","",False,3,3,2,"164;166","1553;1554;1555","A","B","pdbfiles/pdb7lo4.ent","pdbs/7lo4.A.pdb",-6.022666613260905,7.87666670481364,-54.08166758219401
3,"0.9",0,4,"7xo6",0,"A","ARG",493,"","",True,3,3,1,"336","1606;1607;1608","D","A","pdbfiles/pdb7xo6.ent","pdbs/7xo6.D.pdb",211.47533162434897,177.01867167154947,262.03867594401044
3,"0.9",0,5,"6lzg",0,"B","ASN",487,"","",True,2,2,2,"1;10","1491;1494","A","B","pdbfiles/pdb6lzg.ent","pdbs/6lzg.A.pdb",-37.368499755859375,45.719499588012695,-1.7269999980926514
3,"0.9",0,6,"6m0j",0,"E","ASN",487,"","",True,2,2,2,"13;22","1496;1497","A","E","pdbfiles/pdb6m0j.ent","pdbs/6m0j.A.pdb",-37.31599998474121,45.99100112915039,-1.6579999923706055
3,"0.9",0,7,"7dhx",0,"A","LYS",353,"","",False,2,2,2,"39;41","1503;1504","A","B","pdbfiles/pdb7dhx.ent","pdbs/7dhx.A.pdb",25.477999687194824,8.592999935150146,57.76599884033203
3,"0.9",0,8,"7e3j",0,"A","GLU",38,"","",False,2,2,1,"49","1505;1506","A","B","pdbfiles/pdb7e3j.ent","pdbs/7e3j.A.pdb",-96.14299774169922,29.083999633789062,-31.173999786376953
3,"0.9",0,9,"7e3j",0,"B","GLN",498,"","",True,2,2,2,"49;54","1506;1508","A","B","pdbfiles/pdb7e3j.ent","pdbs/7e3j.A.pdb",-95.34549713134766,25.66699981689453,-31.019999504089355
3,"0.9",0,10,"7efp",0,"B","GLN",498,"","",True,2,2,2,"60;69","1510;1513","A","B","pdbfiles/pdb7efp.ent","pdbs/7efp.A.pdb",-44.854000091552734,-30.39299964904785,-31.032499313354492
3,"0.9",0,11,"7efr",0,"A","LYS",353,"","",False,2,2,2,"83;85","1518;1519","A","B","pdbfiles/pdb7efr.ent","pdbs/7efr.A.pdb",30.48799991607666,40.1929988861084,33.472999572753906
3,"0.9",0,12,"7eke",0,"A","LYS",353,"","",False,2,2,2,"107;109","1526;1527","A","B","pdbfiles/pdb7eke.ent","pdbs/7eke.A.pdb",-33.71250057220459,19.380499839782715,2.5075000524520874
3,"0.9",0,13,"7ekf",0,"B","ASN",487,"","",True,2,2,2,"110;119","1528;1530","A","B","pdbfiles/pdb7ekf.ent","pdbs/7ekf.A.pdb",-37.652000427246094,45.46449851989746,-2.418000102043152
3,"0.9",0,14,"7ekg",0,"B","ASN",487,"","",True,2,2,2,"121;128","1532;1534","A","B","pdbfiles/pdb7ekg.ent","pdbs/7ekg.A.pdb",-38.464500427246094,45.958499908447266,-2.4179999828338623
3,"0.9",0,15,"7ekh",0,"A","GLN",42,"","",False,2,2,1,"137","1539;1540","A","B","pdbfiles/pdb7ekh.ent","pdbs/7ekh.A.pdb",-43.119998931884766,19.511999130249023,0.5519999861717224
3,"0.9",0,16,"7ekh",0,"A","LYS",353,"","",False,2,2,2,"141;143","1542;1543","A","B","pdbfiles/pdb7ekh.ent","pdbs/7ekh.A.pdb",-33.49300003051758,19.487000465393066,2.596000015735626
3,"0.9",0,17,"7ekh",0,"B","TYR",449,"","",True,2,2,1,"137","1538;1540","A","B","pdbfiles/pdb7ekh.ent","pdbs/7ekh.A.pdb",-42.542999267578125,21.649999618530273,2.4619998931884766
3,"0.9",0,18,"7ekh",0,"B","ASN",487,"","",True,2,2,2,"132;140","1537;1541","A","B","pdbfiles/pdb7ekh.ent","pdbs/7ekh.A.pdb",-36.45100021362305,46.01250076293945,-1.5285000205039978
3,"0.9",0,19,"7fc5",0,"A","GLU",38,"","",True,2,2,1,"146","1544;1545","E","A","pdbfiles/pdb7fc5.ent","pdbs/7fc5.E.pdb",8.647000312805176,-34.266998291015625,-22.483999252319336
3,"0.9",0,20,"7lo4",0,"A","ASP",38,"","",False,2,2,2,"160;161","1550;1551","A","B","pdbfiles/pdb7lo4.ent","pdbs/7lo4.A.pdb",-1.6019999980926514,4.235999941825867,-52.625
3,"0.9",0,21,"7lo4",0,"B","GLN",498,"","",True,2,2,2,"160;166","1550;1555","A","B","pdbfiles/pdb7lo4.ent","pdbs/7lo4.A.pdb",-5.622999906539917,4.19700014591217,-52.68549919128418
3,"0.9",0,22,"7pki",0,"E","ASN",483,"","",True,2,2,2,"167;175","1556;1557","A","E","pdbfiles/pdb7pki.ent","pdbs/7pki.A.pdb",49.94049835205078,106.67150115966797,8.606500148773193
3,"0.9",0,23,"7v84",0,"A","GLN",493,"","",False,2,2,1,"229","1577;1578","A","F","pdbfiles/pdb7v84.ent","pdbs/7v84.A.pdb",189.36099243164062,192.97300720214844,183.70899963378906
3,"0.9",0,24,"7w9i",0,"E","ASN",487,"","",True,2,2,2,"249;258","1584;1587","A","E","pdbfiles/pdb7w9i.ent","pdbs/7w9i.A.pdb",224.3385009765625,170.84500122070312,280.7590026855469
3,"0.9",0,25,"7wnm",0,"A","ASN",487,"","",True,2,2,2,"274;282","1592;1594","B","A","pdbfiles/pdb7wnm.ent","pdbs/7wnm.B.pdb",-53.888999938964844,49.00149917602539,17.34749984741211
3,"0.9",0,26,"7wpb",0,"A","ASN",484,"","",False,2,2,2,"300;301","1597;1598","A","D","pdbfiles/pdb7wpb.ent","pdbs/7wpb.A.pdb",216.91400146484375,186.67950439453125,267.17601013183594
3,"0.9",0,27,"7xo6",0,"D","ASN",31,"","",False,2,2,1,"336","1607;1608","D","A","pdbfiles/pdb7xo6.ent","pdbs/7xo6.D.pdb",211.2949981689453,177.66700744628906,264.2669982910156
3,"0.9",0,28,"7xoc",0,"A","ARG",493,"","",True,2,2,1,"354","1613;1614","D","A","pdbfiles/pdb7xoc.ent","pdbs/7xoc.D.pdb",211.65350341796875,176.74500274658203,261.9464874267578
3,"0.9",0,29,"7xoc",0,"D","ASN",31,"","",False,2,2,1,"354","1613;1614","D","A","pdbfiles/pdb7xoc.ent","pdbs/7xoc.D.pdb",211.41799926757812,177.6009979248047,264.17498779296875
3,"0.9",0,30,"6lzg",0,"A","SER",19,"","",False,1,1,1,"0","1490","A","B","pdbfiles/pdb6lzg.ent","pdbs/6lzg.A.pdb",-33.20100021362305,49.104000091552734,1.7640000581741333
3,"0.9",0,31,"6lzg",0,"A","GLN",24,"","",False,1,1,1,"1","1491","A","B","pdbfiles/pdb6lzg.ent","pdbs/6lzg.A.pdb",-35.415000915527344,48.29899978637695,-2.86299991607666
3,"0.9",0,32,"6lzg",0,"A","ASP",38,"","",False,1,1,1,"5","1492","A","B","pdbfiles/pdb6lzg.ent","pdbs/6lzg.A.pdb",-41.6150016784668,23.14299964904785,0.8849999904632568
3,"0.9",0,33,"6lzg",0,"A","GLN",42,"","",False,1,1,1,"7","1493","A","B","pdbfiles/pdb6lzg.ent","pdbs/6lzg.A.pdb",-42.88800048828125,19.22599983215332,0.15600000321865082
3,"0.9",0,34,"6lzg",0,"A","TYR",83,"","",False,1,1,1,"10","1494","A","B","pdbfiles/pdb6lzg.ent","pdbs/6lzg.A.pdb",-36.944000244140625,43.24399948120117,-3.8550000190734863
3,"0.9",0,35,"6lzg",0,"A","LYS",353,"","",False,1,1,1,"11","1495","A","B","pdbfiles/pdb6lzg.ent","pdbs/6lzg.A.pdb",-31.48900032043457,17.336999893188477,1.753999948501587
3,"0.9",0,36,"6lzg",0,"B","TYR",449,"","",True,1,1,1,"5","1492","A","B","pdbfiles/pdb6lzg.ent","pdbs/6lzg.A.pdb",-43.284000396728516,21.3799991607666,2.3340001106262207
3,"0.9",0,37,"6lzg",0,"B","ALA",475,"","",True,1,1,1,"0","1490","A","B","pdbfiles/pdb6lzg.ent","pdbs/6lzg.A.pdb",-34.95399856567383,47.016998291015625,2.4600000381469727
3,"0.9",0,38,"6lzg",0,"B","GLN",498,"","",True,1,1,1,"7","1493","A","B","pdbfiles/pdb6lzg.ent","pdbs/6lzg.A.pdb",-41.125999450683594,18.174999237060547,1.7100000381469727
3,"0.9",0,39,"6lzg",0,"B","GLY",502,"","",True,1,1,1,"11","1495","A","B","pdbfiles/pdb6lzg.ent","pdbs/6lzg.A.pdb",-31.208999633789062,14.989999771118164,3.2290000915527344
3,"0.9",0,40,"6m0j",0,"A","GLN",24,"","",False,1,1,1,"13","1496","A","E","pdbfiles/pdb6m0j.ent","pdbs/6m0j.A.pdb",-35.12200164794922,48.21799850463867,-2.447999954223633
3,"0.9",0,41,"6m0j",0,"A","TYR",83,"","",False,1,1,1,"22","1497","A","E","pdbfiles/pdb6m0j.ent","pdbs/6m0j.A.pdb",-36.888999938964844,43.35499954223633,-3.7730000019073486
3,"0.9",0,42,"6m0j",0,"A","LYS",353,"","",False,1,1,1,"23","1498","A","E","pdbfiles/pdb6m0j.ent","pdbs/6m0j.A.pdb",-31.486000061035156,17.52899932861328,1.8009999990463257
3,"0.9",0,43,"6m0j",0,"E","GLY",502,"","",True,1,1,1,"23","1498","A","E","pdbfiles/pdb6m0j.ent","pdbs/6m0j.A.pdb",-31.270999908447266,15.199000358581543,3.309000015258789
3,"0.9",0,44,"7bh9",0,"A","GLN",24,"","",False,1,1,1,"25","1499","A","E","pdbfiles/pdb7bh9.ent","pdbs/7bh9.A.pdb",168.17799377441406,163.3260040283203,209.88699340820312
3,"0.9",0,45,"7bh9",0,"A","LYS",353,"","",False,1,1,1,"30","1500","A","E","pdbfiles/pdb7bh9.ent","pdbs/7bh9.A.pdb",186.04800415039062,187.9080047607422,199.3459930419922
3,"0.9",0,46,"7bh9",0,"E","ASN",487,"","",True,1,1,1,"25","1499","A","E","pdbfiles/pdb7bh9.ent","pdbs/7bh9.A.pdb",171.00799560546875,162.88600158691406,210.54200744628906
3,"0.9",0,47,"7bh9",0,"E","GLY",502,"","",True,1,1,1,"30","1500","A","E","pdbfiles/pdb7bh9.ent","pdbs/7bh9.A.pdb",187.20599365234375,190.26300048828125,200.01400756835938
3,"0.9",0,48,"7dhx",0,"A","GLN",42,"","",False,1,1,1,"36","1501","A","B","pdbfiles/pdb7dhx.ent","pdbs/7dhx.A.pdb",17.75200080871582,6.716000080108643,62.845001220703125
3,"0.9",0,49,"7dhx",0,"A","TYR",83,"","",False,1,1,1,"38","1502","A","B","pdbfiles/pdb7dhx.ent","pdbs/7dhx.A.pdb",18.113000869750977,32.29800033569336,61.909000396728516
3,"0.9",0,50,"7dhx",0,"B","GLY",446,"","",True,1,1,1,"36","1501","A","B","pdbfiles/pdb7dhx.ent","pdbs/7dhx.A.pdb",17.822999954223633,5.239999771118164,65.0719985961914
3,"0.9",0,51,"7dhx",0,"B","ASN",487,"","",True,1,1,1,"38","1502","A","B","pdbfiles/pdb7dhx.ent","pdbs/7dhx.A.pdb",19.250999450683594,33.946998596191406,63.89400100708008
3,"0.9",0,52,"7dhx",0,"B","GLY",496,"","",True,1,1,1,"41","1504","A","B","pdbfiles/pdb7dhx.ent","pdbs/7dhx.A.pdb",24.902999877929688,8.571999549865723,63.07899856567383
3,"0.9",0,53,"7dhx",0,"B","GLY",502,"","",True,1,1,1,"39","1503","A","B","pdbfiles/pdb7dhx.ent","pdbs/7dhx.A.pdb",28.117000579833984,5.111000061035156,55.981998443603516
3,"0.9",0,54,"7e3j",0,"B","TYR",449,"","",True,1,1,1,"49","1505","A","B","pdbfiles/pdb7e3j.ent","pdbs/7e3j.A.pdb",-97.21900177001953,29.010000228881836,-33.604000091552734
3,"0.9",0,55,"7e3j",0,"B","GLY",496,"","",True,1,1,1,"54","1509","A","B","pdbfiles/pdb7e3j.ent","pdbs/7e3j.A.pdb",-97.9990005493164,25.615999221801758,-27.726999282836914
3,"0.9",0,56,"7e3j",0,"B","GLY",502,"","",True,1,1,1,"52","1507","A","B","pdbfiles/pdb7e3j.ent","pdbs/7e3j.A.pdb",-92.63200378417969,20.200000762939453,-24.19499969482422
3,"0.9",0,57,"7efp",0,"A","ASP",38,"","",False,1,1,1,"60","1510","A","B","pdbfiles/pdb7efp.ent","pdbs/7efp.A.pdb",-43.005001068115234,-30.51300048828125,-28.450000762939453
3,"0.9",0,58,"7efp",0,"A","TYR",83,"","",False,1,1,1,"65","1511","A","B","pdbfiles/pdb7efp.ent","pdbs/7efp.A.pdb",-28.325000762939453,-27.54199981689453,-11.777000427246094
3,"0.9",0,59,"7efp",0,"B","ASN",487,"","",True,1,1,1,"65","1511","A","B","pdbfiles/pdb7efp.ent","pdbs/7efp.A.pdb",-27.54400062561035,-29.81399917602539,-10.178999900817871
3,"0.9",0,60,"7efp",0,"B","GLY",496,"","",True,1,1,1,"69","1514","A","B","pdbfiles/pdb7efp.ent","pdbs/7efp.A.pdb",-42.8380012512207,-33.87300109863281,-30.819000244140625
3,"0.9",0,61,"7efp",0,"B","GLY",502,"","",True,1,1,1,"67","1512","A","B","pdbfiles/pdb7efp.ent","pdbs/7efp.A.pdb",-40.26900100708008,-31.083999633789062,-38.66999816894531
3,"0.9",0,62,"7efr",0,"A","ASP",38,"","",False,1,1,1,"75","1515","A","B","pdbfiles/pdb7efr.ent","pdbs/7efr.A.pdb",29.273000717163086,44.257999420166016,27.033000946044922
3,"0.9",0,63,"7efr",0,"A","GLN",42,"","",False,1,1,1,"77","1516","A","B","pdbfiles/pdb7efr.ent","pdbs/7efr.A.pdb",27.649999618530273,47.452999114990234,29.902999877929688
3,"0.9",0,64,"7efr",0,"A","TYR",83,"","",False,1,1,1,"81","1517","A","B","pdbfiles/pdb7efr.ent","pdbs/7efr.A.pdb",27.56599998474121,28.145999908447266,11.927000045776367
3,"0.9",0,65,"7efr",0,"B","TYR",449,"","",True,1,1,1,"75","1515","A","B","pdbfiles/pdb7efr.ent","pdbs/7efr.A.pdb",30.0939998626709,46.57699966430664,27.10099983215332
3,"0.9",0,66,"7efr",0,"B","ASN",487,"","",True,1,1,1,"81","1517","A","B","pdbfiles/pdb7efr.ent","pdbs/7efr.A.pdb",29.764999389648438,27.628000259399414,10.157999992370605
3,"0.9",0,67,"7efr",0,"B","GLY",496,"","",True,1,1,1,"85","1519","A","B","pdbfiles/pdb7efr.ent","pdbs/7efr.A.pdb",33.53799819946289,42.915000915527344,30.77899932861328
3,"0.9",0,68,"7efr",0,"B","GLN",498,"","",True,1,1,1,"77","1516","A","B","pdbfiles/pdb7efr.ent","pdbs/7efr.A.pdb",29.948999404907227,45.555999755859375,30.222999572753906
3,"0.9",0,69,"7efr",0,"B","GLY",502,"","",True,1,1,1,"83","1518","A","B","pdbfiles/pdb7efr.ent","pdbs/7efr.A.pdb",31.051000595092773,40.125,38.51900100708008
3,"0.9",0,70,"7ekc",0,"A","GLN",24,"","",False,1,1,1,"86","1520","A","B","pdbfiles/pdb7ekc.ent","pdbs/7ekc.A.pdb",-33.39400100708008,47.72999954223633,-2.3529999256134033
3,"0.9",0,71,"7ekc",0,"A","GLN",42,"","",False,1,1,1,"92","1521","A","B","pdbfiles/pdb7ekc.ent","pdbs/7ekc.A.pdb",-42.111000061035156,17.937000274658203,-1.4210000038146973
3,"0.9",0,72,"7ekc",0,"A","LYS",353,"","",False,1,1,1,"95","1522","A","B","pdbfiles/pdb7ekc.ent","pdbs/7ekc.A.pdb",-30.503000259399414,16.9689998626709,1.6180000305175781
3,"0.9",0,73,"7ekc",0,"B","ASN",487,"","",True,1,1,1,"86","1520","A","B","pdbfiles/pdb7ekc.ent","pdbs/7ekc.A.pdb",-35.72999954223633,46.33100128173828,-1.8860000371932983
3,"0.9",0,74,"7ekc",0,"B","GLN",498,"","",True,1,1,1,"92","1521","A","B","pdbfiles/pdb7ekc.ent","pdbs/7ekc.A.pdb",-40.375999450683594,17.009000778198242,0.8029999732971191
3,"0.9",0,75,"7ekc",0,"B","GLY",502,"","",True,1,1,1,"95","1522","A","B","pdbfiles/pdb7ekc.ent","pdbs/7ekc.A.pdb",-30.426000595092773,14.529999732971191,3.181999921798706
3,"0.9",0,76,"7eke",0,"A","SER",19,"","",False,1,1,1,"97","1523","A","B","pdbfiles/pdb7eke.ent","pdbs/7eke.A.pdb",-32.882999420166016,49.15299987792969,2.2130000591278076
3,"0.9",0,77,"7eke",0,"A","GLU",35,"","",False,1,1,1,"101","1524","A","B","pdbfiles/pdb7eke.ent","pdbs/7eke.A.pdb",-41.25600051879883,29.270999908447266,0.9710000157356262
3,"0.9",0,78,"7eke",0,"A","TYR",83,"","",False,1,1,1,"106","1525","A","B","pdbfiles/pdb7eke.ent","pdbs/7eke.A.pdb",-36.7239990234375,43.12300109863281,-3.7820000648498535
3,"0.9",0,79,"7eke",0,"B","ALA",475,"","",True,1,1,1,"97","1523","A","B","pdbfiles/pdb7eke.ent","pdbs/7eke.A.pdb",-34.819000244140625,47.027000427246094,2.4040000438690186
3,"0.9",0,80,"7eke",0,"B","ASN",487,"","",True,1,1,1,"106","1525","A","B","pdbfiles/pdb7eke.ent","pdbs/7eke.A.pdb",-37.00299835205078,44.71500015258789,-1.8300000429153442
3,"0.9",0,81,"7eke",0,"B","GLN",493,"","",True,1,1,1,"101","1524","A","B","pdbfiles/pdb7eke.ent","pdbs/7eke.A.pdb",-39.20899963378906,29.898000717163086,2.8429999351501465
3,"0.9",0,82,"7eke",0,"B","GLY",496,"","",True,1,1,1,"109","1527","A","B","pdbfiles/pdb7eke.ent","pdbs/7eke.A.pdb",-37.9630012512207,19.804000854492188,4.892000198364258
3,"0.9",0,83,"7eke",0,"B","GLY",502,"","",True,1,1,1,"107","1526","A","B","pdbfiles/pdb7eke.ent","pdbs/7eke.A.pdb",-31.13800048828125,14.96500015258789,3.1419999599456787
3,"0.9",0,84,"7ekf",0,"A","GLN",24,"","",False,1,1,1,"110","1528","A","B","pdbfiles/pdb7ekf.ent","pdbs/7ekf.A.pdb",-35.237998962402344,48.106998443603516,-2.871000051498413
3,"0.9",0,85,"7ekf",0,"A","HIS",34,"","",False,1,1,1,"114","1529","A","B","pdbfiles/pdb7ekf.ent","pdbs/7ekf.A.pdb",-39.262001037597656,29.235000610351562,3.1640000343322754
3,"0.9",0,86,"7ekf",0,"A","TYR",83,"","",False,1,1,1,"119","1530","A","B","pdbfiles/pdb7ekf.ent","pdbs/7ekf.A.pdb",-37.08100128173828,42.85100173950195,-4.120999813079834
3,"0.9",0,87,"7ekf",0,"A","LYS",353,"","",False,1,1,1,"120","1531","A","B","pdbfiles/pdb7ekf.ent","pdbs/7ekf.A.pdb",-31.816999435424805,17.191999435424805,1.3630000352859497
3,"0.9",0,88,"7ekf",0,"B","GLN",493,"","",True,1,1,1,"114","1529","A","B","pdbfiles/pdb7ekf.ent","pdbs/7ekf.A.pdb",-40.7760009765625,31.003000259399414,3.9579999446868896
3,"0.9",0,89,"7ekf",0,"B","GLY",502,"","",True,1,1,1,"120","1531","A","B","pdbfiles/pdb7ekf.ent","pdbs/7ekf.A.pdb",-31.517000198364258,14.937999725341797,2.9800000190734863
3,"0.9",0,90,"7ekg",0,"A","GLN",24,"","",False,1,1,1,"121","1532","A","B","pdbfiles/pdb7ekg.ent","pdbs/7ekg.A.pdb",-35.89099884033203,48.409000396728516,-2.9210000038146973
3,"0.9",0,91,"7ekg",0,"A","GLN",42,"","",False,1,1,1,"126","1533","A","B","pdbfiles/pdb7ekg.ent","pdbs/7ekg.A.pdb",-44.52399826049805,20.18199920654297,-0.527999997138977
3,"0.9",0,92,"7ekg",0,"A","TYR",83,"","",False,1,1,1,"128","1534","A","B","pdbfiles/pdb7ekg.ent","pdbs/7ekg.A.pdb",-37.61600112915039,43.41699981689453,-4.13100004196167
3,"0.9",0,93,"7ekg",0,"A","LYS",353,"","",False,1,1,1,"129","1535","A","B","pdbfiles/pdb7ekg.ent","pdbs/7ekg.A.pdb",-31.96500015258789,17.496999740600586,1.430999994277954
3,"0.9",0,94,"7ekg",0,"B","TYR",449,"","",True,1,1,1,"126","1533","A","B","pdbfiles/pdb7ekg.ent","pdbs/7ekg.A.pdb",-43.82099914550781,21.736000061035156,1.9210000038146973
3,"0.9",0,95,"7ekg",0,"B","GLY",502,"","",True,1,1,1,"129","1535","A","B","pdbfiles/pdb7ekg.ent","pdbs/7ekg.A.pdb",-31.770000457763672,15.024999618530273,2.8570001125335693
3,"0.9",0,96,"7ekh",0,"A","SER",19,"","",False,1,1,1,"131","1536","A","B","pdbfiles/pdb7ekh.ent","pdbs/7ekh.A.pdb",-32.23899841308594,49.1879997253418,2.013000011444092
3,"0.9",0,97,"7ekh",0,"A","GLN",24,"","",False,1,1,1,"132","1537","A","B","pdbfiles/pdb7ekh.ent","pdbs/7ekh.A.pdb",-34.36399841308594,48.25400161743164,-2.5439999103546143
3,"0.9",0,98,"7ekh",0,"A","ASP",38,"","",False,1,1,1,"137","1538","A","B","pdbfiles/pdb7ekh.ent","pdbs/7ekh.A.pdb",-41.132999420166016,23.4060001373291,1.0800000429153442
3,"0.9",0,99,"7ekh",0,"A","TYR",83,"","",False,1,1,1,"140","1541","A","B","pdbfiles/pdb7ekh.ent","pdbs/7ekh.A.pdb",-35.994998931884766,43.19900131225586,-3.4140000343322754
3,"0.9",0,100,"7ekh",0,"B","GLY",446,"","",True,1,1,1,"137","1539","A","B","pdbfiles/pdb7ekh.ent","pdbs/7ekh.A.pdb",-44.154998779296875,17.968000411987305,2.7209999561309814
3,"0.9",0,101,"7ekh",0,"B","ALA",475,"","",True,1,1,1,"131","1536","A","B","pdbfiles/pdb7ekh.ent","pdbs/7ekh.A.pdb",-34.099998474121094,47.32600021362305,2.941999912261963
3,"0.9",0,102,"7ekh",0,"B","GLY",496,"","",True,1,1,1,"143","1543","A","B","pdbfiles/pdb7ekh.ent","pdbs/7ekh.A.pdb",-37.40299987792969,20.084999084472656,5.190000057220459
3,"0.9",0,103,"7ekh",0,"B","GLY",502,"","",True,1,1,1,"141","1542","A","B","pdbfiles/pdb7ekh.ent","pdbs/7ekh.A.pdb",-30.589000701904297,15.147000312805176,3.4839999675750732
3,"0.9",0,104,"7fc5",0,"A","SER",34,"","",True,1,1,1,"152","1547","E","A","pdbfiles/pdb7fc5.ent","pdbs/7fc5.E.pdb",5.545000076293945,-31.48200035095215,-32.744998931884766
3,"0.9",0,105,"7fc5",0,"A","TYR",83,"","",True,1,1,1,"151","1546","E","A","pdbfiles/pdb7fc5.ent","pdbs/7fc5.E.pdb",-4.797999858856201,-28.246999740600586,-40.59199905395508
3,"0.9",0,106,"7fc5",0,"E","TYR",449,"","",False,1,1,1,"146","1544","E","A","pdbfiles/pdb7fc5.ent","pdbs/7fc5.E.pdb",9.07699966430664,-32.54499816894531,-20.65399932861328
3,"0.9",0,107,"7fc5",0,"E","ASN",487,"","",False,1,1,1,"151","1546","E","A","pdbfiles/pdb7fc5.ent","pdbs/7fc5.E.pdb",-3.8959999084472656,-26.084999084472656,-41.849998474121094
3,"0.9",0,108,"7fc5",0,"E","GLN",493,"","",False,1,1,1,"152","1547","E","A","pdbfiles/pdb7fc5.ent","pdbs/7fc5.E.pdb",5.64900016784668,-29.018999099731445,-31.049999237060547
3,"0.9",0,109,"7fc5",0,"E","GLN",498,"","",False,1,1,1,"146","1545","E","A","pdbfiles/pdb7fc5.ent","pdbs/7fc5.E.pdb",10.48900032043457,-35.645999908447266,-21.1560001373291
3,"0.9",0,110,"7lo4",0,"A","SER",19,"","",False,1,1,1,"154","1548","A","B","pdbfiles/pdb7lo4.ent","pdbs/7lo4.A.pdb",20.378999710083008,16.073999404907227,-65.5479965209961
3,"0.9",0,111,"7lo4",0,"A","LYS",31,"","",False,1,1,1,"157","1549","A","B","pdbfiles/pdb7lo4.ent","pdbs/7lo4.A.pdb",8.786999702453613,4.99399995803833,-57.33599853515625
3,"0.9",0,112,"7lo4",0,"A","TYR",83,"","",False,1,1,1,"163","1552","A","B","pdbfiles/pdb7lo4.ent","pdbs/7lo4.A.pdb",17.634000778198242,13.274999618530273,-56.986000061035156
3,"0.9",0,113,"7lo4",0,"B","TYR",449,"","",True,1,1,1,"161","1551","A","B","pdbfiles/pdb7lo4.ent","pdbs/7lo4.A.pdb",-2.2179999351501465,1.6490000486373901,-52.52399826049805
3,"0.9",0,114,"7lo4",0,"B","ALA",475,"","",True,1,1,1,"154","1548","A","B","pdbfiles/pdb7lo4.ent","pdbs/7lo4.A.pdb",18.990999221801758,13.819999694824219,-65.03399658203125
3,"0.9",0,115,"7lo4",0,"B","ASN",487,"","",True,1,1,1,"163","1552","A","B","pdbfiles/pdb7lo4.ent","pdbs/7lo4.A.pdb",18.972999572753906,12.637999534606934,-59.06800079345703
3,"0.9",0,116,"7lo4",0,"B","GLN",493,"","",True,1,1,1,"157","1549","A","B","pdbfiles/pdb7lo4.ent","pdbs/7lo4.A.pdb",7.521999835968018,4.724999904632568,-59.584999084472656
3,"0.9",0,117,"7lo4",0,"B","GLY",496,"","",True,1,1,1,"166","1554","A","B","pdbfiles/pdb7lo4.ent","pdbs/7lo4.A.pdb",-5.341000080108643,4.901000022888184,-56.45100021362305
3,"0.9",0,118,"7lo4",0,"B","GLY",502,"","",True,1,1,1,"164","1553","A","B","pdbfiles/pdb7lo4.ent","pdbs/7lo4.A.pdb",-11.52299976348877,10.75,-54.349998474121094
3,"0.9",0,119,"7pki",0,"A","GLN",24,"","",False,1,1,1,"167","1556","A","E","pdbfiles/pdb7pki.ent","pdbs/7pki.A.pdb",48.2400016784668,105.16999816894531,6.13100004196167
3,"0.9",0,120,"7pki",0,"A","TYR",83,"","",False,1,1,1,"175","1557","A","E","pdbfiles/pdb7pki.ent","pdbs/7pki.A.pdb",52.819000244140625,105.10600280761719,8.392000198364258
3,"0.9",0,121,"7pki",0,"A","LYS",353,"","",False,1,1,1,"176","1558","A","E","pdbfiles/pdb7pki.ent","pdbs/7pki.A.pdb",78.60700225830078,112.1969985961914,4.256999969482422
3,"0.9",0,122,"7pki",0,"E","GLY",498,"","",True,1,1,1,"176","1558","A","E","pdbfiles/pdb7pki.ent","pdbs/7pki.A.pdb",80.65699768066406,114.05999755859375,4.146999835968018
3,"0.9",0,123,"7spp",0,"A","ARG",346,"","",False,1,1,1,"180","1559","A","C","pdbfiles/pdb7spp.ent","pdbs/7spp.A.pdb",6.5370001792907715,-0.03400000184774399,11.510000228881836
3,"0.9",0,124,"7spp",0,"A","ASN",354,"","",False,1,1,1,"183","1560","A","C","pdbfiles/pdb7spp.ent","pdbs/7spp.A.pdb",13.64799976348877,4.624000072479248,7.560999870300293
3,"0.9",0,125,"7spp",0,"A","GLY",446,"","",False,1,1,1,"184","1561","A","C","pdbfiles/pdb7spp.ent","pdbs/7spp.A.pdb",15.767000198364258,-7.96999979019165,28.698999404907227
3,"0.9",0,126,"7spp",0,"A","THR",470,"","",False,1,1,1,"185","1562","A","C","pdbfiles/pdb7spp.ent","pdbs/7spp.A.pdb",22.503000259399414,-9.923999786376953,6.078000068664551
3,"0.9",0,127,"7spp",0,"C","ARG",52,"","",True,1,1,1,"185","1562","A","C","pdbfiles/pdb7spp.ent","pdbs/7spp.A.pdb",20.409000396728516,-12.01099967956543,6.313000202178955
3,"0.9",0,128,"7spp",0,"C","SER",63,"","",True,1,1,1,"184","1561","A","C","pdbfiles/pdb7spp.ent","pdbs/7spp.A.pdb",15.190999984741211,-10.697999954223633,29.768999099731445
3,"0.9",0,129,"7spp",0,"C","ASN",115,"","",True,1,1,1,"183","1560","A","C","pdbfiles/pdb7spp.ent","pdbs/7spp.A.pdb",12.057999610900879,2.562000036239624,6.581999778747559
3,"0.9",0,130,"7spp",0,"C","TYR",118,"","",True,1,1,1,"180","1559","A","C","pdbfiles/pdb7spp.ent","pdbs/7spp.A.pdb",6.5269999504089355,-1.4079999923706055,9.38700008392334
3,"0.9",0,131,"7sxy",0,"B","TYR",449,"","",False,1,1,1,"190","1563","B","E","pdbfiles/pdb7sxy.ent","pdbs/7sxy.B.pdb",231.1580047607422,168.08099365234375,254.2239990234375
3,"0.9",0,132,"7sxy",0,"B","ASN",487,"","",False,1,1,1,"193","1564","B","E","pdbfiles/pdb7sxy.ent","pdbs/7sxy.B.pdb",226.11000061035156,191.02000427246094,262.6180114746094
3,"0.9",0,133,"7sxy",0,"B","SER",494,"","",False,1,1,1,"194","1565","B","E","pdbfiles/pdb7sxy.ent","pdbs/7sxy.B.pdb",228.98399353027344,174.63600158691406,250.83799743652344
3,"0.9",0,134,"7sxy",0,"B","GLY",502,"","",False,1,1,1,"197","1566","B","E","pdbfiles/pdb7sxy.ent","pdbs/7sxy.B.pdb",219.61199951171875,163.5780029296875,249.51400756835938
3,"0.9",0,135,"7sxy",0,"B","TYR",505,"","",False,1,1,1,"199","1567","B","E","pdbfiles/pdb7sxy.ent","pdbs/7sxy.B.pdb",218.1060028076172,171.13800048828125,252.85899353027344
3,"0.9",0,136,"7sxy",0,"E","HIS",34,"","",True,1,1,1,"194","1565","B","E","pdbfiles/pdb7sxy.ent","pdbs/7sxy.B.pdb",227.69400024414062,176.1529998779297,253.0
3,"0.9",0,137,"7sxy",0,"E","GLU",37,"","",True,1,1,1,"199","1567","B","E","pdbfiles/pdb7sxy.ent","pdbs/7sxy.B.pdb",219.5500030517578,170.85899353027344,254.88800048828125
3,"0.9",0,138,"7sxy",0,"E","ASP",38,"","",True,1,1,1,"190","1563","B","E","pdbfiles/pdb7sxy.ent","pdbs/7sxy.B.pdb",229.61199951171875,169.80499267578125,255.95700073242188
3,"0.9",0,139,"7sxy",0,"E","TYR",83,"","",True,1,1,1,"193","1564","B","E","pdbfiles/pdb7sxy.ent","pdbs/7sxy.B.pdb",225.4010009765625,189.04400634765625,263.6860046386719
3,"0.9",0,140,"7sxy",0,"E","LYS",353,"","",True,1,1,1,"197","1566","B","E","pdbfiles/pdb7sxy.ent","pdbs/7sxy.B.pdb",219.69700622558594,165.5709991455078,251.72500610351562
3,"0.9",0,141,"7sy0",0,"B","TYR",449,"","",False,1,1,1,"201","1568","B","E","pdbfiles/pdb7sy0.ent","pdbs/7sy0.B.pdb",231.656005859375,168.01499938964844,254.3000030517578
3,"0.9",0,142,"7sy0",0,"B","ASN",487,"","",False,1,1,1,"205","1569","B","E","pdbfiles/pdb7sy0.ent","pdbs/7sy0.B.pdb",226.12399291992188,190.7449951171875,262.7749938964844
3,"0.9",0,143,"7sy0",0,"B","GLY",502,"","",False,1,1,1,"208","1570","B","E","pdbfiles/pdb7sy0.ent","pdbs/7sy0.B.pdb",220.07400512695312,163.33799743652344,249.6439971923828
3,"0.9",0,144,"7sy0",0,"B","TYR",505,"","",False,1,1,1,"210","1571","B","E","pdbfiles/pdb7sy0.ent","pdbs/7sy0.B.pdb",218.5050048828125,170.96299743652344,252.99000549316406
3,"0.9",0,145,"7sy0",0,"E","GLU",37,"","",True,1,1,1,"210","1571","B","E","pdbfiles/pdb7sy0.ent","pdbs/7sy0.B.pdb",220.00900268554688,171.39199829101562,254.91000366210938
3,"0.9",0,146,"7sy0",0,"E","ASP",38,"","",True,1,1,1,"201","1568","B","E","pdbfiles/pdb7sy0.ent","pdbs/7sy0.B.pdb",230.13099670410156,169.25999450683594,256.0889892578125
3,"0.9",0,147,"7sy0",0,"E","TYR",83,"","",True,1,1,1,"205","1569","B","E","pdbfiles/pdb7sy0.ent","pdbs/7sy0.B.pdb",225.34300231933594,188.81300354003906,263.8340148925781
3,"0.9",0,148,"7sy0",0,"E","LYS",353,"","",True,1,1,1,"208","1570","B","E","pdbfiles/pdb7sy0.ent","pdbs/7sy0.B.pdb",220.01600646972656,165.3300018310547,251.8260040283203
3,"0.9",0,149,"7sy6",0,"B","ASN",487,"","",False,1,1,1,"213","1572","B","E","pdbfiles/pdb7sy6.ent","pdbs/7sy6.B.pdb",228.83999633789062,189.26400756835938,263.20599365234375
3,"0.9",0,150,"7sy6",0,"B","GLN",498,"","",False,1,1,1,"214","1573","B","E","pdbfiles/pdb7sy6.ent","pdbs/7sy6.B.pdb",229.50900268554688,163.36199951171875,254.1230010986328
3,"0.9",0,151,"7sy6",0,"B","GLY",502,"","",False,1,1,1,"218","1574","B","E","pdbfiles/pdb7sy6.ent","pdbs/7sy6.B.pdb",220.62899780273438,162.58900451660156,249.97300720214844
3,"0.9",0,152,"7sy6",0,"E","GLN",42,"","",True,1,1,1,"214","1573","B","E","pdbfiles/pdb7sy6.ent","pdbs/7sy6.B.pdb",230.83599853515625,163.9739990234375,256.1080017089844
3,"0.9",0,153,"7sy6",0,"E","TYR",83,"","",True,1,1,1,"213","1572","B","E","pdbfiles/pdb7sy6.ent","pdbs/7sy6.B.pdb",227.90199279785156,187.3459930419922,264.2959899902344
3,"0.9",0,154,"7sy6",0,"E","LYS",353,"","",True,1,1,1,"218","1574","B","E","pdbfiles/pdb7sy6.ent","pdbs/7sy6.B.pdb",220.62100219726562,164.4810028076172,252.27699279785156
3,"0.9",0,155,"7t9l",0,"A","ASN",487,"","",False,1,1,1,"221","1575","A","D","pdbfiles/pdb7t9l.ent","pdbs/7t9l.A.pdb",228.67100524902344,187.96499633789062,265.0090026855469
3,"0.9",0,156,"7t9l",0,"A","GLY",502,"","",False,1,1,1,"227","1576","A","D","pdbfiles/pdb7t9l.ent","pdbs/7t9l.A.pdb",221.9810028076172,161.2760009765625,250.86399841308594
3,"0.9",0,157,"7t9l",0,"D","TYR",83,"","",True,1,1,1,"221","1575","A","D","pdbfiles/pdb7t9l.ent","pdbs/7t9l.A.pdb",227.4929962158203,186.0,266.43798828125
3,"0.9",0,158,"7t9l",0,"D","LYS",353,"","",True,1,1,1,"227","1576","A","D","pdbfiles/pdb7t9l.ent","pdbs/7t9l.A.pdb",222.41400146484375,163.07400512695312,253.2169952392578
3,"0.9",0,159,"7v84",0,"F","LYS",31,"","",True,1,1,1,"229","1577","A","F","pdbfiles/pdb7v84.ent","pdbs/7v84.A.pdb",187.88800048828125,193.40899658203125,181.67599487304688
3,"0.9",0,160,"7v84",0,"F","HIS",34,"","",True,1,1,1,"229","1578","A","F","pdbfiles/pdb7v84.ent","pdbs/7v84.A.pdb",192.20399475097656,192.76199340820312,183.1199951171875
3,"0.9",0,161,"7w6u",0,"A","SER",34,"","",False,1,1,1,"236","1579","A","B","pdbfiles/pdb7w6u.ent","pdbs/7w6u.A.pdb",-6.230000019073486,66.6500015258789,-2.388000011444092
3,"0.9",0,162,"7w6u",0,"A","GLU",38,"","",False,1,1,1,"237","1580","A","B","pdbfiles/pdb7w6u.ent","pdbs/7w6u.A.pdb",-9.02400016784668,67.09400177001953,-8.75100040435791
3,"0.9",0,163,"7w6u",0,"A","GLN",42,"","",False,1,1,1,"238","1581","A","B","pdbfiles/pdb7w6u.ent","pdbs/7w6u.A.pdb",-7.158999919891357,65.15599822998047,-13.437999725341797
3,"0.9",0,164,"7w6u",0,"A","TYR",83,"","",False,1,1,1,"239","1582","A","B","pdbfiles/pdb7w6u.ent","pdbs/7w6u.A.pdb",4.96999979019165,69.4990005493164,5.540999889373779
3,"0.9",0,165,"7w6u",0,"A","LYS",353,"","",False,1,1,1,"240","1583","A","B","pdbfiles/pdb7w6u.ent","pdbs/7w6u.A.pdb",-12.840999603271484,55.340999603271484,-9.251999855041504
3,"0.9",0,166,"7w6u",0,"B","TYR",449,"","",True,1,1,1,"238","1581","A","B","pdbfiles/pdb7w6u.ent","pdbs/7w6u.A.pdb",-9.41100025177002,65.27400207519531,-14.17199993133545
3,"0.9",0,167,"7w6u",0,"B","ASN",487,"","",True,1,1,1,"239","1582","A","B","pdbfiles/pdb7w6u.ent","pdbs/7w6u.A.pdb",3.7119998931884766,71.65599822998047,7.113999843597412
3,"0.9",0,168,"7w6u",0,"B","GLN",493,"","",True,1,1,1,"236","1579","A","B","pdbfiles/pdb7w6u.ent","pdbs/7w6u.A.pdb",-6.796999931335449,68.84300231933594,-3.5880000591278076
3,"0.9",0,169,"7w6u",0,"B","SER",494,"","",True,1,1,1,"237","1580","A","B","pdbfiles/pdb7w6u.ent","pdbs/7w6u.A.pdb",-10.168999671936035,69.41600036621094,-8.321999549865723
3,"0.9",0,170,"7w6u",0,"B","GLY",502,"","",True,1,1,1,"240","1583","A","B","pdbfiles/pdb7w6u.ent","pdbs/7w6u.A.pdb",-15.265000343322754,54.257999420166016,-10.574000358581543
3,"0.9",0,171,"7w9i",0,"A","GLN",24,"","",False,1,1,1,"249","1584","A","E","pdbfiles/pdb7w9i.ent","pdbs/7w9i.A.pdb",224.00399780273438,173.99400329589844,281.6419982910156
3,"0.9",0,172,"7w9i",0,"A","GLU",37,"","",False,1,1,1,"254","1585","A","E","pdbfiles/pdb7w9i.ent","pdbs/7w9i.A.pdb",210.20599365234375,155.98699951171875,273.3659973144531
3,"0.9",0,173,"7w9i",0,"A","GLN",42,"","",False,1,1,1,"256","1586","A","E","pdbfiles/pdb7w9i.ent","pdbs/7w9i.A.pdb",219.33799743652344,147.4010009765625,273.19500732421875
3,"0.9",0,174,"7w9i",0,"A","TYR",83,"","",False,1,1,1,"258","1587","A","E","pdbfiles/pdb7w9i.ent","pdbs/7w9i.A.pdb",222.94200134277344,168.8280029296875,282.2019958496094
3,"0.9",0,175,"7w9i",0,"E","TYR",449,"","",True,1,1,1,"256","1586","A","E","pdbfiles/pdb7w9i.ent","pdbs/7w9i.A.pdb",219.97500610351562,148.8249969482422,271.3479919433594
3,"0.9",0,176,"7w9i",0,"E","TYR",505,"","",True,1,1,1,"254","1585","A","E","pdbfiles/pdb7w9i.ent","pdbs/7w9i.A.pdb",209.16200256347656,156.3509979248047,270.6549987792969
3,"0.9",0,177,"7wa1",0,"A","GLU",37,"","",False,1,1,1,"266","1588","A","B","pdbfiles/pdb7wa1.ent","pdbs/7wa1.A.pdb",118.93199920654297,120.86499786376953,97.66999816894531
3,"0.9",0,178,"7wa1",0,"A","GLN",42,"","",False,1,1,1,"269","1589","A","B","pdbfiles/pdb7wa1.ent","pdbs/7wa1.A.pdb",106.95700073242188,115.35199737548828,95.43399810791016
3,"0.9",0,179,"7wa1",0,"A","LYS",353,"","",False,1,1,1,"270","1590","A","B","pdbfiles/pdb7wa1.ent","pdbs/7wa1.A.pdb",114.9260025024414,125.55500030517578,97.61299896240234
3,"0.9",0,180,"7wa1",0,"B","TYR",449,"","",True,1,1,1,"269","1589","A","B","pdbfiles/pdb7wa1.ent","pdbs/7wa1.A.pdb",108.2509994506836,115.80699920654297,93.25199890136719
3,"0.9",0,181,"7wa1",0,"B","GLY",502,"","",True,1,1,1,"270","1590","A","B","pdbfiles/pdb7wa1.ent","pdbs/7wa1.A.pdb",113.09500122070312,127.7969970703125,96.82599639892578
3,"0.9",0,182,"7wa1",0,"B","TYR",505,"","",True,1,1,1,"266","1588","A","B","pdbfiles/pdb7wa1.ent","pdbs/7wa1.A.pdb",120.41400146484375,122.24600219726562,95.69100189208984
3,"0.9",0,183,"7wnm",0,"A","ALA",475,"","",True,1,1,1,"273","1591","B","A","pdbfiles/pdb7wnm.ent","pdbs/7wnm.B.pdb",-51.78900146484375,50.150001525878906,21.652999877929688
3,"0.9",0,184,"7wnm",0,"A","SER",494,"","",True,1,1,1,"277","1593","B","A","pdbfiles/pdb7wnm.ent","pdbs/7wnm.B.pdb",-50.30799865722656,28.96500015258789,23.797000885009766
3,"0.9",0,185,"7wnm",0,"A","GLY",502,"","",True,1,1,1,"283","1595","B","A","pdbfiles/pdb7wnm.ent","pdbs/7wnm.B.pdb",-39.20600128173828,21.332000732421875,20.638999938964844
3,"0.9",0,186,"7wnm",0,"B","SER",19,"","",False,1,1,1,"273","1591","B","A","pdbfiles/pdb7wnm.ent","pdbs/7wnm.B.pdb",-50.77399826049805,52.77399826049805,21.601999282836914
3,"0.9",0,187,"7wnm",0,"B","GLN",24,"","",False,1,1,1,"274","1592","B","A","pdbfiles/pdb7wnm.ent","pdbs/7wnm.B.pdb",-52.38199996948242,51.992000579833984,16.89699935913086
3,"0.9",0,188,"7wnm",0,"B","HIS",34,"","",False,1,1,1,"277","1593","B","A","pdbfiles/pdb7wnm.ent","pdbs/7wnm.B.pdb",-49.89899826049805,31.19700050354004,22.392000198364258
3,"0.9",0,189,"7wnm",0,"B","TYR",83,"","",False,1,1,1,"282","1594","B","A","pdbfiles/pdb7wnm.ent","pdbs/7wnm.B.pdb",-52.59600067138672,46.72700119018555,15.359999656677246
3,"0.9",0,190,"7wnm",0,"B","LYS",353,"","",False,1,1,1,"283","1595","B","A","pdbfiles/pdb7wnm.ent","pdbs/7wnm.B.pdb",-39.99700164794922,23.635000228881836,19.329999923706055
3,"0.9",0,191,"7wpb",0,"A","ASN",474,"","",False,1,1,1,"298","1596","A","D","pdbfiles/pdb7wpb.ent","pdbs/7wpb.A.pdb",222.07899475097656,192.46200561523438,263.3160095214844
3,"0.9",0,192,"7wpb",0,"A","GLY",499,"","",False,1,1,1,"306","1599","A","D","pdbfiles/pdb7wpb.ent","pdbs/7wpb.A.pdb",190.53700256347656,171.21200561523438,257.2969970703125
3,"0.9",0,193,"7wpb",0,"D","SER",19,"","",True,1,1,1,"298","1596","A","D","pdbfiles/pdb7wpb.ent","pdbs/7wpb.A.pdb",219.74400329589844,193.2480010986328,262.5270080566406
3,"0.9",0,194,"7wpb",0,"D","GLN",24,"","",True,1,1,1,"301","1598","A","D","pdbfiles/pdb7wpb.ent","pdbs/7wpb.A.pdb",217.4340057373047,189.77999877929688,267.42401123046875
3,"0.9",0,195,"7wpb",0,"D","TYR",83,"","",True,1,1,1,"300","1597","A","D","pdbfiles/pdb7wpb.ent","pdbs/7wpb.A.pdb",214.1230010986328,185.64199829101562,268.5690002441406
3,"0.9",0,196,"7wpb",0,"D","LYS",353,"","",True,1,1,1,"306","1599","A","D","pdbfiles/pdb7wpb.ent","pdbs/7wpb.A.pdb",192.2310028076172,172.5659942626953,259.1629943847656
3,"0.9",0,197,"7wse",0,"A","GLN",24,"","",False,1,1,1,"307","1600","A","B","pdbfiles/pdb7wse.ent","pdbs/7wse.A.pdb",95.86699676513672,90.22599792480469,138.9250030517578
3,"0.9",0,198,"7wse",0,"A","HIS",34,"","",False,1,1,1,"314","1601","A","B","pdbfiles/pdb7wse.ent","pdbs/7wse.A.pdb",111.91899871826172,104.79900360107422,136.9149932861328
3,"0.9",0,199,"7wse",0,"A","ASP",38,"","",False,1,1,1,"316","1602","A","B","pdbfiles/pdb7wse.ent","pdbs/7wse.A.pdb",117.0479965209961,105.6520004272461,131.24400329589844
3,"0.9",0,200,"7wse",0,"A","LYS",352,"","",False,1,1,1,"321","1603","A","B","pdbfiles/pdb7wse.ent","pdbs/7wse.A.pdb",112.73600006103516,114.14199829101562,127.37300109863281
3,"0.9",0,201,"7wse",0,"B","TYR",449,"","",True,1,1,1,"316","1602","A","B","pdbfiles/pdb7wse.ent","pdbs/7wse.A.pdb",118.98200225830078,105.00700378417969,132.3800048828125
3,"0.9",0,202,"7wse",0,"B","ASN",487,"","",True,1,1,1,"307","1600","A","B","pdbfiles/pdb7wse.ent","pdbs/7wse.A.pdb",98.74600219726562,89.77300262451172,139.57400512695312
3,"0.9",0,203,"7wse",0,"B","SER",494,"","",True,1,1,1,"314","1601","A","B","pdbfiles/pdb7wse.ent","pdbs/7wse.A.pdb",114.34600067138672,105.76399993896484,137.26600646972656
3,"0.9",0,204,"7wse",0,"B","GLY",502,"","",True,1,1,1,"321","1603","A","B","pdbfiles/pdb7wse.ent","pdbs/7wse.A.pdb",114.20999908447266,116.71499633789062,127.37699890136719
3,"0.9",0,205,"7wsh",0,"A","GLU",38,"","",False,1,1,1,"329","1604","A","B","pdbfiles/pdb7wsh.ent","pdbs/7wsh.A.pdb",110.33100128173828,127.81500244140625,142.4550018310547
3,"0.9",0,206,"7wsh",0,"A","LYS",353,"","",False,1,1,1,"331","1605","A","B","pdbfiles/pdb7wsh.ent","pdbs/7wsh.A.pdb",115.0979995727539,118.36000061035156,140.50999450683594
3,"0.9",0,207,"7wsh",0,"B","TYR",449,"","",True,1,1,1,"329","1604","A","B","pdbfiles/pdb7wsh.ent","pdbs/7wsh.A.pdb",108.55599975585938,128.80099487304688,143.73599243164062
3,"0.9",0,208,"7wsh",0,"B","GLY",502,"","",True,1,1,1,"331","1605","A","B","pdbfiles/pdb7wsh.ent","pdbs/7wsh.A.pdb",113.23500061035156,116.62699890136719,141.2729949951172
3,"0.9",0,209,"7xo6",0,"A","THR",500,"","",True,1,1,1,"339","1609","D","A","pdbfiles/pdb7xo6.ent","pdbs/7xo6.D.pdb",192.36599731445312,167.33099365234375,260.0429992675781
3,"0.9",0,210,"7xo6",0,"D","GLN",34,"","",False,1,1,1,"336","1606","D","A","pdbfiles/pdb7xo6.ent","pdbs/7xo6.D.pdb",208.52499389648438,175.42799377441406,262.63800048828125
3,"0.9",0,211,"7xo6",0,"D","TYR",41,"","",False,1,1,1,"339","1609","D","A","pdbfiles/pdb7xo6.ent","pdbs/7xo6.D.pdb",194.10499572753906,166.8300018310547,262.1369934082031
3,"0.9",0,212,"7xo9",0,"A","TYR",449,"","",False,1,1,1,"342","1610","A","D","pdbfiles/pdb7xo9.ent","pdbs/7xo9.A.pdb",203.0959930419922,165.41200256347656,262.48199462890625
3,"0.9",0,213,"7xo9",0,"A","ASN",487,"","",False,1,1,1,"344","1611","A","D","pdbfiles/pdb7xo9.ent","pdbs/7xo9.A.pdb",219.1909942626953,185.4080047607422,267.6990051269531
3,"0.9",0,214,"7xo9",0,"A","GLY",502,"","",False,1,1,1,"351","1612","A","D","pdbfiles/pdb7xo9.ent","pdbs/7xo9.A.pdb",191.2779998779297,170.55099487304688,257.7340087890625
3,"0.9",0,215,"7xo9",0,"D","GLN",24,"","",True,1,1,1,"344","1611","A","D","pdbfiles/pdb7xo9.ent","pdbs/7xo9.A.pdb",218.01300048828125,188.0330047607422,268.41900634765625
3,"0.9",0,216,"7xo9",0,"D","GLN",42,"","",True,1,1,1,"342","1610","A","D","pdbfiles/pdb7xo9.ent","pdbs/7xo9.A.pdb",202.42300415039062,165.3300018310547,265.3340148925781
3,"0.9",0,217,"7xo9",0,"D","LYS",353,"","",True,1,1,1,"351","1612","A","D","pdbfiles/pdb7xo9.ent","pdbs/7xo9.A.pdb",192.7519989013672,172.1649932861328,259.5690002441406
3,"0.9",0,218,"7xoc",0,"A","TYR",449,"","",True,1,1,1,"360","1616","D","A","pdbfiles/pdb7xoc.ent","pdbs/7xoc.D.pdb",203.677001953125,165.2469940185547,262.3420104980469
3,"0.9",0,219,"7xoc",0,"A","TYR",453,"","",True,1,1,1,"355","1615","D","A","pdbfiles/pdb7xoc.ent","pdbs/7xoc.D.pdb",206.07400512695312,174.7050018310547,257.99700927734375
3,"0.9",0,220,"7xoc",0,"D","GLN",34,"","",False,1,1,1,"355","1615","D","A","pdbfiles/pdb7xoc.ent","pdbs/7xoc.D.pdb",206.75999450683594,174.08700561523438,260.29400634765625
3,"0.9",0,221,"7xoc",0,"D","GLN",42,"","",False,1,1,1,"360","1616","D","A","pdbfiles/pdb7xoc.ent","pdbs/7xoc.D.pdb",203.36500549316406,165.75900268554688,265.1730041503906
3,"0.9",0,222,"8dlq",0,"B","TYR",449,"","",False,1,1,1,"363","1617","B","E","pdbfiles/pdb8dlq.ent","pdbs/8dlq.B.pdb",232.13499450683594,167.7530059814453,254.43899536132812
3,"0.9",0,223,"8dlq",0,"B","ASN",487,"","",False,1,1,1,"367","1618","B","E","pdbfiles/pdb8dlq.ent","pdbs/8dlq.B.pdb",226.97000122070312,190.18800354003906,262.3999938964844
3,"0.9",0,224,"8dlq",0,"B","GLN",493,"","",False,1,1,1,"368","1619","B","E","pdbfiles/pdb8dlq.ent","pdbs/8dlq.B.pdb",230.78399658203125,178.41000366210938,254.1439971923828
3,"0.9",0,225,"8dlq",0,"E","HIS",34,"","",True,1,1,1,"368","1619","B","E","pdbfiles/pdb8dlq.ent","pdbs/8dlq.B.pdb",229.02000427246094,176.1020050048828,254.33099365234375
3,"0.9",0,226,"8dlq",0,"E","GLN",42,"","",True,1,1,1,"363","1617","B","E","pdbfiles/pdb8dlq.ent","pdbs/8dlq.B.pdb",231.39500427246094,165.3489990234375,256.0450134277344
3,"0.9",0,227,"8dlq",0,"E","TYR",83,"","",True,1,1,1,"367","1618","B","E","pdbfiles/pdb8dlq.ent","pdbs/8dlq.B.pdb",226.32699584960938,188.39999389648438,263.89801025390625
3,"0.9",0,228,"8dm6",0,"A","ASN",487,"","",False,1,1,1,"374","1620","A","D","pdbfiles/pdb8dm6.ent","pdbs/8dm6.A.pdb",226.96400451660156,187.13600158691406,268.3089904785156
3,"0.9",0,229,"8dm6",0,"A","GLY",502,"","",False,1,1,1,"379","1621","A","D","pdbfiles/pdb8dm6.ent","pdbs/8dm6.A.pdb",219.8780059814453,160.98300170898438,253.6320037841797
3,"0.9",0,230,"8dm6",0,"D","TYR",83,"","",True,1,1,1,"374","1620","A","D","pdbfiles/pdb8dm6.ent","pdbs/8dm6.A.pdb",225.6300048828125,185.24899291992188,269.57501220703125
3,"0.9",0,231,"8dm6",0,"D","LYS",353,"","",True,1,1,1,"379","1621","A","D","pdbfiles/pdb8dm6.ent","pdbs/8dm6.A.pdb",220.21099853515625,162.60000610351562,255.81900024414062
3,"0.9",0,232,"8dm8",0,"A","TYR",453,"","",False,1,1,1,"381","1622","A","D","pdbfiles/pdb8dm8.ent","pdbs/8dm8.A.pdb",225.36000061035156,174.6020050048828,255.6999969482422
3,"0.9",0,233,"8dm8",0,"A","GLY",502,"","",False,1,1,1,"388","1623","A","D","pdbfiles/pdb8dm8.ent","pdbs/8dm8.A.pdb",219.7469940185547,161.093994140625,253.59300231933594
3,"0.9",0,234,"8dm8",0,"D","GLN",34,"","",True,1,1,1,"381","1622","A","D","pdbfiles/pdb8dm8.ent","pdbs/8dm8.A.pdb",226.85400390625,173.65899658203125,257.79400634765625
3,"0.9",0,235,"8dm8",0,"D","HIS",353,"","",True,1,1,1,"388","1623","A","D","pdbfiles/pdb8dm8.ent","pdbs/8dm8.A.pdb",219.9340057373047,162.78199768066406,255.6230010986328
3,"0.9",0,236,"8dma",0,"A","GLY",502,"","",False,1,1,1,"395","1624","A","D","pdbfiles/pdb8dma.ent","pdbs/8dma.A.pdb",219.42999267578125,161.43499755859375,253.8699951171875
3,"0.9",0,237,"8dma",0,"D","HIS",353,"","",True,1,1,1,"395","1624","A","D","pdbfiles/pdb8dma.ent","pdbs/8dma.A.pdb",219.593994140625,163.05799865722656,255.96299743652344
3,"1.0",0,1,"7e3j",0,"A","LYS",353,"","",False,3,3,2,"52;54","1642;1643;1644","A","B","pdbfiles/pdb7e3j.ent","pdbs/7e3j.A.pdb",-94.27533213297527,25.690666834513348,-26.565667470296223
3,"1.0",0,2,"7efp",0,"A","LYS",353,"","",False,3,3,2,"67;69","1647;1648;1649","A","B","pdbfiles/pdb7efp.ent","pdbs/7efp.A.pdb",-40.817334493001304,-30.817333221435547,-32.526999155680336
3,"1.0",0,3,"7lo4",0,"A","LYS",353,"","",False,3,3,2,"164;166","1688;1689;1690","A","B","pdbfiles/pdb7lo4.ent","pdbs/7lo4.A.pdb",-6.022666613260905,7.87666670481364,-54.08166758219401
3,"1.0",0,4,"7xo6",0,"A","ARG",493,"","",True,3,3,1,"336","1741;1742;1743","D","A","pdbfiles/pdb7xo6.ent","pdbs/7xo6.D.pdb",211.47533162434897,177.01867167154947,262.03867594401044
3,"1.0",0,5,"6lzg",0,"B","ASN",487,"","",True,2,2,2,"1;10","1626;1629","A","B","pdbfiles/pdb6lzg.ent","pdbs/6lzg.A.pdb",-37.368499755859375,45.719499588012695,-1.7269999980926514
3,"1.0",0,6,"6m0j",0,"E","ASN",487,"","",True,2,2,2,"13;22","1631;1632","A","E","pdbfiles/pdb6m0j.ent","pdbs/6m0j.A.pdb",-37.31599998474121,45.99100112915039,-1.6579999923706055
3,"1.0",0,7,"7dhx",0,"A","LYS",353,"","",False,2,2,2,"39;41","1638;1639","A","B","pdbfiles/pdb7dhx.ent","pdbs/7dhx.A.pdb",25.477999687194824,8.592999935150146,57.76599884033203
3,"1.0",0,8,"7e3j",0,"A","GLU",38,"","",False,2,2,1,"49","1640;1641","A","B","pdbfiles/pdb7e3j.ent","pdbs/7e3j.A.pdb",-96.14299774169922,29.083999633789062,-31.173999786376953
3,"1.0",0,9,"7e3j",0,"B","GLN",498,"","",True,2,2,2,"49;54","1641;1643","A","B","pdbfiles/pdb7e3j.ent","pdbs/7e3j.A.pdb",-95.34549713134766,25.66699981689453,-31.019999504089355
3,"1.0",0,10,"7efp",0,"B","GLN",498,"","",True,2,2,2,"60;69","1645;1648","A","B","pdbfiles/pdb7efp.ent","pdbs/7efp.A.pdb",-44.854000091552734,-30.39299964904785,-31.032499313354492
3,"1.0",0,11,"7efr",0,"A","LYS",353,"","",False,2,2,2,"83;85","1653;1654","A","B","pdbfiles/pdb7efr.ent","pdbs/7efr.A.pdb",30.48799991607666,40.1929988861084,33.472999572753906
3,"1.0",0,12,"7eke",0,"A","LYS",353,"","",False,2,2,2,"107;109","1661;1662","A","B","pdbfiles/pdb7eke.ent","pdbs/7eke.A.pdb",-33.71250057220459,19.380499839782715,2.5075000524520874
3,"1.0",0,13,"7ekf",0,"B","ASN",487,"","",True,2,2,2,"110;119","1663;1665","A","B","pdbfiles/pdb7ekf.ent","pdbs/7ekf.A.pdb",-37.652000427246094,45.46449851989746,-2.418000102043152
3,"1.0",0,14,"7ekg",0,"B","ASN",487,"","",True,2,2,2,"121;128","1667;1669","A","B","pdbfiles/pdb7ekg.ent","pdbs/7ekg.A.pdb",-38.464500427246094,45.958499908447266,-2.4179999828338623
3,"1.0",0,15,"7ekh",0,"A","GLN",42,"","",False,2,2,1,"137","1674;1675","A","B","pdbfiles/pdb7ekh.ent","pdbs/7ekh.A.pdb",-43.119998931884766,19.511999130249023,0.5519999861717224
3,"1.0",0,16,"7ekh",0,"A","LYS",353,"","",False,2,2,2,"141;143","1677;1678","A","B","pdbfiles/pdb7ekh.ent","pdbs/7ekh.A.pdb",-33.49300003051758,19.487000465393066,2.596000015735626
3,"1.0",0,17,"7ekh",0,"B","TYR",449,"","",True,2,2,1,"137","1673;1675","A","B","pdbfiles/pdb7ekh.ent","pdbs/7ekh.A.pdb",-42.542999267578125,21.649999618530273,2.4619998931884766
3,"1.0",0,18,"7ekh",0,"B","ASN",487,"","",True,2,2,2,"132;140","1672;1676","A","B","pdbfiles/pdb7ekh.ent","pdbs/7ekh.A.pdb",-36.45100021362305,46.01250076293945,-1.5285000205039978
3,"1.0",0,19,"7fc5",0,"A","GLU",38,"","",True,2,2,1,"146","1679;1680","E","A","pdbfiles/pdb7fc5.ent","pdbs/7fc5.E.pdb",8.647000312805176,-34.266998291015625,-22.483999252319336
3,"1.0",0,20,"7lo4",0,"A","ASP",38,"","",False,2,2,2,"160;161","1685;1686","A","B","pdbfiles/pdb7lo4.ent","pdbs/7lo4.A.pdb",-1.6019999980926514,4.235999941825867,-52.625
3,"1.0",0,21,"7lo4",0,"B","GLN",498,"","",True,2,2,2,"160;166","1685;1690","A","B","pdbfiles/pdb7lo4.ent","pdbs/7lo4.A.pdb",-5.622999906539917,4.19700014591217,-52.68549919128418
3,"1.0",0,22,"7pki",0,"E","ASN",483,"","",True,2,2,2,"167;175","1691;1692","A","E","pdbfiles/pdb7pki.ent","pdbs/7pki.A.pdb",49.94049835205078,106.67150115966797,8.606500148773193
3,"1.0",0,23,"7v84",0,"A","GLN",493,"","",False,2,2,1,"229","1712;1713","A","F","pdbfiles/pdb7v84.ent","pdbs/7v84.A.pdb",189.36099243164062,192.97300720214844,183.70899963378906
3,"1.0",0,24,"7w9i",0,"E","ASN",487,"","",True,2,2,2,"249;258","1719;1722","A","E","pdbfiles/pdb7w9i.ent","pdbs/7w9i.A.pdb",224.3385009765625,170.84500122070312,280.7590026855469
3,"1.0",0,25,"7wnm",0,"A","ASN",487,"","",True,2,2,2,"274;282","1727;1729","B","A","pdbfiles/pdb7wnm.ent","pdbs/7wnm.B.pdb",-53.888999938964844,49.00149917602539,17.34749984741211
3,"1.0",0,26,"7wpb",0,"A","ASN",484,"","",False,2,2,2,"300;301","1732;1733","A","D","pdbfiles/pdb7wpb.ent","pdbs/7wpb.A.pdb",216.91400146484375,186.67950439453125,267.17601013183594
3,"1.0",0,27,"7xo6",0,"D","ASN",31,"","",False,2,2,1,"336","1742;1743","D","A","pdbfiles/pdb7xo6.ent","pdbs/7xo6.D.pdb",211.2949981689453,177.66700744628906,264.2669982910156
3,"1.0",0,28,"7xoc",0,"A","ARG",493,"","",True,2,2,1,"354","1748;1749","D","A","pdbfiles/pdb7xoc.ent","pdbs/7xoc.D.pdb",211.65350341796875,176.74500274658203,261.9464874267578
3,"1.0",0,29,"7xoc",0,"D","ASN",31,"","",False,2,2,1,"354","1748;1749","D","A","pdbfiles/pdb7xoc.ent","pdbs/7xoc.D.pdb",211.41799926757812,177.6009979248047,264.17498779296875
3,"1.0",0,30,"6lzg",0,"A","SER",19,"","",False,1,1,1,"0","1625","A","B","pdbfiles/pdb6lzg.ent","pdbs/6lzg.A.pdb",-33.20100021362305,49.104000091552734,1.7640000581741333
3,"1.0",0,31,"6lzg",0,"A","GLN",24,"","",False,1,1,1,"1","1626","A","B","pdbfiles/pdb6lzg.ent","pdbs/6lzg.A.pdb",-35.415000915527344,48.29899978637695,-2.86299991607666
3,"1.0",0,32,"6lzg",0,"A","ASP",38,"","",False,1,1,1,"5","1627","A","B","pdbfiles/pdb6lzg.ent","pdbs/6lzg.A.pdb",-41.6150016784668,23.14299964904785,0.8849999904632568
3,"1.0",0,33,"6lzg",0,"A","GLN",42,"","",False,1,1,1,"7","1628","A","B","pdbfiles/pdb6lzg.ent","pdbs/6lzg.A.pdb",-42.88800048828125,19.22599983215332,0.15600000321865082
3,"1.0",0,34,"6lzg",0,"A","TYR",83,"","",False,1,1,1,"10","1629","A","B","pdbfiles/pdb6lzg.ent","pdbs/6lzg.A.pdb",-36.944000244140625,43.24399948120117,-3.8550000190734863
3,"1.0",0,35,"6lzg",0,"A","LYS",353,"","",False,1,1,1,"11","1630","A","B","pdbfiles/pdb6lzg.ent","pdbs/6lzg.A.pdb",-31.48900032043457,17.336999893188477,1.753999948501587
3,"1.0",0,36,"6lzg",0,"B","TYR",449,"","",True,1,1,1,"5","1627","A","B","pdbfiles/pdb6lzg.ent","pdbs/6lzg.A.pdb",-43.284000396728516,21.3799991607666,2.3340001106262207
3,"1.0",0,37,"6lzg",0,"B","ALA",475,"","",True,1,1,1,"0","1625","A","B","pdbfiles/pdb6lzg.ent","pdbs/6lzg.A.pdb",-34.95399856567383,47.016998291015625,2.4600000381469727
3,"1.0",0,38,"6lzg",0,"B","GLN",498,"","",True,1,1,1,"7","1628","A","B","pdbfiles/pdb6lzg.ent","pdbs/6lzg.A.pdb",-41.125999450683594,18.174999237060547,1.7100000381469727
3,"1.0",0,39,"6lzg",0,"B","GLY",502,"","",True,1,1,1,"11","1630","A","B","pdbfiles/pdb6lzg.ent","pdbs/6lzg.A.pdb",-31.208999633789062,14.989999771118164,3.2290000915527344
3,"1.0",0,40,"6m0j",0,"A","GLN",24,"","",False,1,1,1,"13","1631","A","E","pdbfiles/pdb6m0j.ent","pdbs/6m0j.A.pdb",-35.12200164794922,48.21799850463867,-2.447999954223633
3,"1.0",0,41,"6m0j",0,"A","TYR",83,"","",False,1,1,1,"22","1632","A","E","pdbfiles/pdb6m0j.ent","pdbs/6m0j.A.pdb",-36.888999938964844,43.35499954223633,-3.7730000019073486
3,"1.0",0,42,"6m0j",0,"A","LYS",353,"","",False,1,1,1,"23","1633","A","E","pdbfiles/pdb6m0j.ent","pdbs/6m0j.A.pdb",-31.486000061035156,17.52899932861328,1.8009999990463257
3,"1.0",0,43,"6m0j",0,"E","GLY",502,"","",True,1,1,1,"23","1633","A","E","pdbfiles/pdb6m0j.ent","pdbs/6m0j.A.pdb",-31.270999908447266,15.199000358581543,3.309000015258789
3,"1.0",0,44,"7bh9",0,"A","GLN",24,"","",False,1,1,1,"25","1634","A","E","pdbfiles/pdb7bh9.ent","pdbs/7bh9.A.pdb",168.17799377441406,163.3260040283203,209.88699340820312
3,"1.0",0,45,"7bh9",0,"A","LYS",353,"","",False,1,1,1,"30","1635","A","E","pdbfiles/pdb7bh9.ent","pdbs/7bh9.A.pdb",186.04800415039062,187.9080047607422,199.3459930419922
3,"1.0",0,46,"7bh9",0,"E","ASN",487,"","",True,1,1,1,"25","1634","A","E","pdbfiles/pdb7bh9.ent","pdbs/7bh9.A.pdb",171.00799560546875,162.88600158691406,210.54200744628906
3,"1.0",0,47,"7bh9",0,"E","GLY",502,"","",True,1,1,1,"30","1635","A","E","pdbfiles/pdb7bh9.ent","pdbs/7bh9.A.pdb",187.20599365234375,190.26300048828125,200.01400756835938
3,"1.0",0,48,"7dhx",0,"A","GLN",42,"","",False,1,1,1,"36","1636","A","B","pdbfiles/pdb7dhx.ent","pdbs/7dhx.A.pdb",17.75200080871582,6.716000080108643,62.845001220703125
3,"1.0",0,49,"7dhx",0,"A","TYR",83,"","",False,1,1,1,"38","1637","A","B","pdbfiles/pdb7dhx.ent","pdbs/7dhx.A.pdb",18.113000869750977,32.29800033569336,61.909000396728516
3,"1.0",0,50,"7dhx",0,"B","GLY",446,"","",True,1,1,1,"36","1636","A","B","pdbfiles/pdb7dhx.ent","pdbs/7dhx.A.pdb",17.822999954223633,5.239999771118164,65.0719985961914
3,"1.0",0,51,"7dhx",0,"B","ASN",487,"","",True,1,1,1,"38","1637","A","B","pdbfiles/pdb7dhx.ent","pdbs/7dhx.A.pdb",19.250999450683594,33.946998596191406,63.89400100708008
3,"1.0",0,52,"7dhx",0,"B","GLY",496,"","",True,1,1,1,"41","1639","A","B","pdbfiles/pdb7dhx.ent","pdbs/7dhx.A.pdb",24.902999877929688,8.571999549865723,63.07899856567383
3,"1.0",0,53,"7dhx",0,"B","GLY",502,"","",True,1,1,1,"39","1638","A","B","pdbfiles/pdb7dhx.ent","pdbs/7dhx.A.pdb",28.117000579833984,5.111000061035156,55.981998443603516
3,"1.0",0,54,"7e3j",0,"B","TYR",449,"","",True,1,1,1,"49","1640","A","B","pdbfiles/pdb7e3j.ent","pdbs/7e3j.A.pdb",-97.21900177001953,29.010000228881836,-33.604000091552734
3,"1.0",0,55,"7e3j",0,"B","GLY",496,"","",True,1,1,1,"54","1644","A","B","pdbfiles/pdb7e3j.ent","pdbs/7e3j.A.pdb",-97.9990005493164,25.615999221801758,-27.726999282836914
3,"1.0",0,56,"7e3j",0,"B","GLY",502,"","",True,1,1,1,"52","1642","A","B","pdbfiles/pdb7e3j.ent","pdbs/7e3j.A.pdb",-92.63200378417969,20.200000762939453,-24.19499969482422
3,"1.0",0,57,"7efp",0,"A","ASP",38,"","",False,1,1,1,"60","1645","A","B","pdbfiles/pdb7efp.ent","pdbs/7efp.A.pdb",-43.005001068115234,-30.51300048828125,-28.450000762939453
3,"1.0",0,58,"7efp",0,"A","TYR",83,"","",False,1,1,1,"65","1646","A","B","pdbfiles/pdb7efp.ent","pdbs/7efp.A.pdb",-28.325000762939453,-27.54199981689453,-11.777000427246094
3,"1.0",0,59,"7efp",0,"B","ASN",487,"","",True,1,1,1,"65","1646","A","B","pdbfiles/pdb7efp.ent","pdbs/7efp.A.pdb",-27.54400062561035,-29.81399917602539,-10.178999900817871
3,"1.0",0,60,"7efp",0,"B","GLY",496,"","",True,1,1,1,"69","1649","A","B","pdbfiles/pdb7efp.ent","pdbs/7efp.A.pdb",-42.8380012512207,-33.87300109863281,-30.819000244140625
3,"1.0",0,61,"7efp",0,"B","GLY",502,"","",True,1,1,1,"67","1647","A","B","pdbfiles/pdb7efp.ent","pdbs/7efp.A.pdb",-40.26900100708008,-31.083999633789062,-38.66999816894531
3,"1.0",0,62,"7efr",0,"A","ASP",38,"","",False,1,1,1,"75","1650","A","B","pdbfiles/pdb7efr.ent","pdbs/7efr.A.pdb",29.273000717163086,44.257999420166016,27.033000946044922
3,"1.0",0,63,"7efr",0,"A","GLN",42,"","",False,1,1,1,"77","1651","A","B","pdbfiles/pdb7efr.ent","pdbs/7efr.A.pdb",27.649999618530273,47.452999114990234,29.902999877929688
3,"1.0",0,64,"7efr",0,"A","TYR",83,"","",False,1,1,1,"81","1652","A","B","pdbfiles/pdb7efr.ent","pdbs/7efr.A.pdb",27.56599998474121,28.145999908447266,11.927000045776367
3,"1.0",0,65,"7efr",0,"B","TYR",449,"","",True,1,1,1,"75","1650","A","B","pdbfiles/pdb7efr.ent","pdbs/7efr.A.pdb",30.0939998626709,46.57699966430664,27.10099983215332
3,"1.0",0,66,"7efr",0,"B","ASN",487,"","",True,1,1,1,"81","1652","A","B","pdbfiles/pdb7efr.ent","pdbs/7efr.A.pdb",29.764999389648438,27.628000259399414,10.157999992370605
3,"1.0",0,67,"7efr",0,"B","GLY",496,"","",True,1,1,1,"85","1654","A","B","pdbfiles/pdb7efr.ent","pdbs/7efr.A.pdb",33.53799819946289,42.915000915527344,30.77899932861328
3,"1.0",0,68,"7efr",0,"B","GLN",498,"","",True,1,1,1,"77","1651","A","B","pdbfiles/pdb7efr.ent","pdbs/7efr.A.pdb",29.948999404907227,45.555999755859375,30.222999572753906
3,"1.0",0,69,"7efr",0,"B","GLY",502,"","",True,1,1,1,"83","1653","A","B","pdbfiles/pdb7efr.ent","pdbs/7efr.A.pdb",31.051000595092773,40.125,38.51900100708008
3,"1.0",0,70,"7ekc",0,"A","GLN",24,"","",False,1,1,1,"86","1655","A","B","pdbfiles/pdb7ekc.ent","pdbs/7ekc.A.pdb",-33.39400100708008,47.72999954223633,-2.3529999256134033
3,"1.0",0,71,"7ekc",0,"A","GLN",42,"","",False,1,1,1,"92","1656","A","B","pdbfiles/pdb7ekc.ent","pdbs/7ekc.A.pdb",-42.111000061035156,17.937000274658203,-1.4210000038146973
3,"1.0",0,72,"7ekc",0,"A","LYS",353,"","",False,1,1,1,"95","1657","A","B","pdbfiles/pdb7ekc.ent","pdbs/7ekc.A.pdb",-30.503000259399414,16.9689998626709,1.6180000305175781
3,"1.0",0,73,"7ekc",0,"B","ASN",487,"","",True,1,1,1,"86","1655","A","B","pdbfiles/pdb7ekc.ent","pdbs/7ekc.A.pdb",-35.72999954223633,46.33100128173828,-1.8860000371932983
3,"1.0",0,74,"7ekc",0,"B","GLN",498,"","",True,1,1,1,"92","1656","A","B","pdbfiles/pdb7ekc.ent","pdbs/7ekc.A.pdb",-40.375999450683594,17.009000778198242,0.8029999732971191
3,"1.0",0,75,"7ekc",0,"B","GLY",502,"","",True,1,1,1,"95","1657","A","B","pdbfiles/pdb7ekc.ent","pdbs/7ekc.A.pdb",-30.426000595092773,14.529999732971191,3.181999921798706
3,"1.0",0,76,"7eke",0,"A","SER",19,"","",False,1,1,1,"97","1658","A","B","pdbfiles/pdb7eke.ent","pdbs/7eke.A.pdb",-32.882999420166016,49.15299987792969,2.2130000591278076
3,"1.0",0,77,"7eke",0,"A","GLU",35,"","",False,1,1,1,"101","1659","A","B","pdbfiles/pdb7eke.ent","pdbs/7eke.A.pdb",-41.25600051879883,29.270999908447266,0.9710000157356262
3,"1.0",0,78,"7eke",0,"A","TYR",83,"","",False,1,1,1,"106","1660","A","B","pdbfiles/pdb7eke.ent","pdbs/7eke.A.pdb",-36.7239990234375,43.12300109863281,-3.7820000648498535
3,"1.0",0,79,"7eke",0,"B","ALA",475,"","",True,1,1,1,"97","1658","A","B","pdbfiles/pdb7eke.ent","pdbs/7eke.A.pdb",-34.819000244140625,47.027000427246094,2.4040000438690186
3,"1.0",0,80,"7eke",0,"B","ASN",487,"","",True,1,1,1,"106","1660","A","B","pdbfiles/pdb7eke.ent","pdbs/7eke.A.pdb",-37.00299835205078,44.71500015258789,-1.8300000429153442
3,"1.0",0,81,"7eke",0,"B","GLN",493,"","",True,1,1,1,"101","1659","A","B","pdbfiles/pdb7eke.ent","pdbs/7eke.A.pdb",-39.20899963378906,29.898000717163086,2.8429999351501465
3,"1.0",0,82,"7eke",0,"B","GLY",496,"","",True,1,1,1,"109","1662","A","B","pdbfiles/pdb7eke.ent","pdbs/7eke.A.pdb",-37.9630012512207,19.804000854492188,4.892000198364258
3,"1.0",0,83,"7eke",0,"B","GLY",502,"","",True,1,1,1,"107","1661","A","B","pdbfiles/pdb7eke.ent","pdbs/7eke.A.pdb",-31.13800048828125,14.96500015258789,3.1419999599456787
3,"1.0",0,84,"7ekf",0,"A","GLN",24,"","",False,1,1,1,"110","1663","A","B","pdbfiles/pdb7ekf.ent","pdbs/7ekf.A.pdb",-35.237998962402344,48.106998443603516,-2.871000051498413
3,"1.0",0,85,"7ekf",0,"A","HIS",34,"","",False,1,1,1,"114","1664","A","B","pdbfiles/pdb7ekf.ent","pdbs/7ekf.A.pdb",-39.262001037597656,29.235000610351562,3.1640000343322754
3,"1.0",0,86,"7ekf",0,"A","TYR",83,"","",False,1,1,1,"119","1665","A","B","pdbfiles/pdb7ekf.ent","pdbs/7ekf.A.pdb",-37.08100128173828,42.85100173950195,-4.120999813079834
3,"1.0",0,87,"7ekf",0,"A","LYS",353,"","",False,1,1,1,"120","1666","A","B","pdbfiles/pdb7ekf.ent","pdbs/7ekf.A.pdb",-31.816999435424805,17.191999435424805,1.3630000352859497
3,"1.0",0,88,"7ekf",0,"B","GLN",493,"","",True,1,1,1,"114","1664","A","B","pdbfiles/pdb7ekf.ent","pdbs/7ekf.A.pdb",-40.7760009765625,31.003000259399414,3.9579999446868896
3,"1.0",0,89,"7ekf",0,"B","GLY",502,"","",True,1,1,1,"120","1666","A","B","pdbfiles/pdb7ekf.ent","pdbs/7ekf.A.pdb",-31.517000198364258,14.937999725341797,2.9800000190734863
3,"1.0",0,90,"7ekg",0,"A","GLN",24,"","",False,1,1,1,"121","1667","A","B","pdbfiles/pdb7ekg.ent","pdbs/7ekg.A.pdb",-35.89099884033203,48.409000396728516,-2.9210000038146973
3,"1.0",0,91,"7ekg",0,"A","GLN",42,"","",False,1,1,1,"126","1668","A","B","pdbfiles/pdb7ekg.ent","pdbs/7ekg.A.pdb",-44.52399826049805,20.18199920654297,-0.527999997138977
3,"1.0",0,92,"7ekg",0,"A","TYR",83,"","",False,1,1,1,"128","1669","A","B","pdbfiles/pdb7ekg.ent","pdbs/7ekg.A.pdb",-37.61600112915039,43.41699981689453,-4.13100004196167
3,"1.0",0,93,"7ekg",0,"A","LYS",353,"","",False,1,1,1,"129","1670","A","B","pdbfiles/pdb7ekg.ent","pdbs/7ekg.A.pdb",-31.96500015258789,17.496999740600586,1.430999994277954
3,"1.0",0,94,"7ekg",0,"B","TYR",449,"","",True,1,1,1,"126","1668","A","B","pdbfiles/pdb7ekg.ent","pdbs/7ekg.A.pdb",-43.82099914550781,21.736000061035156,1.9210000038146973
3,"1.0",0,95,"7ekg",0,"B","GLY",502,"","",True,1,1,1,"129","1670","A","B","pdbfiles/pdb7ekg.ent","pdbs/7ekg.A.pdb",-31.770000457763672,15.024999618530273,2.8570001125335693
3,"1.0",0,96,"7ekh",0,"A","SER",19,"","",False,1,1,1,"131","1671","A","B","pdbfiles/pdb7ekh.ent","pdbs/7ekh.A.pdb",-32.23899841308594,49.1879997253418,2.013000011444092
3,"1.0",0,97,"7ekh",0,"A","GLN",24,"","",False,1,1,1,"132","1672","A","B","pdbfiles/pdb7ekh.ent","pdbs/7ekh.A.pdb",-34.36399841308594,48.25400161743164,-2.5439999103546143
3,"1.0",0,98,"7ekh",0,"A","ASP",38,"","",False,1,1,1,"137","1673","A","B","pdbfiles/pdb7ekh.ent","pdbs/7ekh.A.pdb",-41.132999420166016,23.4060001373291,1.0800000429153442
3,"1.0",0,99,"7ekh",0,"A","TYR",83,"","",False,1,1,1,"140","1676","A","B","pdbfiles/pdb7ekh.ent","pdbs/7ekh.A.pdb",-35.994998931884766,43.19900131225586,-3.4140000343322754
3,"1.0",0,100,"7ekh",0,"B","GLY",446,"","",True,1,1,1,"137","1674","A","B","pdbfiles/pdb7ekh.ent","pdbs/7ekh.A.pdb",-44.154998779296875,17.968000411987305,2.7209999561309814
3,"1.0",0,101,"7ekh",0,"B","ALA",475,"","",True,1,1,1,"131","1671","A","B","pdbfiles/pdb7ekh.ent","pdbs/7ekh.A.pdb",-34.099998474121094,47.32600021362305,2.941999912261963
3,"1.0",0,102,"7ekh",0,"B","GLY",496,"","",True,1,1,1,"143","1678","A","B","pdbfiles/pdb7ekh.ent","pdbs/7ekh.A.pdb",-37.40299987792969,20.084999084472656,5.190000057220459
3,"1.0",0,103,"7ekh",0,"B","GLY",502,"","",True,1,1,1,"141","1677","A","B","pdbfiles/pdb7ekh.ent","pdbs/7ekh.A.pdb",-30.589000701904297,15.147000312805176,3.4839999675750732
3,"1.0",0,104,"7fc5",0,"A","SER",34,"","",True,1,1,1,"152","1682","E","A","pdbfiles/pdb7fc5.ent","pdbs/7fc5.E.pdb",5.545000076293945,-31.48200035095215,-32.744998931884766
3,"1.0",0,105,"7fc5",0,"A","TYR",83,"","",True,1,1,1,"151","1681","E","A","pdbfiles/pdb7fc5.ent","pdbs/7fc5.E.pdb",-4.797999858856201,-28.246999740600586,-40.59199905395508
3,"1.0",0,106,"7fc5",0,"E","TYR",449,"","",False,1,1,1,"146","1679","E","A","pdbfiles/pdb7fc5.ent","pdbs/7fc5.E.pdb",9.07699966430664,-32.54499816894531,-20.65399932861328
3,"1.0",0,107,"7fc5",0,"E","ASN",487,"","",False,1,1,1,"151","1681","E","A","pdbfiles/pdb7fc5.ent","pdbs/7fc5.E.pdb",-3.8959999084472656,-26.084999084472656,-41.849998474121094
3,"1.0",0,108,"7fc5",0,"E","GLN",493,"","",False,1,1,1,"152","1682","E","A","pdbfiles/pdb7fc5.ent","pdbs/7fc5.E.pdb",5.64900016784668,-29.018999099731445,-31.049999237060547
3,"1.0",0,109,"7fc5",0,"E","GLN",498,"","",False,1,1,1,"146","1680","E","A","pdbfiles/pdb7fc5.ent","pdbs/7fc5.E.pdb",10.48900032043457,-35.645999908447266,-21.1560001373291
3,"1.0",0,110,"7lo4",0,"A","SER",19,"","",False,1,1,1,"154","1683","A","B","pdbfiles/pdb7lo4.ent","pdbs/7lo4.A.pdb",20.378999710083008,16.073999404907227,-65.5479965209961
3,"1.0",0,111,"7lo4",0,"A","LYS",31,"","",False,1,1,1,"157","1684","A","B","pdbfiles/pdb7lo4.ent","pdbs/7lo4.A.pdb",8.786999702453613,4.99399995803833,-57.33599853515625
3,"1.0",0,112,"7lo4",0,"A","TYR",83,"","",False,1,1,1,"163","1687","A","B","pdbfiles/pdb7lo4.ent","pdbs/7lo4.A.pdb",17.634000778198242,13.274999618530273,-56.986000061035156
3,"1.0",0,113,"7lo4",0,"B","TYR",449,"","",True,1,1,1,"161","1686","A","B","pdbfiles/pdb7lo4.ent","pdbs/7lo4.A.pdb",-2.2179999351501465,1.6490000486373901,-52.52399826049805
3,"1.0",0,114,"7lo4",0,"B","ALA",475,"","",True,1,1,1,"154","1683","A","B","pdbfiles/pdb7lo4.ent","pdbs/7lo4.A.pdb",18.990999221801758,13.819999694824219,-65.03399658203125
3,"1.0",0,115,"7lo4",0,"B","ASN",487,"","",True,1,1,1,"163","1687","A","B","pdbfiles/pdb7lo4.ent","pdbs/7lo4.A.pdb",18.972999572753906,12.637999534606934,-59.06800079345703
3,"1.0",0,116,"7lo4",0,"B","GLN",493,"","",True,1,1,1,"157","1684","A","B","pdbfiles/pdb7lo4.ent","pdbs/7lo4.A.pdb",7.521999835968018,4.724999904632568,-59.584999084472656
3,"1.0",0,117,"7lo4",0,"B","GLY",496,"","",True,1,1,1,"166","1689","A","B","pdbfiles/pdb7lo4.ent","pdbs/7lo4.A.pdb",-5.341000080108643,4.901000022888184,-56.45100021362305
3,"1.0",0,118,"7lo4",0,"B","GLY",502,"","",True,1,1,1,"164","1688","A","B","pdbfiles/pdb7lo4.ent","pdbs/7lo4.A.pdb",-11.52299976348877,10.75,-54.349998474121094
3,"1.0",0,119,"7pki",0,"A","GLN",24,"","",False,1,1,1,"167","1691","A","E","pdbfiles/pdb7pki.ent","pdbs/7pki.A.pdb",48.2400016784668,105.16999816894531,6.13100004196167
3,"1.0",0,120,"7pki",0,"A","TYR",83,"","",False,1,1,1,"175","1692","A","E","pdbfiles/pdb7pki.ent","pdbs/7pki.A.pdb",52.819000244140625,105.10600280761719,8.392000198364258
3,"1.0",0,121,"7pki",0,"A","LYS",353,"","",False,1,1,1,"176","1693","A","E","pdbfiles/pdb7pki.ent","pdbs/7pki.A.pdb",78.60700225830078,112.1969985961914,4.256999969482422
3,"1.0",0,122,"7pki",0,"E","GLY",498,"","",True,1,1,1,"176","1693","A","E","pdbfiles/pdb7pki.ent","pdbs/7pki.A.pdb",80.65699768066406,114.05999755859375,4.146999835968018
3,"1.0",0,123,"7spp",0,"A","ARG",346,"","",False,1,1,1,"180","1694","A","C","pdbfiles/pdb7spp.ent","pdbs/7spp.A.pdb",6.5370001792907715,-0.03400000184774399,11.510000228881836
3,"1.0",0,124,"7spp",0,"A","ASN",354,"","",False,1,1,1,"183","1695","A","C","pdbfiles/pdb7spp.ent","pdbs/7spp.A.pdb",13.64799976348877,4.624000072479248,7.560999870300293
3,"1.0",0,125,"7spp",0,"A","GLY",446,"","",False,1,1,1,"184","1696","A","C","pdbfiles/pdb7spp.ent","pdbs/7spp.A.pdb",15.767000198364258,-7.96999979019165,28.698999404907227
3,"1.0",0,126,"7spp",0,"A","THR",470,"","",False,1,1,1,"185","1697","A","C","pdbfiles/pdb7spp.ent","pdbs/7spp.A.pdb",22.503000259399414,-9.923999786376953,6.078000068664551
3,"1.0",0,127,"7spp",0,"C","ARG",52,"","",True,1,1,1,"185","1697","A","C","pdbfiles/pdb7spp.ent","pdbs/7spp.A.pdb",20.409000396728516,-12.01099967956543,6.313000202178955
3,"1.0",0,128,"7spp",0,"C","SER",63,"","",True,1,1,1,"184","1696","A","C","pdbfiles/pdb7spp.ent","pdbs/7spp.A.pdb",15.190999984741211,-10.697999954223633,29.768999099731445
3,"1.0",0,129,"7spp",0,"C","ASN",115,"","",True,1,1,1,"183","1695","A","C","pdbfiles/pdb7spp.ent","pdbs/7spp.A.pdb",12.057999610900879,2.562000036239624,6.581999778747559
3,"1.0",0,130,"7spp",0,"C","TYR",118,"","",True,1,1,1,"180","1694","A","C","pdbfiles/pdb7spp.ent","pdbs/7spp.A.pdb",6.5269999504089355,-1.4079999923706055,9.38700008392334
3,"1.0",0,131,"7sxy",0,"B","TYR",449,"","",False,1,1,1,"190","1698","B","E","pdbfiles/pdb7sxy.ent","pdbs/7sxy.B.pdb",231.1580047607422,168.08099365234375,254.2239990234375
3,"1.0",0,132,"7sxy",0,"B","ASN",487,"","",False,1,1,1,"193","1699","B","E","pdbfiles/pdb7sxy.ent","pdbs/7sxy.B.pdb",226.11000061035156,191.02000427246094,262.6180114746094
3,"1.0",0,133,"7sxy",0,"B","SER",494,"","",False,1,1,1,"194","1700","B","E","pdbfiles/pdb7sxy.ent","pdbs/7sxy.B.pdb",228.98399353027344,174.63600158691406,250.83799743652344
3,"1.0",0,134,"7sxy",0,"B","GLY",502,"","",False,1,1,1,"197","1701","B","E","pdbfiles/pdb7sxy.ent","pdbs/7sxy.B.pdb",219.61199951171875,163.5780029296875,249.51400756835938
3,"1.0",0,135,"7sxy",0,"B","TYR",505,"","",False,1,1,1,"199","1702","B","E","pdbfiles/pdb7sxy.ent","pdbs/7sxy.B.pdb",218.1060028076172,171.13800048828125,252.85899353027344
3,"1.0",0,136,"7sxy",0,"E","HIS",34,"","",True,1,1,1,"194","1700","B","E","pdbfiles/pdb7sxy.ent","pdbs/7sxy.B.pdb",227.69400024414062,176.1529998779297,253.0
3,"1.0",0,137,"7sxy",0,"E","GLU",37,"","",True,1,1,1,"199","1702","B","E","pdbfiles/pdb7sxy.ent","pdbs/7sxy.B.pdb",219.5500030517578,170.85899353027344,254.88800048828125
3,"1.0",0,138,"7sxy",0,"E","ASP",38,"","",True,1,1,1,"190","1698","B","E","pdbfiles/pdb7sxy.ent","pdbs/7sxy.B.pdb",229.61199951171875,169.80499267578125,255.95700073242188
3,"1.0",0,139,"7sxy",0,"E","TYR",83,"","",True,1,1,1,"193","1699","B","E","pdbfiles/pdb7sxy.ent","pdbs/7sxy.B.pdb",225.4010009765625,189.04400634765625,263.6860046386719
3,"1.0",0,140,"7sxy",0,"E","LYS",353,"","",True,1,1,1,"197","1701","B","E","pdbfiles/pdb7sxy.ent","pdbs/7sxy.B.pdb",219.69700622558594,165.5709991455078,251.72500610351562
3,"1.0",0,141,"7sy0",0,"B","TYR",449,"","",False,1,1,1,"201","1703","B","E","pdbfiles/pdb7sy0.ent","pdbs/7sy0.B.pdb",231.656005859375,168.01499938964844,254.3000030517578
3,"1.0",0,142,"7sy0",0,"B","ASN",487,"","",False,1,1,1,"205","1704","B","E","pdbfiles/pdb7sy0.ent","pdbs/7sy0.B.pdb",226.12399291992188,190.7449951171875,262.7749938964844
3,"1.0",0,143,"7sy0",0,"B","GLY",502,"","",False,1,1,1,"208","1705","B","E","pdbfiles/pdb7sy0.ent","pdbs/7sy0.B.pdb",220.07400512695312,163.33799743652344,249.6439971923828
3,"1.0",0,144,"7sy0",0,"B","TYR",505,"","",False,1,1,1,"210","1706","B","E","pdbfiles/pdb7sy0.ent","pdbs/7sy0.B.pdb",218.5050048828125,170.96299743652344,252.99000549316406
3,"1.0",0,145,"7sy0",0,"E","GLU",37,"","",True,1,1,1,"210","1706","B","E","pdbfiles/pdb7sy0.ent","pdbs/7sy0.B.pdb",220.00900268554688,171.39199829101562,254.91000366210938
3,"1.0",0,146,"7sy0",0,"E","ASP",38,"","",True,1,1,1,"201","1703","B","E","pdbfiles/pdb7sy0.ent","pdbs/7sy0.B.pdb",230.13099670410156,169.25999450683594,256.0889892578125
3,"1.0",0,147,"7sy0",0,"E","TYR",83,"","",True,1,1,1,"205","1704","B","E","pdbfiles/pdb7sy0.ent","pdbs/7sy0.B.pdb",225.34300231933594,188.81300354003906,263.8340148925781
3,"1.0",0,148,"7sy0",0,"E","LYS",353,"","",True,1,1,1,"208","1705","B","E","pdbfiles/pdb7sy0.ent","pdbs/7sy0.B.pdb",220.01600646972656,165.3300018310547,251.8260040283203
3,"1.0",0,149,"7sy6",0,"B","ASN",487,"","",False,1,1,1,"213","1707","B","E","pdbfiles/pdb7sy6.ent","pdbs/7sy6.B.pdb",228.83999633789062,189.26400756835938,263.20599365234375
3,"1.0",0,150,"7sy6",0,"B","GLN",498,"","",False,1,1,1,"214","1708","B","E","pdbfiles/pdb7sy6.ent","pdbs/7sy6.B.pdb",229.50900268554688,163.36199951171875,254.1230010986328
3,"1.0",0,151,"7sy6",0,"B","GLY",502,"","",False,1,1,1,"218","1709","B","E","pdbfiles/pdb7sy6.ent","pdbs/7sy6.B.pdb",220.62899780273438,162.58900451660156,249.97300720214844
3,"1.0",0,152,"7sy6",0,"E","GLN",42,"","",True,1,1,1,"214","1708","B","E","pdbfiles/pdb7sy6.ent","pdbs/7sy6.B.pdb",230.83599853515625,163.9739990234375,256.1080017089844
3,"1.0",0,153,"7sy6",0,"E","TYR",83,"","",True,1,1,1,"213","1707","B","E","pdbfiles/pdb7sy6.ent","pdbs/7sy6.B.pdb",227.90199279785156,187.3459930419922,264.2959899902344
3,"1.0",0,154,"7sy6",0,"E","LYS",353,"","",True,1,1,1,"218","1709","B","E","pdbfiles/pdb7sy6.ent","pdbs/7sy6.B.pdb",220.62100219726562,164.4810028076172,252.27699279785156
3,"1.0",0,155,"7t9l",0,"A","ASN",487,"","",False,1,1,1,"221","1710","A","D","pdbfiles/pdb7t9l.ent","pdbs/7t9l.A.pdb",228.67100524902344,187.96499633789062,265.0090026855469
3,"1.0",0,156,"7t9l",0,"A","GLY",502,"","",False,1,1,1,"227","1711","A","D","pdbfiles/pdb7t9l.ent","pdbs/7t9l.A.pdb",221.9810028076172,161.2760009765625,250.86399841308594
3,"1.0",0,157,"7t9l",0,"D","TYR",83,"","",True,1,1,1,"221","1710","A","D","pdbfiles/pdb7t9l.ent","pdbs/7t9l.A.pdb",227.4929962158203,186.0,266.43798828125
3,"1.0",0,158,"7t9l",0,"D","LYS",353,"","",True,1,1,1,"227","1711","A","D","pdbfiles/pdb7t9l.ent","pdbs/7t9l.A.pdb",222.41400146484375,163.07400512695312,253.2169952392578
3,"1.0",0,159,"7v84",0,"F","LYS",31,"","",True,1,1,1,"229","1712","A","F","pdbfiles/pdb7v84.ent","pdbs/7v84.A.pdb",187.88800048828125,193.40899658203125,181.67599487304688
3,"1.0",0,160,"7v84",0,"F","HIS",34,"","",True,1,1,1,"229","1713","A","F","pdbfiles/pdb7v84.ent","pdbs/7v84.A.pdb",192.20399475097656,192.76199340820312,183.1199951171875
3,"1.0",0,161,"7w6u",0,"A","SER",34,"","",False,1,1,1,"236","1714","A","B","pdbfiles/pdb7w6u.ent","pdbs/7w6u.A.pdb",-6.230000019073486,66.6500015258789,-2.388000011444092
3,"1.0",0,162,"7w6u",0,"A","GLU",38,"","",False,1,1,1,"237","1715","A","B","pdbfiles/pdb7w6u.ent","pdbs/7w6u.A.pdb",-9.02400016784668,67.09400177001953,-8.75100040435791
3,"1.0",0,163,"7w6u",0,"A","GLN",42,"","",False,1,1,1,"238","1716","A","B","pdbfiles/pdb7w6u.ent","pdbs/7w6u.A.pdb",-7.158999919891357,65.15599822998047,-13.437999725341797
3,"1.0",0,164,"7w6u",0,"A","TYR",83,"","",False,1,1,1,"239","1717","A","B","pdbfiles/pdb7w6u.ent","pdbs/7w6u.A.pdb",4.96999979019165,69.4990005493164,5.540999889373779
3,"1.0",0,165,"7w6u",0,"A","LYS",353,"","",False,1,1,1,"240","1718","A","B","pdbfiles/pdb7w6u.ent","pdbs/7w6u.A.pdb",-12.840999603271484,55.340999603271484,-9.251999855041504
3,"1.0",0,166,"7w6u",0,"B","TYR",449,"","",True,1,1,1,"238","1716","A","B","pdbfiles/pdb7w6u.ent","pdbs/7w6u.A.pdb",-9.41100025177002,65.27400207519531,-14.17199993133545
3,"1.0",0,167,"7w6u",0,"B","ASN",487,"","",True,1,1,1,"239","1717","A","B","pdbfiles/pdb7w6u.ent","pdbs/7w6u.A.pdb",3.7119998931884766,71.65599822998047,7.113999843597412
3,"1.0",0,168,"7w6u",0,"B","GLN",493,"","",True,1,1,1,"236","1714","A","B","pdbfiles/pdb7w6u.ent","pdbs/7w6u.A.pdb",-6.796999931335449,68.84300231933594,-3.5880000591278076
3,"1.0",0,169,"7w6u",0,"B","SER",494,"","",True,1,1,1,"237","1715","A","B","pdbfiles/pdb7w6u.ent","pdbs/7w6u.A.pdb",-10.168999671936035,69.41600036621094,-8.321999549865723
3,"1.0",0,170,"7w6u",0,"B","GLY",502,"","",True,1,1,1,"240","1718","A","B","pdbfiles/pdb7w6u.ent","pdbs/7w6u.A.pdb",-15.265000343322754,54.257999420166016,-10.574000358581543
3,"1.0",0,171,"7w9i",0,"A","GLN",24,"","",False,1,1,1,"249","1719","A","E","pdbfiles/pdb7w9i.ent","pdbs/7w9i.A.pdb",224.00399780273438,173.99400329589844,281.6419982910156
3,"1.0",0,172,"7w9i",0,"A","GLU",37,"","",False,1,1,1,"254","1720","A","E","pdbfiles/pdb7w9i.ent","pdbs/7w9i.A.pdb",210.20599365234375,155.98699951171875,273.3659973144531
3,"1.0",0,173,"7w9i",0,"A","GLN",42,"","",False,1,1,1,"256","1721","A","E","pdbfiles/pdb7w9i.ent","pdbs/7w9i.A.pdb",219.33799743652344,147.4010009765625,273.19500732421875
3,"1.0",0,174,"7w9i",0,"A","TYR",83,"","",False,1,1,1,"258","1722","A","E","pdbfiles/pdb7w9i.ent","pdbs/7w9i.A.pdb",222.94200134277344,168.8280029296875,282.2019958496094
3,"1.0",0,175,"7w9i",0,"E","TYR",449,"","",True,1,1,1,"256","1721","A","E","pdbfiles/pdb7w9i.ent","pdbs/7w9i.A.pdb",219.97500610351562,148.8249969482422,271.3479919433594
3,"1.0",0,176,"7w9i",0,"E","TYR",505,"","",True,1,1,1,"254","1720","A","E","pdbfiles/pdb7w9i.ent","pdbs/7w9i.A.pdb",209.16200256347656,156.3509979248047,270.6549987792969
3,"1.0",0,177,"7wa1",0,"A","GLU",37,"","",False,1,1,1,"266","1723","A","B","pdbfiles/pdb7wa1.ent","pdbs/7wa1.A.pdb",118.93199920654297,120.86499786376953,97.66999816894531
3,"1.0",0,178,"7wa1",0,"A","GLN",42,"","",False,1,1,1,"269","1724","A","B","pdbfiles/pdb7wa1.ent","pdbs/7wa1.A.pdb",106.95700073242188,115.35199737548828,95.43399810791016
3,"1.0",0,179,"7wa1",0,"A","LYS",353,"","",False,1,1,1,"270","1725","A","B","pdbfiles/pdb7wa1.ent","pdbs/7wa1.A.pdb",114.9260025024414,125.55500030517578,97.61299896240234
3,"1.0",0,180,"7wa1",0,"B","TYR",449,"","",True,1,1,1,"269","1724","A","B","pdbfiles/pdb7wa1.ent","pdbs/7wa1.A.pdb",108.2509994506836,115.80699920654297,93.25199890136719
3,"1.0",0,181,"7wa1",0,"B","GLY",502,"","",True,1,1,1,"270","1725","A","B","pdbfiles/pdb7wa1.ent","pdbs/7wa1.A.pdb",113.09500122070312,127.7969970703125,96.82599639892578
3,"1.0",0,182,"7wa1",0,"B","TYR",505,"","",True,1,1,1,"266","1723","A","B","pdbfiles/pdb7wa1.ent","pdbs/7wa1.A.pdb",120.41400146484375,122.24600219726562,95.69100189208984
3,"1.0",0,183,"7wnm",0,"A","ALA",475,"","",True,1,1,1,"273","1726","B","A","pdbfiles/pdb7wnm.ent","pdbs/7wnm.B.pdb",-51.78900146484375,50.150001525878906,21.652999877929688
3,"1.0",0,184,"7wnm",0,"A","SER",494,"","",True,1,1,1,"277","1728","B","A","pdbfiles/pdb7wnm.ent","pdbs/7wnm.B.pdb",-50.30799865722656,28.96500015258789,23.797000885009766
3,"1.0",0,185,"7wnm",0,"A","GLY",502,"","",True,1,1,1,"283","1730","B","A","pdbfiles/pdb7wnm.ent","pdbs/7wnm.B.pdb",-39.20600128173828,21.332000732421875,20.638999938964844
3,"1.0",0,186,"7wnm",0,"B","SER",19,"","",False,1,1,1,"273","1726","B","A","pdbfiles/pdb7wnm.ent","pdbs/7wnm.B.pdb",-50.77399826049805,52.77399826049805,21.601999282836914
3,"1.0",0,187,"7wnm",0,"B","GLN",24,"","",False,1,1,1,"274","1727","B","A","pdbfiles/pdb7wnm.ent","pdbs/7wnm.B.pdb",-52.38199996948242,51.992000579833984,16.89699935913086
3,"1.0",0,188,"7wnm",0,"B","HIS",34,"","",False,1,1,1,"277","1728","B","A","pdbfiles/pdb7wnm.ent","pdbs/7wnm.B.pdb",-49.89899826049805,31.19700050354004,22.392000198364258
3,"1.0",0,189,"7wnm",0,"B","TYR",83,"","",False,1,1,1,"282","1729","B","A","pdbfiles/pdb7wnm.ent","pdbs/7wnm.B.pdb",-52.59600067138672,46.72700119018555,15.359999656677246
3,"1.0",0,190,"7wnm",0,"B","LYS",353,"","",False,1,1,1,"283","1730","B","A","pdbfiles/pdb7wnm.ent","pdbs/7wnm.B.pdb",-39.99700164794922,23.635000228881836,19.329999923706055
3,"1.0",0,191,"7wpb",0,"A","ASN",474,"","",False,1,1,1,"298","1731","A","D","pdbfiles/pdb7wpb.ent","pdbs/7wpb.A.pdb",222.07899475097656,192.46200561523438,263.3160095214844
3,"1.0",0,192,"7wpb",0,"A","GLY",499,"","",False,1,1,1,"306","1734","A","D","pdbfiles/pdb7wpb.ent","pdbs/7wpb.A.pdb",190.53700256347656,171.21200561523438,257.2969970703125
3,"1.0",0,193,"7wpb",0,"D","SER",19,"","",True,1,1,1,"298","1731","A","D","pdbfiles/pdb7wpb.ent","pdbs/7wpb.A.pdb",219.74400329589844,193.2480010986328,262.5270080566406
3,"1.0",0,194,"7wpb",0,"D","GLN",24,"","",True,1,1,1,"301","1733","A","D","pdbfiles/pdb7wpb.ent","pdbs/7wpb.A.pdb",217.4340057373047,189.77999877929688,267.42401123046875
3,"1.0",0,195,"7wpb",0,"D","TYR",83,"","",True,1,1,1,"300","1732","A","D","pdbfiles/pdb7wpb.ent","pdbs/7wpb.A.pdb",214.1230010986328,185.64199829101562,268.5690002441406
3,"1.0",0,196,"7wpb",0,"D","LYS",353,"","",True,1,1,1,"306","1734","A","D","pdbfiles/pdb7wpb.ent","pdbs/7wpb.A.pdb",192.2310028076172,172.5659942626953,259.1629943847656
3,"1.0",0,197,"7wse",0,"A","GLN",24,"","",False,1,1,1,"307","1735","A","B","pdbfiles/pdb7wse.ent","pdbs/7wse.A.pdb",95.86699676513672,90.22599792480469,138.9250030517578
3,"1.0",0,198,"7wse",0,"A","HIS",34,"","",False,1,1,1,"314","1736","A","B","pdbfiles/pdb7wse.ent","pdbs/7wse.A.pdb",111.91899871826172,104.79900360107422,136.9149932861328
3,"1.0",0,199,"7wse",0,"A","ASP",38,"","",False,1,1,1,"316","1737","A","B","pdbfiles/pdb7wse.ent","pdbs/7wse.A.pdb",117.0479965209961,105.6520004272461,131.24400329589844
3,"1.0",0,200,"7wse",0,"A","LYS",352,"","",False,1,1,1,"321","1738","A","B","pdbfiles/pdb7wse.ent","pdbs/7wse.A.pdb",112.73600006103516,114.14199829101562,127.37300109863281
3,"1.0",0,201,"7wse",0,"B","TYR",449,"","",True,1,1,1,"316","1737","A","B","pdbfiles/pdb7wse.ent","pdbs/7wse.A.pdb",118.98200225830078,105.00700378417969,132.3800048828125
3,"1.0",0,202,"7wse",0,"B","ASN",487,"","",True,1,1,1,"307","1735","A","B","pdbfiles/pdb7wse.ent","pdbs/7wse.A.pdb",98.74600219726562,89.77300262451172,139.57400512695312
3,"1.0",0,203,"7wse",0,"B","SER",494,"","",True,1,1,1,"314","1736","A","B","pdbfiles/pdb7wse.ent","pdbs/7wse.A.pdb",114.34600067138672,105.76399993896484,137.26600646972656
3,"1.0",0,204,"7wse",0,"B","GLY",502,"","",True,1,1,1,"321","1738","A","B","pdbfiles/pdb7wse.ent","pdbs/7wse.A.pdb",114.20999908447266,116.71499633789062,127.37699890136719
3,"1.0",0,205,"7wsh",0,"A","GLU",38,"","",False,1,1,1,"329","1739","A","B","pdbfiles/pdb7wsh.ent","pdbs/7wsh.A.pdb",110.33100128173828,127.81500244140625,142.4550018310547
3,"1.0",0,206,"7wsh",0,"A","LYS",353,"","",False,1,1,1,"331","1740","A","B","pdbfiles/pdb7wsh.ent","pdbs/7wsh.A.pdb",115.0979995727539,118.36000061035156,140.50999450683594
3,"1.0",0,207,"7wsh",0,"B","TYR",449,"","",True,1,1,1,"329","1739","A","B","pdbfiles/pdb7wsh.ent","pdbs/7wsh.A.pdb",108.55599975585938,128.80099487304688,143.73599243164062
3,"1.0",0,208,"7wsh",0,"B","GLY",502,"","",True,1,1,1,"331","1740","A","B","pdbfiles/pdb7wsh.ent","pdbs/7wsh.A.pdb",113.23500061035156,116.62699890136719,141.2729949951172
3,"1.0",0,209,"7xo6",0,"A","THR",500,"","",True,1,1,1,"339","1744","D","A","pdbfiles/pdb7xo6.ent","pdbs/7xo6.D.pdb",192.36599731445312,167.33099365234375,260.0429992675781
3,"1.0",0,210,"7xo6",0,"D","GLN",34,"","",False,1,1,1,"336","1741","D","A","pdbfiles/pdb7xo6.ent","pdbs/7xo6.D.pdb",208.52499389648438,175.42799377441406,262.63800048828125
3,"1.0",0,211,"7xo6",0,"D","TYR",41,"","",False,1,1,1,"339","1744","D","A","pdbfiles/pdb7xo6.ent","pdbs/7xo6.D.pdb",194.10499572753906,166.8300018310547,262.1369934082031
3,"1.0",0,212,"7xo9",0,"A","TYR",449,"","",False,1,1,1,"342","1745","A","D","pdbfiles/pdb7xo9.ent","pdbs/7xo9.A.pdb",203.0959930419922,165.41200256347656,262.48199462890625
3,"1.0",0,213,"7xo9",0,"A","ASN",487,"","",False,1,1,1,"344","1746","A","D","pdbfiles/pdb7xo9.ent","pdbs/7xo9.A.pdb",219.1909942626953,185.4080047607422,267.6990051269531
3,"1.0",0,214,"7xo9",0,"A","GLY",502,"","",False,1,1,1,"351","1747","A","D","pdbfiles/pdb7xo9.ent","pdbs/7xo9.A.pdb",191.2779998779297,170.55099487304688,257.7340087890625
3,"1.0",0,215,"7xo9",0,"D","GLN",24,"","",True,1,1,1,"344","1746","A","D","pdbfiles/pdb7xo9.ent","pdbs/7xo9.A.pdb",218.01300048828125,188.0330047607422,268.41900634765625
3,"1.0",0,216,"7xo9",0,"D","GLN",42,"","",True,1,1,1,"342","1745","A","D","pdbfiles/pdb7xo9.ent","pdbs/7xo9.A.pdb",202.42300415039062,165.3300018310547,265.3340148925781
3,"1.0",0,217,"7xo9",0,"D","LYS",353,"","",True,1,1,1,"351","1747","A","D","pdbfiles/pdb7xo9.ent","pdbs/7xo9.A.pdb",192.7519989013672,172.1649932861328,259.5690002441406
3,"1.0",0,218,"7xoc",0,"A","TYR",449,"","",True,1,1,1,"360","1751","D","A","pdbfiles/pdb7xoc.ent","pdbs/7xoc.D.pdb",203.677001953125,165.2469940185547,262.3420104980469
3,"1.0",0,219,"7xoc",0,"A","TYR",453,"","",True,1,1,1,"355","1750","D","A","pdbfiles/pdb7xoc.ent","pdbs/7xoc.D.pdb",206.07400512695312,174.7050018310547,257.99700927734375
3,"1.0",0,220,"7xoc",0,"D","GLN",34,"","",False,1,1,1,"355","1750","D","A","pdbfiles/pdb7xoc.ent","pdbs/7xoc.D.pdb",206.75999450683594,174.08700561523438,260.29400634765625
3,"1.0",0,221,"7xoc",0,"D","GLN",42,"","",False,1,1,1,"360","1751","D","A","pdbfiles/pdb7xoc.ent","pdbs/7xoc.D.pdb",203.36500549316406,165.75900268554688,265.1730041503906
3,"1.0",0,222,"8dlq",0,"B","TYR",449,"","",False,1,1,1,"363","1752","B","E","pdbfiles/pdb8dlq.ent","pdbs/8dlq.B.pdb",232.13499450683594,167.7530059814453,254.43899536132812
3,"1.0",0,223,"8dlq",0,"B","ASN",487,"","",False,1,1,1,"367","1753","B","E","pdbfiles/pdb8dlq.ent","pdbs/8dlq.B.pdb",226.97000122070312,190.18800354003906,262.3999938964844
3,"1.0",0,224,"8dlq",0,"B","GLN",493,"","",False,1,1,1,"368","1754","B","E","pdbfiles/pdb8dlq.ent","pdbs/8dlq.B.pdb",230.78399658203125,178.41000366210938,254.1439971923828
3,"1.0",0,225,"8dlq",0,"E","HIS",34,"","",True,1,1,1,"368","1754","B","E","pdbfiles/pdb8dlq.ent","pdbs/8dlq.B.pdb",229.02000427246094,176.1020050048828,254.33099365234375
3,"1.0",0,226,"8dlq",0,"E","GLN",42,"","",True,1,1,1,"363","1752","B","E","pdbfiles/pdb8dlq.ent","pdbs/8dlq.B.pdb",231.39500427246094,165.3489990234375,256.0450134277344
3,"1.0",0,227,"8dlq",0,"E","TYR",83,"","",True,1,1,1,"367","1753","B","E","pdbfiles/pdb8dlq.ent","pdbs/8dlq.B.pdb",226.32699584960938,188.39999389648438,263.89801025390625
3,"1.0",0,228,"8dm6",0,"A","ASN",487,"","",False,1,1,1,"374","1755","A","D","pdbfiles/pdb8dm6.ent","pdbs/8dm6.A.pdb",226.96400451660156,187.13600158691406,268.3089904785156
3,"1.0",0,229,"8dm6",0,"A","GLY",502,"","",False,1,1,1,"379","1756","A","D","pdbfiles/pdb8dm6.ent","pdbs/8dm6.A.pdb",219.8780059814453,160.98300170898438,253.6320037841797
3,"1.0",0,230,"8dm6",0,"D","TYR",83,"","",True,1,1,1,"374","1755","A","D","pdbfiles/pdb8dm6.ent","pdbs/8dm6.A.pdb",225.6300048828125,185.24899291992188,269.57501220703125
3,"1.0",0,231,"8dm6",0,"D","LYS",353,"","",True,1,1,1,"379","1756","A","D","pdbfiles/pdb8dm6.ent","pdbs/8dm6.A.pdb",220.21099853515625,162.60000610351562,255.81900024414062
3,"1.0",0,232,"8dm8",0,"A","TYR",453,"","",False,1,1,1,"381","1757","A","D","pdbfiles/pdb8dm8.ent","pdbs/8dm8.A.pdb",225.36000061035156,174.6020050048828,255.6999969482422
3,"1.0",0,233,"8dm8",0,"A","GLY",502,"","",False,1,1,1,"388","1758","A","D","pdbfiles/pdb8dm8.ent","pdbs/8dm8.A.pdb",219.7469940185547,161.093994140625,253.59300231933594
3,"1.0",0,234,"8dm8",0,"D","GLN",34,"","",True,1,1,1,"381","1757","A","D","pdbfiles/pdb8dm8.ent","pdbs/8dm8.A.pdb",226.85400390625,173.65899658203125,257.79400634765625
3,"1.0",0,235,"8dm8",0,"D","HIS",353,"","",True,1,1,1,"388","1758","A","D","pdbfiles/pdb8dm8.ent","pdbs/8dm8.A.pdb",219.9340057373047,162.78199768066406,255.6230010986328
3,"1.0",0,236,"8dma",0,"A","GLY",502,"","",False,1,1,1,"395","1759","A","D","pdbfiles/pdb8dma.ent","pdbs/8dma.A.pdb",219.42999267578125,161.43499755859375,253.8699951171875
3,"1.0",0,237,"8dma",0,"D","HIS",353,"","",True,1,1,1,"395","1759","A","D","pdbfiles/pdb8dma.ent","pdbs/8dma.A.pdb",219.593994140625,163.05799865722656,255.96299743652344
4,"0.7",0,1,"7xo6",0,"D","THR",27,"","",False,20,20,1,"335","1914;1915;1916;1917;1918;1919;1920;1921;1922;1923;1924;1925;1926;1927;1928;1929;1930;1931;1932;1933","D","A","pdbfiles/pdb7xo6.ent","pdbs/7xo6.D.pdb",213.10899353027344,184.49000549316406,262.24700927734375
4,"0.7",0,2,"7xo6",0,"A","PHE",456,"","",True,18,24,1,"335","1914;1915;1916;1917;1918;1919;1921;1922;1923;1924;1925;1926;1927;1928;1930;1931;1932;1933","D","A","pdbfiles/pdb7xo6.ent","pdbs/7xo6.D.pdb",211.4290008544922,182.49300130208334,260.17332967122394
4,"0.7",0,3,"7ekg",0,"B","TYR",501,"","",True,18,22,1,"124","1794;1795;1796;1797;1798;1799;1800;1801;1802;1803;1804;1805;1806;1807;1808;1809;1810;1811","A","B","pdbfiles/pdb7ekg.ent","pdbs/7ekg.A.pdb",-36.96255577935113,17.618778016832138,2.008444454934862
4,"0.7",0,4,"7ekg",0,"A","TYR",41,"","",False,14,16,1,"124","1794;1795;1796;1798;1799;1801;1802;1804;1805;1806;1807;1809;1810;1811","A","B","pdbfiles/pdb7ekg.ent","pdbs/7ekg.A.pdb",-37.021857670375276,16.54307120186942,-1.367142881665911
4,"0.7",0,5,"7ekg",0,"A","LYS",353,"","",False,14,16,1,"124","1794;1796;1797;1798;1799;1800;1801;1802;1803;1804;1807;1808;1809;1811","A","B","pdbfiles/pdb7ekg.ent","pdbs/7ekg.A.pdb",-34.32335662841797,19.60114370073591,0.4553571439215115
4,"0.7",0,6,"7wnm",0,"A","TYR",501,"","",True,14,16,1,"278","1866;1867;1868;1869;1870;1871;1872;1873;1874;1875;1876;1877;1878;1879","B","A","pdbfiles/pdb7wnm.ent","pdbs/7wnm.B.pdb",-45.098141533987864,22.30285780770438,19.661356653485978
4,"0.7",0,7,"7xo6",0,"A","TYR",489,"","",True,14,16,1,"335","1916;1917;1918;1919;1920;1921;1923;1925;1926;1927;1928;1929;1931;1933","D","A","pdbfiles/pdb7xo6.ent","pdbs/7xo6.D.pdb",215.2115020751953,182.40650177001953,264.3680114746094
4,"0.7",0,8,"7wsh",0,"B","TYR",505,"","",True,12,20,1,"332","1902;1903;1904;1905;1906;1907;1908;1909;1910;1911;1912;1913","A","B","pdbfiles/pdb7wsh.ent","pdbs/7wsh.A.pdb",116.74941571553548,120.25266774495442,143.4296671549479
4,"0.7",0,9,"7wsh",0,"A","LYS",353,"","",False,12,16,1,"332","1902;1903;1904;1905;1906;1907;1908;1909;1910;1911;1912;1913","A","B","pdbfiles/pdb7wsh.ent","pdbs/7wsh.A.pdb",114.54100036621094,121.86466979980469,141.2786610921224
4,"0.7",0,10,"7wnm",0,"B","LYS",353,"","",False,12,14,1,"278","1867;1868;1869;1871;1872;1873;1874;1875;1876;1877;1878;1879","B","A","pdbfiles/pdb7wnm.ent","pdbs/7wnm.B.pdb",-42.96083291371664,25.03783305486043,18.469000657399494
4,"0.7",0,11,"7wsh",0,"B","PHE",456,"","",True,12,14,2,"324;326","1886;1887;1888;1890;1892;1893;1894;1896;1897;1898;1899;1901","A","B","pdbfiles/pdb7wsh.ent","pdbs/7wsh.A.pdb",124.97225125630696,135.1849161783854,147.5151621500651
4,"0.7",0,12,"7wsh",0,"B","TYR",489,"","",True,12,14,2,"324;326","1886;1887;1888;1889;1890;1891;1893;1895;1897;1899;1900;1901","A","B","pdbfiles/pdb7wsh.ent","pdbs/7wsh.A.pdb",124.8745002746582,139.70549774169922,145.83924865722656
4,"0.7",0,13,"7dhx",0,"A","THR",27,"","",False,12,12,1,"33","1760;1761;1762;1763;1764;1765;1766;1767;1768;1769;1770;1771","A","B","pdbfiles/pdb7dhx.ent","pdbs/7dhx.A.pdb",24.576000213623047,29.656999588012695,64.39099884033203
4,"0.7",0,14,"7pki",0,"A","THR",27,"","",False,12,12,1,"168","1834;1835;1836;1837;1838;1839;1840;1841;1842;1843;1844;1845","A","E","pdbfiles/pdb7pki.ent","pdbs/7pki.A.pdb",54.777000427246094,111.60900115966797,5.296000003814697
4,"0.7",0,15,"7xo9",0,"D","THR",27,"","",True,12,12,1,"343","1934;1935;1936;1937;1938;1939;1940;1941;1942;1943;1944;1945","A","D","pdbfiles/pdb7xo9.ent","pdbs/7xo9.A.pdb",213.13499450683594,183.0850067138672,261.9779968261719
4,"0.7",0,16,"7wsh",0,"A","LYS",31,"","",False,10,14,1,"326","1892;1893;1894;1895;1896;1897;1898;1899;1900;1901","A","B","pdbfiles/pdb7wsh.ent","pdbs/7wsh.A.pdb",122.88140335083008,136.30280303955078,144.34959564208984
4,"0.7",0,17,"7dhx",0,"B","PHE",456,"","",True,10,12,1,"33","1760;1761;1762;1764;1765;1766;1768;1769;1770;1771","A","B","pdbfiles/pdb7dhx.ent","pdbs/7dhx.A.pdb",25.4060001373291,26.248000144958496,64.98099899291992
4,"0.7",0,18,"7pki",0,"E","PHE",452,"","",True,10,12,1,"168","1834;1836;1837;1838;1839;1840;1841;1842;1843;1845","A","E","pdbfiles/pdb7pki.ent","pdbs/7pki.A.pdb",57.303998947143555,114.03099822998047,5.552000045776367
4,"0.7",0,19,"7pki",0,"E","TYR",485,"","",True,10,12,1,"168","1834;1835;1836;1838;1839;1840;1841;1843;1844;1845","A","E","pdbfiles/pdb7pki.ent","pdbs/7pki.A.pdb",54.48900032043457,111.05950164794922,8.776999950408936
4,"0.7",0,20,"7wnm",0,"B","TYR",41,"","",False,10,12,1,"278","1866;1867;1868;1869;1870;1871;1872;1873;1877;1879","B","A","pdbfiles/pdb7wnm.ent","pdbs/7wnm.B.pdb",-46.24399948120117,21.2185001373291,16.38350009918213
4,"0.7",0,21,"7xo9",0,"A","PHE",456,"","",False,10,12,1,"343","1935;1936;1938;1939;1940;1941;1942;1943;1944;1945","A","D","pdbfiles/pdb7xo9.ent","pdbs/7xo9.A.pdb",211.60449981689453,181.28599548339844,259.5954895019531
4,"0.7",0,22,"7xo9",0,"A","TYR",489,"","",False,10,12,1,"343","1934;1935;1936;1937;1938;1939;1940;1941;1943;1944","A","D","pdbfiles/pdb7xo9.ent","pdbs/7xo9.A.pdb",215.12149810791016,181.04949951171875,263.8419952392578
4,"0.7",0,23,"8dm8",0,"A","TYR",501,"","",False,8,14,1,"386","1960;1961;1962;1963;1964;1965;1966;1967","A","D","pdbfiles/pdb8dm8.ent","pdbs/8dm8.A.pdb",224.55299758911133,162.55375289916992,255.33925247192383
4,"0.7",0,24,"8dma",0,"A","TYR",501,"","",False,8,10,1,"394","1978;1979;1980;1981;1982;1983;1984;1985","A","D","pdbfiles/pdb8dma.ent","pdbs/8dma.A.pdb",224.71587562561035,162.92762184143066,256.1244869232178
4,"0.7",0,25,"8dm8",0,"D","HIS",353,"","",True,8,8,1,"386","1960;1961;1962;1963;1964;1965;1966;1967","A","D","pdbfiles/pdb8dm8.ent","pdbs/8dm8.A.pdb",221.85499572753906,164.21600341796875,256.9859924316406
4,"0.7",0,26,"7wa1",0,"B","TYR",505,"","",True,6,12,1,"271","1860;1861;1862;1863;1864;1865","A","B","pdbfiles/pdb7wa1.ent","pdbs/7wa1.A.pdb",116.62333424886067,124.06499989827473,94.26466878255208
4,"0.7",0,27,"7xoc",0,"A","PHE",456,"","",True,6,12,1,"353","1946;1947;1948;1949;1950;1951","D","A","pdbfiles/pdb7xoc.ent","pdbs/7xoc.D.pdb",211.60466512044272,181.43900044759116,260.5006612141927
4,"0.7",0,28,"7e3j",0,"B","PHE",456,"","",True,6,8,1,"43","1776;1777;1778;1779;1780;1781","A","B","pdbfiles/pdb7e3j.ent","pdbs/7e3j.A.pdb",-101.27149963378906,41.42700004577637,-19.118499755859375
4,"0.7",0,29,"7ekh",0,"B","PHE",456,"","",True,6,8,1,"133","1812;1813;1814;1815;1816;1817","A","B","pdbfiles/pdb7ekh.ent","pdbs/7ekh.A.pdb",-34.195499420166016,37.72999954223633,4.416999816894531
4,"0.7",0,30,"7fc5",0,"E","PHE",456,"","",False,6,8,1,"147","1822;1823;1824;1825;1826;1827","E","A","pdbfiles/pdb7fc5.ent","pdbs/7fc5.E.pdb",5.480999946594238,-28.533499717712402,-40.03499984741211
4,"0.7",0,31,"7lo4",0,"B","PHE",456,"","",True,6,8,1,"155","1828;1829;1830;1831;1832;1833","A","B","pdbfiles/pdb7lo4.ent","pdbs/7lo4.A.pdb",10.026999950408936,10.77750015258789,-62.68599891662598
4,"0.7",0,32,"7w9i",0,"E","PHE",456,"","",True,6,8,1,"250","1854;1855;1856;1857;1858;1859","A","E","pdbfiles/pdb7w9i.ent","pdbs/7w9i.A.pdb",220.47832997639975,167.07067108154297,272.78217061360675
4,"0.7",0,33,"8dma",0,"A","PHE",456,"","",False,6,8,1,"390","1968;1969;1970;1971;1972;1973","A","D","pdbfiles/pdb8dma.ent","pdbs/8dma.A.pdb",225.76950073242188,182.114501953125,260.4709930419922
4,"0.7",0,34,"8dma",0,"D","TYR",41,"","",True,6,8,1,"394","1979;1980;1981;1982;1983;1984","A","D","pdbfiles/pdb8dma.ent","pdbs/8dma.A.pdb",225.83999633789062,161.1915054321289,259.1439971923828
4,"0.7",0,35,"7dhx",0,"B","ALA",475,"","",True,6,6,1,"33","1760;1763;1766;1767;1768;1769","A","B","pdbfiles/pdb7dhx.ent","pdbs/7dhx.A.pdb",23.33099937438965,32.65999984741211,66.18499755859375
4,"0.7",0,36,"7dhx",0,"B","TYR",489,"","",True,6,6,1,"33","1761;1763;1764;1765;1767;1771","A","B","pdbfiles/pdb7dhx.ent","pdbs/7dhx.A.pdb",21.26300048828125,29.819000244140625,65.76100158691406
4,"0.7",0,37,"7e3j",0,"A","THR",27,"","",False,6,6,1,"43","1776;1777;1778;1779;1780;1781","A","B","pdbfiles/pdb7e3j.ent","pdbs/7e3j.A.pdb",-100.30000305175781,44.689998626708984,-18.329999923706055
4,"0.7",0,38,"7ekh",0,"A","THR",27,"","",False,6,6,1,"133","1812;1813;1814;1815;1816;1817","A","B","pdbfiles/pdb7ekh.ent","pdbs/7ekh.A.pdb",-33.6609992980957,40.875999450683594,2.875999927520752
4,"0.7",0,39,"7fc5",0,"A","THR",27,"","",True,6,6,1,"147","1822;1823;1824;1825;1826;1827","E","A","pdbfiles/pdb7fc5.ent","pdbs/7fc5.E.pdb",2.3369998931884766,-28.211000442504883,-41.551998138427734
4,"0.7",0,40,"7lo4",0,"A","THR",27,"","",False,6,6,1,"155","1828;1829;1830;1831;1832;1833","A","B","pdbfiles/pdb7lo4.ent","pdbs/7lo4.A.pdb",13.109000205993652,12.442000389099121,-62.52199935913086
4,"0.7",0,41,"7wa1",0,"A","LYS",353,"","",False,6,6,1,"271","1860;1861;1862;1863;1864;1865","A","B","pdbfiles/pdb7wa1.ent","pdbs/7wa1.A.pdb",114.81300354003906,122.85700225830078,97.0459976196289
4,"0.7",0,42,"7wpb",0,"D","THR",27,"","",True,6,6,1,"297","1880;1881;1882;1883;1884;1885","A","D","pdbfiles/pdb7wpb.ent","pdbs/7wpb.A.pdb",212.6929931640625,185.3350067138672,261.4419860839844
4,"0.7",0,43,"7wsh",0,"A","THR",27,"","",False,6,6,1,"324","1886;1887;1888;1889;1890;1891","A","B","pdbfiles/pdb7wsh.ent","pdbs/7wsh.A.pdb",128.4290008544922,137.1020050048828,146.54800415039062
4,"0.7",0,44,"7xoc",0,"D","THR",27,"","",False,6,6,1,"353","1946;1947;1948;1949;1950;1951","D","A","pdbfiles/pdb7xoc.ent","pdbs/7xoc.D.pdb",213.1020050048828,184.3070068359375,261.97900390625
4,"0.7",0,45,"8dma",0,"D","ASN",31,"","",True,6,6,1,"390","1968;1969;1970;1971;1972;1973","A","D","pdbfiles/pdb8dma.ent","pdbs/8dma.A.pdb",226.2949981689453,180.1280059814453,263.49798583984375
4,"0.7",0,46,"8dma",0,"D","HIS",353,"","",True,6,6,1,"394","1978;1980;1982;1983;1984;1985","A","D","pdbfiles/pdb8dma.ent","pdbs/8dma.A.pdb",221.53900146484375,164.46099853515625,257.31298828125
4,"0.7",0,47,"7dhx",0,"A","LYS",353,"","",False,4,6,1,"40","1772;1773;1774;1775","A","B","pdbfiles/pdb7dhx.ent","pdbs/7dhx.A.pdb",24.833000659942627,9.643000364303589,57.35775089263916
4,"0.7",0,48,"7dhx",0,"B","TYR",505,"","",True,4,6,1,"40","1772;1773;1774;1775","A","B","pdbfiles/pdb7dhx.ent","pdbs/7dhx.A.pdb",28.277000427246094,10.4830002784729,58.05699920654297
4,"0.7",0,49,"7ekc",0,"A","MET",82,"","",False,4,6,1,"94","1782;1783;1784;1785","A","B","pdbfiles/pdb7ekc.ent","pdbs/7ekc.A.pdb",-37.48975086212158,45.24875068664551,-9.468499898910522
4,"0.7",0,50,"7ekc",0,"B","PHE",486,"","",True,4,6,1,"94","1782;1783;1784;1785","A","B","pdbfiles/pdb7ekc.ent","pdbs/7ekc.A.pdb",-37.87225151062012,44.92199897766113,-6.141749858856201
4,"0.7",0,51,"7ekf",0,"B","TYR",501,"","",True,4,6,1,"116","1790;1791;1792;1793","A","B","pdbfiles/pdb7ekf.ent","pdbs/7ekf.A.pdb",-36.604498863220215,17.359500885009766,2.1205000281333923
4,"0.7",0,52,"7ekh",0,"A","LYS",353,"","",False,4,6,1,"142","1818;1819;1820;1821","A","B","pdbfiles/pdb7ekh.ent","pdbs/7ekh.A.pdb",-32.9317512512207,19.620500087738037,1.4842500388622284
4,"0.7",0,53,"7ekh",0,"B","TYR",505,"","",True,4,6,1,"142","1818;1819;1820;1821","A","B","pdbfiles/pdb7ekh.ent","pdbs/7ekh.A.pdb",-30.898499965667725,21.25599956512451,4.038500070571899
4,"0.7",0,54,"7sy6",0,"B","PHE",486,"","",False,4,6,1,"212","1846;1847;1848;1849","B","E","pdbfiles/pdb7sy6.ent","pdbs/7sy6.B.pdb",229.89950561523438,188.8052520751953,267.06800842285156
4,"0.7",0,55,"7v84",0,"A","PHE",486,"","",False,4,6,1,"228","1850;1851;1852;1853","A","F","pdbfiles/pdb7v84.ent","pdbs/7v84.A.pdb",181.0512466430664,202.66625213623047,172.20450592041016
4,"0.7",0,56,"7v84",0,"F","MET",82,"","",True,4,6,1,"228","1850;1851;1852;1853","A","F","pdbfiles/pdb7v84.ent","pdbs/7v84.A.pdb",182.53049850463867,203.15350341796875,169.09600067138672
4,"0.7",0,57,"7xoc",0,"A","PHE",486,"","",True,4,6,1,"361","1952;1953;1954;1955","D","A","pdbfiles/pdb7xoc.ent","pdbs/7xoc.D.pdb",217.4422492980957,184.92599868774414,271.4382553100586
4,"0.7",0,58,"7xoc",0,"D","PHE",83,"","",False,4,6,1,"361","1952;1953;1954;1955","D","A","pdbfiles/pdb7xoc.ent","pdbs/7xoc.D.pdb",215.01499557495117,187.3312530517578,270.7512512207031
4,"0.7",0,59,"8dm8",0,"A","PHE",486,"","",False,4,6,1,"383","1956;1957;1958;1959","A","D","pdbfiles/pdb8dm8.ent","pdbs/8dm8.A.pdb",227.1264991760254,185.19275283813477,271.3264923095703
4,"0.7",0,60,"8dm8",0,"D","PHE",83,"","",True,4,6,1,"383","1956;1957;1958;1959","A","D","pdbfiles/pdb8dm8.ent","pdbs/8dm8.A.pdb",223.51300048828125,184.83274459838867,271.0959930419922
4,"0.7",0,61,"8dma",0,"A","PHE",486,"","",False,4,6,1,"391","1974;1975;1976;1977","A","D","pdbfiles/pdb8dma.ent","pdbs/8dma.A.pdb",226.50749588012695,185.4727554321289,271.35125732421875
4,"0.7",0,62,"8dma",0,"D","PHE",83,"","",True,4,6,1,"391","1974;1975;1976;1977","A","D","pdbfiles/pdb8dma.ent","pdbs/8dma.A.pdb",223.02774810791016,184.82125091552734,271.31925201416016
4,"0.7",0,63,"7e3j",0,"B","TYR",489,"","",True,4,4,1,"43","1776;1777;1779;1780","A","B","pdbfiles/pdb7e3j.ent","pdbs/7e3j.A.pdb",-100.48899841308594,46.29199981689453,-21.479000091552734
4,"0.7",0,64,"7eke",0,"A","THR",27,"","",False,4,4,1,"98","1786;1787;1788;1789","A","B","pdbfiles/pdb7eke.ent","pdbs/7eke.A.pdb",-34.180999755859375,40.84600067138672,2.6029999256134033
4,"0.7",0,65,"7eke",0,"B","PHE",456,"","",True,4,4,1,"98","1786;1787;1788;1789","A","B","pdbfiles/pdb7eke.ent","pdbs/7eke.A.pdb",-34.32099914550781,37.73899841308594,4.327000141143799
4,"0.7",0,66,"7ekf",0,"A","LYS",353,"","",False,4,4,1,"116","1790;1791;1792;1793","A","B","pdbfiles/pdb7ekf.ent","pdbs/7ekf.A.pdb",-33.66999816894531,19.01300048828125,0.6449999809265137
4,"0.7",0,67,"7ekh",0,"B","TYR",489,"","",True,4,4,1,"133","1813;1815;1816;1817","A","B","pdbfiles/pdb7ekh.ent","pdbs/7ekh.A.pdb",-36.92399978637695,41.27199935913086,1.4759999513626099
4,"0.7",0,68,"7fc5",0,"E","TYR",489,"","",False,4,4,1,"147","1822;1823;1824;1826","E","A","pdbfiles/pdb7fc5.ent","pdbs/7fc5.E.pdb",0.5049999952316284,-26.062000274658203,-39.5359992980957
4,"0.7",0,69,"7lo4",0,"B","TYR",489,"","",True,4,4,1,"155","1828;1830;1832;1833","A","B","pdbfiles/pdb7lo4.ent","pdbs/7lo4.A.pdb",15.130000114440918,9.932000160217285,-60.875999450683594
4,"0.7",0,70,"7sy6",0,"E","MET",82,"","",True,4,4,1,"212","1846;1847;1848;1849","B","E","pdbfiles/pdb7sy6.ent","pdbs/7sy6.B.pdb",229.14199829101562,188.0540008544922,270.4939880371094
4,"0.7",0,71,"7w9i",0,"A","THR",27,"","",False,4,4,1,"250","1855;1857;1858;1859","A","E","pdbfiles/pdb7w9i.ent","pdbs/7w9i.A.pdb",221.60000610351562,169.7519989013672,275.2449951171875
4,"0.7",0,72,"7w9i",0,"A","ASP",30,"","",False,4,4,1,"250","1854;1856;1857;1858","A","E","pdbfiles/pdb7w9i.ent","pdbs/7w9i.A.pdb",217.23199462890625,165.906005859375,273.8500061035156
4,"0.7",0,73,"7wpb",0,"A","PHE",453,"","",False,4,4,1,"297","1880;1882;1884;1885","A","D","pdbfiles/pdb7wpb.ent","pdbs/7wpb.A.pdb",211.05499267578125,182.59800720214844,259.8320007324219
4,"0.7",0,74,"7wpb",0,"A","TYR",470,"","",False,4,4,1,"297","1880;1881;1883;1884","A","D","pdbfiles/pdb7wpb.ent","pdbs/7wpb.A.pdb",215.4459991455078,184.8990020751953,259.010986328125
4,"0.7",0,75,"7wpb",0,"A","TYR",486,"","",False,4,4,1,"297","1881;1882;1883;1885","A","D","pdbfiles/pdb7wpb.ent","pdbs/7wpb.A.pdb",214.03399658203125,182.91200256347656,263.6969909667969
4,"0.7",0,76,"8dma",0,"A","TYR",489,"","",False,4,4,1,"390","1968;1969;1971;1972","A","D","pdbfiles/pdb8dma.ent","pdbs/8dma.A.pdb",228.86900329589844,182.74400329589844,264.3810119628906
4,"0.7",0,77,"7eke",0,"A","ASP",30,"","",False,2,2,1,"98","1787;1788","A","B","pdbfiles/pdb7eke.ent","pdbs/7eke.A.pdb",-32.04499816894531,36.20899963378906,1.7599999904632568
4,"0.7",0,78,"7eke",0,"B","TYR",489,"","",True,2,2,1,"98","1786;1789","A","B","pdbfiles/pdb7eke.ent","pdbs/7eke.A.pdb",-37.58300018310547,40.84000015258789,1.2400000095367432
4,"0.7",0,79,"7ekf",0,"A","TYR",41,"","",False,2,2,1,"116","1790;1792","A","B","pdbfiles/pdb7ekf.ent","pdbs/7ekf.A.pdb",-38.0099983215332,15.888999938964844,-1.1440000534057617
4,"0.7",0,80,"7sy6",0,"E","TYR",83,"","",True,2,2,1,"212","1846;1849","B","E","pdbfiles/pdb7sy6.ent","pdbs/7sy6.B.pdb",226.5070037841797,188.81100463867188,265.5539855957031
4,"0.7",0,81,"7w9i",0,"E","TYR",489,"","",True,2,2,1,"250","1855;1859","A","E","pdbfiles/pdb7w9i.ent","pdbs/7w9i.A.pdb",223.9759979248047,167.76100158691406,277.14599609375
4,"0.7",0,82,"8dm8",0,"D","TYR",41,"","",True,2,2,1,"386","1962;1966","A","D","pdbfiles/pdb8dm8.ent","pdbs/8dm8.A.pdb",226.0590057373047,160.54100036621094,258.6080017089844
4,"0.8",0,1,"7xo6",0,"D","THR",27,"","",False,20,20,1,"335","2140;2141;2142;2143;2144;2145;2146;2147;2148;2149;2150;2151;2152;2153;2154;2155;2156;2157;2158;2159","D","A","pdbfiles/pdb7xo6.ent","pdbs/7xo6.D.pdb",213.10899353027344,184.49000549316406,262.24700927734375
4,"0.8",0,2,"7xo6",0,"A","PHE",456,"","",True,18,24,1,"335","2140;2141;2142;2143;2144;2145;2147;2148;2149;2150;2151;2152;2153;2154;2156;2157;2158;2159","D","A","pdbfiles/pdb7xo6.ent","pdbs/7xo6.D.pdb",211.4290008544922,182.49300130208334,260.17332967122394
4,"0.8",0,3,"7ekg",0,"B","TYR",501,"","",True,18,22,1,"124","2020;2021;2022;2023;2024;2025;2026;2027;2028;2029;2030;2031;2032;2033;2034;2035;2036;2037","A","B","pdbfiles/pdb7ekg.ent","pdbs/7ekg.A.pdb",-36.96255577935113,17.618778016832138,2.008444454934862
4,"0.8",0,4,"7ekg",0,"A","TYR",41,"","",False,14,16,1,"124","2020;2021;2022;2024;2025;2027;2028;2030;2031;2032;2033;2035;2036;2037","A","B","pdbfiles/pdb7ekg.ent","pdbs/7ekg.A.pdb",-37.021857670375276,16.54307120186942,-1.367142881665911
4,"0.8",0,5,"7ekg",0,"A","LYS",353,"","",False,14,16,1,"124","2020;2022;2023;2024;2025;2026;2027;2028;2029;2030;2033;2034;2035;2037","A","B","pdbfiles/pdb7ekg.ent","pdbs/7ekg.A.pdb",-34.32335662841797,19.60114370073591,0.4553571439215115
4,"0.8",0,6,"7wnm",0,"A","TYR",501,"","",True,14,16,1,"278","2092;2093;2094;2095;2096;2097;2098;2099;2100;2101;2102;2103;2104;2105","B","A","pdbfiles/pdb7wnm.ent","pdbs/7wnm.B.pdb",-45.098141533987864,22.30285780770438,19.661356653485978
4,"0.8",0,7,"7xo6",0,"A","TYR",489,"","",True,14,16,1,"335","2142;2143;2144;2145;2146;2147;2149;2151;2152;2153;2154;2155;2157;2159","D","A","pdbfiles/pdb7xo6.ent","pdbs/7xo6.D.pdb",215.2115020751953,182.40650177001953,264.3680114746094
4,"0.8",0,8,"7wsh",0,"B","TYR",505,"","",True,12,20,1,"332","2128;2129;2130;2131;2132;2133;2134;2135;2136;2137;2138;2139","A","B","pdbfiles/pdb7wsh.ent","pdbs/7wsh.A.pdb",116.74941571553548,120.25266774495442,143.4296671549479
4,"0.8",0,9,"7wsh",0,"A","LYS",353,"","",False,12,16,1,"332","2128;2129;2130;2131;2132;2133;2134;2135;2136;2137;2138;2139","A","B","pdbfiles/pdb7wsh.ent","pdbs/7wsh.A.pdb",114.54100036621094,121.86466979980469,141.2786610921224
4,"0.8",0,10,"7wnm",0,"B","LYS",353,"","",False,12,14,1,"278","2093;2094;2095;2097;2098;2099;2100;2101;2102;2103;2104;2105","B","A","pdbfiles/pdb7wnm.ent","pdbs/7wnm.B.pdb",-42.96083291371664,25.03783305486043,18.469000657399494
4,"0.8",0,11,"7wsh",0,"B","PHE",456,"","",True,12,14,2,"324;326","2112;2113;2114;2116;2118;2119;2120;2122;2123;2124;2125;2127","A","B","pdbfiles/pdb7wsh.ent","pdbs/7wsh.A.pdb",124.97225125630696,135.1849161783854,147.5151621500651
4,"0.8",0,12,"7wsh",0,"B","TYR",489,"","",True,12,14,2,"324;326","2112;2113;2114;2115;2116;2117;2119;2121;2123;2125;2126;2127","A","B","pdbfiles/pdb7wsh.ent","pdbs/7wsh.A.pdb",124.8745002746582,139.70549774169922,145.83924865722656
4,"0.8",0,13,"7dhx",0,"A","THR",27,"","",False,12,12,1,"33","1986;1987;1988;1989;1990;1991;1992;1993;1994;1995;1996;1997","A","B","pdbfiles/pdb7dhx.ent","pdbs/7dhx.A.pdb",24.576000213623047,29.656999588012695,64.39099884033203
4,"0.8",0,14,"7pki",0,"A","THR",27,"","",False,12,12,1,"168","2060;2061;2062;2063;2064;2065;2066;2067;2068;2069;2070;2071","A","E","pdbfiles/pdb7pki.ent","pdbs/7pki.A.pdb",54.777000427246094,111.60900115966797,5.296000003814697
4,"0.8",0,15,"7xo9",0,"D","THR",27,"","",True,12,12,1,"343","2160;2161;2162;2163;2164;2165;2166;2167;2168;2169;2170;2171","A","D","pdbfiles/pdb7xo9.ent","pdbs/7xo9.A.pdb",213.13499450683594,183.0850067138672,261.9779968261719
4,"0.8",0,16,"7wsh",0,"A","LYS",31,"","",False,10,14,1,"326","2118;2119;2120;2121;2122;2123;2124;2125;2126;2127","A","B","pdbfiles/pdb7wsh.ent","pdbs/7wsh.A.pdb",122.88140335083008,136.30280303955078,144.34959564208984
4,"0.8",0,17,"7dhx",0,"B","PHE",456,"","",True,10,12,1,"33","1986;1987;1988;1990;1991;1992;1994;1995;1996;1997","A","B","pdbfiles/pdb7dhx.ent","pdbs/7dhx.A.pdb",25.4060001373291,26.248000144958496,64.98099899291992
4,"0.8",0,18,"7pki",0,"E","PHE",452,"","",True,10,12,1,"168","2060;2062;2063;2064;2065;2066;2067;2068;2069;2071","A","E","pdbfiles/pdb7pki.ent","pdbs/7pki.A.pdb",57.303998947143555,114.03099822998047,5.552000045776367
4,"0.8",0,19,"7pki",0,"E","TYR",485,"","",True,10,12,1,"168","2060;2061;2062;2064;2065;2066;2067;2069;2070;2071","A","E","pdbfiles/pdb7pki.ent","pdbs/7pki.A.pdb",54.48900032043457,111.05950164794922,8.776999950408936
4,"0.8",0,20,"7wnm",0,"B","TYR",41,"","",False,10,12,1,"278","2092;2093;2094;2095;2096;2097;2098;2099;2103;2105","B","A","pdbfiles/pdb7wnm.ent","pdbs/7wnm.B.pdb",-46.24399948120117,21.2185001373291,16.38350009918213
4,"0.8",0,21,"7xo9",0,"A","PHE",456,"","",False,10,12,1,"343","2161;2162;2164;2165;2166;2167;2168;2169;2170;2171","A","D","pdbfiles/pdb7xo9.ent","pdbs/7xo9.A.pdb",211.60449981689453,181.28599548339844,259.5954895019531
4,"0.8",0,22,"7xo9",0,"A","TYR",489,"","",False,10,12,1,"343","2160;2161;2162;2163;2164;2165;2166;2167;2169;2170","A","D","pdbfiles/pdb7xo9.ent","pdbs/7xo9.A.pdb",215.12149810791016,181.04949951171875,263.8419952392578
4,"0.8",0,23,"8dm8",0,"A","TYR",501,"","",False,8,14,1,"386","2186;2187;2188;2189;2190;2191;2192;2193","A","D","pdbfiles/pdb8dm8.ent","pdbs/8dm8.A.pdb",224.55299758911133,162.55375289916992,255.33925247192383
4,"0.8",0,24,"8dma",0,"A","TYR",501,"","",False,8,10,1,"394","2204;2205;2206;2207;2208;2209;2210;2211","A","D","pdbfiles/pdb8dma.ent","pdbs/8dma.A.pdb",224.71587562561035,162.92762184143066,256.1244869232178
4,"0.8",0,25,"8dm8",0,"D","HIS",353,"","",True,8,8,1,"386","2186;2187;2188;2189;2190;2191;2192;2193","A","D","pdbfiles/pdb8dm8.ent","pdbs/8dm8.A.pdb",221.85499572753906,164.21600341796875,256.9859924316406
4,"0.8",0,26,"7wa1",0,"B","TYR",505,"","",True,6,12,1,"271","2086;2087;2088;2089;2090;2091","A","B","pdbfiles/pdb7wa1.ent","pdbs/7wa1.A.pdb",116.62333424886067,124.06499989827473,94.26466878255208
4,"0.8",0,27,"7xoc",0,"A","PHE",456,"","",True,6,12,1,"353","2172;2173;2174;2175;2176;2177","D","A","pdbfiles/pdb7xoc.ent","pdbs/7xoc.D.pdb",211.60466512044272,181.43900044759116,260.5006612141927
4,"0.8",0,28,"7e3j",0,"B","PHE",456,"","",True,6,8,1,"43","2002;2003;2004;2005;2006;2007","A","B","pdbfiles/pdb7e3j.ent","pdbs/7e3j.A.pdb",-101.27149963378906,41.42700004577637,-19.118499755859375
4,"0.8",0,29,"7ekh",0,"B","PHE",456,"","",True,6,8,1,"133","2038;2039;2040;2041;2042;2043","A","B","pdbfiles/pdb7ekh.ent","pdbs/7ekh.A.pdb",-34.195499420166016,37.72999954223633,4.416999816894531
4,"0.8",0,30,"7fc5",0,"E","PHE",456,"","",False,6,8,1,"147","2048;2049;2050;2051;2052;2053","E","A","pdbfiles/pdb7fc5.ent","pdbs/7fc5.E.pdb",5.480999946594238,-28.533499717712402,-40.03499984741211
4,"0.8",0,31,"7lo4",0,"B","PHE",456,"","",True,6,8,1,"155","2054;2055;2056;2057;2058;2059","A","B","pdbfiles/pdb7lo4.ent","pdbs/7lo4.A.pdb",10.026999950408936,10.77750015258789,-62.68599891662598
4,"0.8",0,32,"7w9i",0,"E","PHE",456,"","",True,6,8,1,"250","2080;2081;2082;2083;2084;2085","A","E","pdbfiles/pdb7w9i.ent","pdbs/7w9i.A.pdb",220.47832997639975,167.07067108154297,272.78217061360675
4,"0.8",0,33,"8dma",0,"A","PHE",456,"","",False,6,8,1,"390","2194;2195;2196;2197;2198;2199","A","D","pdbfiles/pdb8dma.ent","pdbs/8dma.A.pdb",225.76950073242188,182.114501953125,260.4709930419922
4,"0.8",0,34,"8dma",0,"D","TYR",41,"","",True,6,8,1,"394","2205;2206;2207;2208;2209;2210","A","D","pdbfiles/pdb8dma.ent","pdbs/8dma.A.pdb",225.83999633789062,161.1915054321289,259.1439971923828
4,"0.8",0,35,"7dhx",0,"B","ALA",475,"","",True,6,6,1,"33","1986;1989;1992;1993;1994;1995","A","B","pdbfiles/pdb7dhx.ent","pdbs/7dhx.A.pdb",23.33099937438965,32.65999984741211,66.18499755859375
4,"0.8",0,36,"7dhx",0,"B","TYR",489,"","",True,6,6,1,"33","1987;1989;1990;1991;1993;1997","A","B","pdbfiles/pdb7dhx.ent","pdbs/7dhx.A.pdb",21.26300048828125,29.819000244140625,65.76100158691406
4,"0.8",0,37,"7e3j",0,"A","THR",27,"","",False,6,6,1,"43","2002;2003;2004;2005;2006;2007","A","B","pdbfiles/pdb7e3j.ent","pdbs/7e3j.A.pdb",-100.30000305175781,44.689998626708984,-18.329999923706055
4,"0.8",0,38,"7ekh",0,"A","THR",27,"","",False,6,6,1,"133","2038;2039;2040;2041;2042;2043","A","B","pdbfiles/pdb7ekh.ent","pdbs/7ekh.A.pdb",-33.6609992980957,40.875999450683594,2.875999927520752
4,"0.8",0,39,"7fc5",0,"A","THR",27,"","",True,6,6,1,"147","2048;2049;2050;2051;2052;2053","E","A","pdbfiles/pdb7fc5.ent","pdbs/7fc5.E.pdb",2.3369998931884766,-28.211000442504883,-41.551998138427734
4,"0.8",0,40,"7lo4",0,"A","THR",27,"","",False,6,6,1,"155","2054;2055;2056;2057;2058;2059","A","B","pdbfiles/pdb7lo4.ent","pdbs/7lo4.A.pdb",13.109000205993652,12.442000389099121,-62.52199935913086
4,"0.8",0,41,"7wa1",0,"A","LYS",353,"","",False,6,6,1,"271","2086;2087;2088;2089;2090;2091","A","B","pdbfiles/pdb7wa1.ent","pdbs/7wa1.A.pdb",114.81300354003906,122.85700225830078,97.0459976196289
4,"0.8",0,42,"7wpb",0,"D","THR",27,"","",True,6,6,1,"297","2106;2107;2108;2109;2110;2111","A","D","pdbfiles/pdb7wpb.ent","pdbs/7wpb.A.pdb",212.6929931640625,185.3350067138672,261.4419860839844
4,"0.8",0,43,"7wsh",0,"A","THR",27,"","",False,6,6,1,"324","2112;2113;2114;2115;2116;2117","A","B","pdbfiles/pdb7wsh.ent","pdbs/7wsh.A.pdb",128.4290008544922,137.1020050048828,146.54800415039062
4,"0.8",0,44,"7xoc",0,"D","THR",27,"","",False,6,6,1,"353","2172;2173;2174;2175;2176;2177","D","A","pdbfiles/pdb7xoc.ent","pdbs/7xoc.D.pdb",213.1020050048828,184.3070068359375,261.97900390625
4,"0.8",0,45,"8dma",0,"D","ASN",31,"","",True,6,6,1,"390","2194;2195;2196;2197;2198;2199","A","D","pdbfiles/pdb8dma.ent","pdbs/8dma.A.pdb",226.2949981689453,180.1280059814453,263.49798583984375
4,"0.8",0,46,"8dma",0,"D","HIS",353,"","",True,6,6,1,"394","2204;2206;2208;2209;2210;2211","A","D","pdbfiles/pdb8dma.ent","pdbs/8dma.A.pdb",221.53900146484375,164.46099853515625,257.31298828125
4,"0.8",0,47,"7dhx",0,"A","LYS",353,"","",False,4,6,1,"40","1998;1999;2000;2001","A","B","pdbfiles/pdb7dhx.ent","pdbs/7dhx.A.pdb",24.833000659942627,9.643000364303589,57.35775089263916
4,"0.8",0,48,"7dhx",0,"B","TYR",505,"","",True,4,6,1,"40","1998;1999;2000;2001","A","B","pdbfiles/pdb7dhx.ent","pdbs/7dhx.A.pdb",28.277000427246094,10.4830002784729,58.05699920654297
4,"0.8",0,49,"7ekc",0,"A","MET",82,"","",False,4,6,1,"94","2008;2009;2010;2011","A","B","pdbfiles/pdb7ekc.ent","pdbs/7ekc.A.pdb",-37.48975086212158,45.24875068664551,-9.468499898910522
4,"0.8",0,50,"7ekc",0,"B","PHE",486,"","",True,4,6,1,"94","2008;2009;2010;2011","A","B","pdbfiles/pdb7ekc.ent","pdbs/7ekc.A.pdb",-37.87225151062012,44.92199897766113,-6.141749858856201
4,"0.8",0,51,"7ekf",0,"B","TYR",501,"","",True,4,6,1,"116","2016;2017;2018;2019","A","B","pdbfiles/pdb7ekf.ent","pdbs/7ekf.A.pdb",-36.604498863220215,17.359500885009766,2.1205000281333923
4,"0.8",0,52,"7ekh",0,"A","LYS",353,"","",False,4,6,1,"142","2044;2045;2046;2047","A","B","pdbfiles/pdb7ekh.ent","pdbs/7ekh.A.pdb",-32.9317512512207,19.620500087738037,1.4842500388622284
4,"0.8",0,53,"7ekh",0,"B","TYR",505,"","",True,4,6,1,"142","2044;2045;2046;2047","A","B","pdbfiles/pdb7ekh.ent","pdbs/7ekh.A.pdb",-30.898499965667725,21.25599956512451,4.038500070571899
4,"0.8",0,54,"7sy6",0,"B","PHE",486,"","",False,4,6,1,"212","2072;2073;2074;2075","B","E","pdbfiles/pdb7sy6.ent","pdbs/7sy6.B.pdb",229.89950561523438,188.8052520751953,267.06800842285156
4,"0.8",0,55,"7v84",0,"A","PHE",486,"","",False,4,6,1,"228","2076;2077;2078;2079","A","F","pdbfiles/pdb7v84.ent","pdbs/7v84.A.pdb",181.0512466430664,202.66625213623047,172.20450592041016
4,"0.8",0,56,"7v84",0,"F","MET",82,"","",True,4,6,1,"228","2076;2077;2078;2079","A","F","pdbfiles/pdb7v84.ent","pdbs/7v84.A.pdb",182.53049850463867,203.15350341796875,169.09600067138672
4,"0.8",0,57,"7xoc",0,"A","PHE",486,"","",True,4,6,1,"361","2178;2179;2180;2181","D","A","pdbfiles/pdb7xoc.ent","pdbs/7xoc.D.pdb",217.4422492980957,184.92599868774414,271.4382553100586
4,"0.8",0,58,"7xoc",0,"D","PHE",83,"","",False,4,6,1,"361","2178;2179;2180;2181","D","A","pdbfiles/pdb7xoc.ent","pdbs/7xoc.D.pdb",215.01499557495117,187.3312530517578,270.7512512207031
4,"0.8",0,59,"8dm8",0,"A","PHE",486,"","",False,4,6,1,"383","2182;2183;2184;2185","A","D","pdbfiles/pdb8dm8.ent","pdbs/8dm8.A.pdb",227.1264991760254,185.19275283813477,271.3264923095703
4,"0.8",0,60,"8dm8",0,"D","PHE",83,"","",True,4,6,1,"383","2182;2183;2184;2185","A","D","pdbfiles/pdb8dm8.ent","pdbs/8dm8.A.pdb",223.51300048828125,184.83274459838867,271.0959930419922
4,"0.8",0,61,"8dma",0,"A","PHE",486,"","",False,4,6,1,"391","2200;2201;2202;2203","A","D","pdbfiles/pdb8dma.ent","pdbs/8dma.A.pdb",226.50749588012695,185.4727554321289,271.35125732421875
4,"0.8",0,62,"8dma",0,"D","PHE",83,"","",True,4,6,1,"391","2200;2201;2202;2203","A","D","pdbfiles/pdb8dma.ent","pdbs/8dma.A.pdb",223.02774810791016,184.82125091552734,271.31925201416016
4,"0.8",0,63,"7e3j",0,"B","TYR",489,"","",True,4,4,1,"43","2002;2003;2005;2006","A","B","pdbfiles/pdb7e3j.ent","pdbs/7e3j.A.pdb",-100.48899841308594,46.29199981689453,-21.479000091552734
4,"0.8",0,64,"7eke",0,"A","THR",27,"","",False,4,4,1,"98","2012;2013;2014;2015","A","B","pdbfiles/pdb7eke.ent","pdbs/7eke.A.pdb",-34.180999755859375,40.84600067138672,2.6029999256134033
4,"0.8",0,65,"7eke",0,"B","PHE",456,"","",True,4,4,1,"98","2012;2013;2014;2015","A","B","pdbfiles/pdb7eke.ent","pdbs/7eke.A.pdb",-34.32099914550781,37.73899841308594,4.327000141143799
4,"0.8",0,66,"7ekf",0,"A","LYS",353,"","",False,4,4,1,"116","2016;2017;2018;2019","A","B","pdbfiles/pdb7ekf.ent","pdbs/7ekf.A.pdb",-33.66999816894531,19.01300048828125,0.6449999809265137
4,"0.8",0,67,"7ekh",0,"B","TYR",489,"","",True,4,4,1,"133","2039;2041;2042;2043","A","B","pdbfiles/pdb7ekh.ent","pdbs/7ekh.A.pdb",-36.92399978637695,41.27199935913086,1.4759999513626099
4,"0.8",0,68,"7fc5",0,"E","TYR",489,"","",False,4,4,1,"147","2048;2049;2050;2052","E","A","pdbfiles/pdb7fc5.ent","pdbs/7fc5.E.pdb",0.5049999952316284,-26.062000274658203,-39.5359992980957
4,"0.8",0,69,"7lo4",0,"B","TYR",489,"","",True,4,4,1,"155","2054;2056;2058;2059","A","B","pdbfiles/pdb7lo4.ent","pdbs/7lo4.A.pdb",15.130000114440918,9.932000160217285,-60.875999450683594
4,"0.8",0,70,"7sy6",0,"E","MET",82,"","",True,4,4,1,"212","2072;2073;2074;2075","B","E","pdbfiles/pdb7sy6.ent","pdbs/7sy6.B.pdb",229.14199829101562,188.0540008544922,270.4939880371094
4,"0.8",0,71,"7w9i",0,"A","THR",27,"","",False,4,4,1,"250","2081;2083;2084;2085","A","E","pdbfiles/pdb7w9i.ent","pdbs/7w9i.A.pdb",221.60000610351562,169.7519989013672,275.2449951171875
4,"0.8",0,72,"7w9i",0,"A","ASP",30,"","",False,4,4,1,"250","2080;2082;2083;2084","A","E","pdbfiles/pdb7w9i.ent","pdbs/7w9i.A.pdb",217.23199462890625,165.906005859375,273.8500061035156
4,"0.8",0,73,"7wpb",0,"A","PHE",453,"","",False,4,4,1,"297","2106;2108;2110;2111","A","D","pdbfiles/pdb7wpb.ent","pdbs/7wpb.A.pdb",211.05499267578125,182.59800720214844,259.8320007324219
4,"0.8",0,74,"7wpb",0,"A","TYR",470,"","",False,4,4,1,"297","2106;2107;2109;2110","A","D","pdbfiles/pdb7wpb.ent","pdbs/7wpb.A.pdb",215.4459991455078,184.8990020751953,259.010986328125
4,"0.8",0,75,"7wpb",0,"A","TYR",486,"","",False,4,4,1,"297","2107;2108;2109;2111","A","D","pdbfiles/pdb7wpb.ent","pdbs/7wpb.A.pdb",214.03399658203125,182.91200256347656,263.6969909667969
4,"0.8",0,76,"8dma",0,"A","TYR",489,"","",False,4,4,1,"390","2194;2195;2197;2198","A","D","pdbfiles/pdb8dma.ent","pdbs/8dma.A.pdb",228.86900329589844,182.74400329589844,264.3810119628906
4,"0.8",0,77,"7eke",0,"A","ASP",30,"","",False,2,2,1,"98","2013;2014","A","B","pdbfiles/pdb7eke.ent","pdbs/7eke.A.pdb",-32.04499816894531,36.20899963378906,1.7599999904632568
4,"0.8",0,78,"7eke",0,"B","TYR",489,"","",True,2,2,1,"98","2012;2015","A","B","pdbfiles/pdb7eke.ent","pdbs/7eke.A.pdb",-37.58300018310547,40.84000015258789,1.2400000095367432
4,"0.8",0,79,"7ekf",0,"A","TYR",41,"","",False,2,2,1,"116","2016;2018","A","B","pdbfiles/pdb7ekf.ent","pdbs/7ekf.A.pdb",-38.0099983215332,15.888999938964844,-1.1440000534057617
4,"0.8",0,80,"7sy6",0,"E","TYR",83,"","",True,2,2,1,"212","2072;2075","B","E","pdbfiles/pdb7sy6.ent","pdbs/7sy6.B.pdb",226.5070037841797,188.81100463867188,265.5539855957031
4,"0.8",0,81,"7w9i",0,"E","TYR",489,"","",True,2,2,1,"250","2081;2085","A","E","pdbfiles/pdb7w9i.ent","pdbs/7w9i.A.pdb",223.9759979248047,167.76100158691406,277.14599609375
4,"0.8",0,82,"8dm8",0,"D","TYR",41,"","",True,2,2,1,"386","2188;2192","A","D","pdbfiles/pdb8dm8.ent","pdbs/8dm8.A.pdb",226.0590057373047,160.54100036621094,258.6080017089844
4,"0.9",0,1,"7xo6",0,"D","THR",27,"","",False,20,20,1,"335","2366;2367;2368;2369;2370;2371;2372;2373;2374;2375;2376;2377;2378;2379;2380;2381;2382;2383;2384;2385","D","A","pdbfiles/pdb7xo6.ent","pdbs/7xo6.D.pdb",213.10899353027344,184.49000549316406,262.24700927734375
4,"0.9",0,2,"7xo6",0,"A","PHE",456,"","",True,18,24,1,"335","2366;2367;2368;2369;2370;2371;2373;2374;2375;2376;2377;2378;2379;2380;2382;2383;2384;2385","D","A","pdbfiles/pdb7xo6.ent","pdbs/7xo6.D.pdb",211.4290008544922,182.49300130208334,260.17332967122394
4,"0.9",0,3,"7ekg",0,"B","TYR",501,"","",True,18,22,1,"124","2246;2247;2248;2249;2250;2251;2252;2253;2254;2255;2256;2257;2258;2259;2260;2261;2262;2263","A","B","pdbfiles/pdb7ekg.ent","pdbs/7ekg.A.pdb",-36.96255577935113,17.618778016832138,2.008444454934862
4,"0.9",0,4,"7ekg",0,"A","TYR",41,"","",False,14,16,1,"124","2246;2247;2248;2250;2251;2253;2254;2256;2257;2258;2259;2261;2262;2263","A","B","pdbfiles/pdb7ekg.ent","pdbs/7ekg.A.pdb",-37.021857670375276,16.54307120186942,-1.367142881665911
4,"0.9",0,5,"7ekg",0,"A","LYS",353,"","",False,14,16,1,"124","2246;2248;2249;2250;2251;2252;2253;2254;2255;2256;2259;2260;2261;2263","A","B","pdbfiles/pdb7ekg.ent","pdbs/7ekg.A.pdb",-34.32335662841797,19.60114370073591,0.4553571439215115
4,"0.9",0,6,"7wnm",0,"A","TYR",501,"","",True,14,16,1,"278","2318;2319;2320;2321;2322;2323;2324;2325;2326;2327;2328;2329;2330;2331","B","A","pdbfiles/pdb7wnm.ent","pdbs/7wnm.B.pdb",-45.098141533987864,22.30285780770438,19.661356653485978
4,"0.9",0,7,"7xo6",0,"A","TYR",489,"","",True,14,16,1,"335","2368;2369;2370;2371;2372;2373;2375;2377;2378;2379;2380;2381;2383;2385","D","A","pdbfiles/pdb7xo6.ent","pdbs/7xo6.D.pdb",215.2115020751953,182.40650177001953,264.3680114746094
4,"0.9",0,8,"7wsh",0,"B","TYR",505,"","",True,12,20,1,"332","2354;2355;2356;2357;2358;2359;2360;2361;2362;2363;2364;2365","A","B","pdbfiles/pdb7wsh.ent","pdbs/7wsh.A.pdb",116.74941571553548,120.25266774495442,143.4296671549479
4,"0.9",0,9,"7wsh",0,"A","LYS",353,"","",False,12,16,1,"332","2354;2355;2356;2357;2358;2359;2360;2361;2362;2363;2364;2365","A","B","pdbfiles/pdb7wsh.ent","pdbs/7wsh.A.pdb",114.54100036621094,121.86466979980469,141.2786610921224
4,"0.9",0,10,"7wnm",0,"B","LYS",353,"","",False,12,14,1,"278","2319;2320;2321;2323;2324;2325;2326;2327;2328;2329;2330;2331","B","A","pdbfiles/pdb7wnm.ent","pdbs/7wnm.B.pdb",-42.96083291371664,25.03783305486043,18.469000657399494
4,"0.9",0,11,"7wsh",0,"B","PHE",456,"","",True,12,14,2,"324;326","2338;2339;2340;2342;2344;2345;2346;2348;2349;2350;2351;2353","A","B","pdbfiles/pdb7wsh.ent","pdbs/7wsh.A.pdb",124.97225125630696,135.1849161783854,147.5151621500651
4,"0.9",0,12,"7wsh",0,"B","TYR",489,"","",True,12,14,2,"324;326","2338;2339;2340;2341;2342;2343;2345;2347;2349;2351;2352;2353","A","B","pdbfiles/pdb7wsh.ent","pdbs/7wsh.A.pdb",124.8745002746582,139.70549774169922,145.83924865722656
4,"0.9",0,13,"7dhx",0,"A","THR",27,"","",False,12,12,1,"33","2212;2213;2214;2215;2216;2217;2218;2219;2220;2221;2222;2223","A","B","pdbfiles/pdb7dhx.ent","pdbs/7dhx.A.pdb",24.576000213623047,29.656999588012695,64.39099884033203
4,"0.9",0,14,"7pki",0,"A","THR",27,"","",False,12,12,1,"168","2286;2287;2288;2289;2290;2291;2292;2293;2294;2295;2296;2297","A","E","pdbfiles/pdb7pki.ent","pdbs/7pki.A.pdb",54.777000427246094,111.60900115966797,5.296000003814697
4,"0.9",0,15,"7xo9",0,"D","THR",27,"","",True,12,12,1,"343","2386;2387;2388;2389;2390;2391;2392;2393;2394;2395;2396;2397","A","D","pdbfiles/pdb7xo9.ent","pdbs/7xo9.A.pdb",213.13499450683594,183.0850067138672,261.9779968261719
4,"0.9",0,16,"7wsh",0,"A","LYS",31,"","",False,10,14,1,"326","2344;2345;2346;2347;2348;2349;2350;2351;2352;2353","A","B","pdbfiles/pdb7wsh.ent","pdbs/7wsh.A.pdb",122.88140335083008,136.30280303955078,144.34959564208984
4,"0.9",0,17,"7dhx",0,"B","PHE",456,"","",True,10,12,1,"33","2212;2213;2214;2216;2217;2218;2220;2221;2222;2223","A","B","pdbfiles/pdb7dhx.ent","pdbs/7dhx.A.pdb",25.4060001373291,26.248000144958496,64.98099899291992
4,"0.9",0,18,"7pki",0,"E","PHE",452,"","",True,10,12,1,"168","2286;2288;2289;2290;2291;2292;2293;2294;2295;2297","A","E","pdbfiles/pdb7pki.ent","pdbs/7pki.A.pdb",57.303998947143555,114.03099822998047,5.552000045776367
4,"0.9",0,19,"7pki",0,"E","TYR",485,"","",True,10,12,1,"168","2286;2287;2288;2290;2291;2292;2293;2295;2296;2297","A","E","pdbfiles/pdb7pki.ent","pdbs/7pki.A.pdb",54.48900032043457,111.05950164794922,8.776999950408936
4,"0.9",0,20,"7wnm",0,"B","TYR",41,"","",False,10,12,1,"278","2318;2319;2320;2321;2322;2323;2324;2325;2329;2331","B","A","pdbfiles/pdb7wnm.ent","pdbs/7wnm.B.pdb",-46.24399948120117,21.2185001373291,16.38350009918213
4,"0.9",0,21,"7xo9",0,"A","PHE",456,"","",False,10,12,1,"343","2387;2388;2390;2391;2392;2393;2394;2395;2396;2397","A","D","pdbfiles/pdb7xo9.ent","pdbs/7xo9.A.pdb",211.60449981689453,181.28599548339844,259.5954895019531
4,"0.9",0,22,"7xo9",0,"A","TYR",489,"","",False,10,12,1,"343","2386;2387;2388;2389;2390;2391;2392;2393;2395;2396","A","D","pdbfiles/pdb7xo9.ent","pdbs/7xo9.A.pdb",215.12149810791016,181.04949951171875,263.8419952392578
4,"0.9",0,23,"8dm8",0,"A","TYR",501,"","",False,8,14,1,"386","2412;2413;2414;2415;2416;2417;2418;2419","A","D","pdbfiles/pdb8dm8.ent","pdbs/8dm8.A.pdb",224.55299758911133,162.55375289916992,255.33925247192383
4,"0.9",0,24,"8dma",0,"A","TYR",501,"","",False,8,10,1,"394","2430;2431;2432;2433;2434;2435;2436;2437","A","D","pdbfiles/pdb8dma.ent","pdbs/8dma.A.pdb",224.71587562561035,162.92762184143066,256.1244869232178
4,"0.9",0,25,"8dm8",0,"D","HIS",353,"","",True,8,8,1,"386","2412;2413;2414;2415;2416;2417;2418;2419","A","D","pdbfiles/pdb8dm8.ent","pdbs/8dm8.A.pdb",221.85499572753906,164.21600341796875,256.9859924316406
4,"0.9",0,26,"7wa1",0,"B","TYR",505,"","",True,6,12,1,"271","2312;2313;2314;2315;2316;2317","A","B","pdbfiles/pdb7wa1.ent","pdbs/7wa1.A.pdb",116.62333424886067,124.06499989827473,94.26466878255208
4,"0.9",0,27,"7xoc",0,"A","PHE",456,"","",True,6,12,1,"353","2398;2399;2400;2401;2402;2403","D","A","pdbfiles/pdb7xoc.ent","pdbs/7xoc.D.pdb",211.60466512044272,181.43900044759116,260.5006612141927
4,"0.9",0,28,"7e3j",0,"B","PHE",456,"","",True,6,8,1,"43","2228;2229;2230;2231;2232;2233","A","B","pdbfiles/pdb7e3j.ent","pdbs/7e3j.A.pdb",-101.27149963378906,41.42700004577637,-19.118499755859375
4,"0.9",0,29,"7ekh",0,"B","PHE",456,"","",True,6,8,1,"133","2264;2265;2266;2267;2268;2269","A","B","pdbfiles/pdb7ekh.ent","pdbs/7ekh.A.pdb",-34.195499420166016,37.72999954223633,4.416999816894531
4,"0.9",0,30,"7fc5",0,"E","PHE",456,"","",False,6,8,1,"147","2274;2275;2276;2277;2278;2279","E","A","pdbfiles/pdb7fc5.ent","pdbs/7fc5.E.pdb",5.480999946594238,-28.533499717712402,-40.03499984741211
4,"0.9",0,31,"7lo4",0,"B","PHE",456,"","",True,6,8,1,"155","2280;2281;2282;2283;2284;2285","A","B","pdbfiles/pdb7lo4.ent","pdbs/7lo4.A.pdb",10.026999950408936,10.77750015258789,-62.68599891662598
4,"0.9",0,32,"7w9i",0,"E","PHE",456,"","",True,6,8,1,"250","2306;2307;2308;2309;2310;2311","A","E","pdbfiles/pdb7w9i.ent","pdbs/7w9i.A.pdb",220.47832997639975,167.07067108154297,272.78217061360675
4,"0.9",0,33,"8dma",0,"A","PHE",456,"","",False,6,8,1,"390","2420;2421;2422;2423;2424;2425","A","D","pdbfiles/pdb8dma.ent","pdbs/8dma.A.pdb",225.76950073242188,182.114501953125,260.4709930419922
4,"0.9",0,34,"8dma",0,"D","TYR",41,"","",True,6,8,1,"394","2431;2432;2433;2434;2435;2436","A","D","pdbfiles/pdb8dma.ent","pdbs/8dma.A.pdb",225.83999633789062,161.1915054321289,259.1439971923828
4,"0.9",0,35,"7dhx",0,"B","ALA",475,"","",True,6,6,1,"33","2212;2215;2218;2219;2220;2221","A","B","pdbfiles/pdb7dhx.ent","pdbs/7dhx.A.pdb",23.33099937438965,32.65999984741211,66.18499755859375
4,"0.9",0,36,"7dhx",0,"B","TYR",489,"","",True,6,6,1,"33","2213;2215;2216;2217;2219;2223","A","B","pdbfiles/pdb7dhx.ent","pdbs/7dhx.A.pdb",21.26300048828125,29.819000244140625,65.76100158691406
4,"0.9",0,37,"7e3j",0,"A","THR",27,"","",False,6,6,1,"43","2228;2229;2230;2231;2232;2233","A","B","pdbfiles/pdb7e3j.ent","pdbs/7e3j.A.pdb",-100.30000305175781,44.689998626708984,-18.329999923706055
4,"0.9",0,38,"7ekh",0,"A","THR",27,"","",False,6,6,1,"133","2264;2265;2266;2267;2268;2269","A","B","pdbfiles/pdb7ekh.ent","pdbs/7ekh.A.pdb",-33.6609992980957,40.875999450683594,2.875999927520752
4,"0.9",0,39,"7fc5",0,"A","THR",27,"","",True,6,6,1,"147","2274;2275;2276;2277;2278;2279","E","A","pdbfiles/pdb7fc5.ent","pdbs/7fc5.E.pdb",2.3369998931884766,-28.211000442504883,-41.551998138427734
4,"0.9",0,40,"7lo4",0,"A","THR",27,"","",False,6,6,1,"155","2280;2281;2282;2283;2284;2285","A","B","pdbfiles/pdb7lo4.ent","pdbs/7lo4.A.pdb",13.109000205993652,12.442000389099121,-62.52199935913086
4,"0.9",0,41,"7wa1",0,"A","LYS",353,"","",False,6,6,1,"271","2312;2313;2314;2315;2316;2317","A","B","pdbfiles/pdb7wa1.ent","pdbs/7wa1.A.pdb",114.81300354003906,122.85700225830078,97.0459976196289
4,"0.9",0,42,"7wpb",0,"D","THR",27,"","",True,6,6,1,"297","2332;2333;2334;2335;2336;2337","A","D","pdbfiles/pdb7wpb.ent","pdbs/7wpb.A.pdb",212.6929931640625,185.3350067138672,261.4419860839844
4,"0.9",0,43,"7wsh",0,"A","THR",27,"","",False,6,6,1,"324","2338;2339;2340;2341;2342;2343","A","B","pdbfiles/pdb7wsh.ent","pdbs/7wsh.A.pdb",128.4290008544922,137.1020050048828,146.54800415039062
4,"0.9",0,44,"7xoc",0,"D","THR",27,"","",False,6,6,1,"353","2398;2399;2400;2401;2402;2403","D","A","pdbfiles/pdb7xoc.ent","pdbs/7xoc.D.pdb",213.1020050048828,184.3070068359375,261.97900390625
4,"0.9",0,45,"8dma",0,"D","ASN",31,"","",True,6,6,1,"390","2420;2421;2422;2423;2424;2425","A","D","pdbfiles/pdb8dma.ent","pdbs/8dma.A.pdb",226.2949981689453,180.1280059814453,263.49798583984375
4,"0.9",0,46,"8dma",0,"D","HIS",353,"","",True,6,6,1,"394","2430;2432;2434;2435;2436;2437","A","D","pdbfiles/pdb8dma.ent","pdbs/8dma.A.pdb",221.53900146484375,164.46099853515625,257.31298828125
4,"0.9",0,47,"7dhx",0,"A","LYS",353,"","",False,4,6,1,"40","2224;2225;2226;2227","A","B","pdbfiles/pdb7dhx.ent","pdbs/7dhx.A.pdb",24.833000659942627,9.643000364303589,57.35775089263916
4,"0.9",0,48,"7dhx",0,"B","TYR",505,"","",True,4,6,1,"40","2224;2225;2226;2227","A","B","pdbfiles/pdb7dhx.ent","pdbs/7dhx.A.pdb",28.277000427246094,10.4830002784729,58.05699920654297
4,"0.9",0,49,"7ekc",0,"A","MET",82,"","",False,4,6,1,"94","2234;2235;2236;2237","A","B","pdbfiles/pdb7ekc.ent","pdbs/7ekc.A.pdb",-37.48975086212158,45.24875068664551,-9.468499898910522
4,"0.9",0,50,"7ekc",0,"B","PHE",486,"","",True,4,6,1,"94","2234;2235;2236;2237","A","B","pdbfiles/pdb7ekc.ent","pdbs/7ekc.A.pdb",-37.87225151062012,44.92199897766113,-6.141749858856201
4,"0.9",0,51,"7ekf",0,"B","TYR",501,"","",True,4,6,1,"116","2242;2243;2244;2245","A","B","pdbfiles/pdb7ekf.ent","pdbs/7ekf.A.pdb",-36.604498863220215,17.359500885009766,2.1205000281333923
4,"0.9",0,52,"7ekh",0,"A","LYS",353,"","",False,4,6,1,"142","2270;2271;2272;2273","A","B","pdbfiles/pdb7ekh.ent","pdbs/7ekh.A.pdb",-32.9317512512207,19.620500087738037,1.4842500388622284
4,"0.9",0,53,"7ekh",0,"B","TYR",505,"","",True,4,6,1,"142","2270;2271;2272;2273","A","B","pdbfiles/pdb7ekh.ent","pdbs/7ekh.A.pdb",-30.898499965667725,21.25599956512451,4.038500070571899
4,"0.9",0,54,"7sy6",0,"B","PHE",486,"","",False,4,6,1,"212","2298;2299;2300;2301","B","E","pdbfiles/pdb7sy6.ent","pdbs/7sy6.B.pdb",229.89950561523438,188.8052520751953,267.06800842285156
4,"0.9",0,55,"7v84",0,"A","PHE",486,"","",False,4,6,1,"228","2302;2303;2304;2305","A","F","pdbfiles/pdb7v84.ent","pdbs/7v84.A.pdb",181.0512466430664,202.66625213623047,172.20450592041016
4,"0.9",0,56,"7v84",0,"F","MET",82,"","",True,4,6,1,"228","2302;2303;2304;2305","A","F","pdbfiles/pdb7v84.ent","pdbs/7v84.A.pdb",182.53049850463867,203.15350341796875,169.09600067138672
4,"0.9",0,57,"7xoc",0,"A","PHE",486,"","",True,4,6,1,"361","2404;2405;2406;2407","D","A","pdbfiles/pdb7xoc.ent","pdbs/7xoc.D.pdb",217.4422492980957,184.92599868774414,271.4382553100586
4,"0.9",0,58,"7xoc",0,"D","PHE",83,"","",False,4,6,1,"361","2404;2405;2406;2407","D","A","pdbfiles/pdb7xoc.ent","pdbs/7xoc.D.pdb",215.01499557495117,187.3312530517578,270.7512512207031
4,"0.9",0,59,"8dm8",0,"A","PHE",486,"","",False,4,6,1,"383","2408;2409;2410;2411","A","D","pdbfiles/pdb8dm8.ent","pdbs/8dm8.A.pdb",227.1264991760254,185.19275283813477,271.3264923095703
4,"0.9",0,60,"8dm8",0,"D","PHE",83,"","",True,4,6,1,"383","2408;2409;2410;2411","A","D","pdbfiles/pdb8dm8.ent","pdbs/8dm8.A.pdb",223.51300048828125,184.83274459838867,271.0959930419922
4,"0.9",0,61,"8dma",0,"A","PHE",486,"","",False,4,6,1,"391","2426;2427;2428;2429","A","D","pdbfiles/pdb8dma.ent","pdbs/8dma.A.pdb",226.50749588012695,185.4727554321289,271.35125732421875
4,"0.9",0,62,"8dma",0,"D","PHE",83,"","",True,4,6,1,"391","2426;2427;2428;2429","A","D","pdbfiles/pdb8dma.ent","pdbs/8dma.A.pdb",223.02774810791016,184.82125091552734,271.31925201416016
4,"0.9",0,63,"7e3j",0,"B","TYR",489,"","",True,4,4,1,"43","2228;2229;2231;2232","A","B","pdbfiles/pdb7e3j.ent","pdbs/7e3j.A.pdb",-100.48899841308594,46.29199981689453,-21.479000091552734
4,"0.9",0,64,"7eke",0,"A","THR",27,"","",False,4,4,1,"98","2238;2239;2240;2241","A","B","pdbfiles/pdb7eke.ent","pdbs/7eke.A.pdb",-34.180999755859375,40.84600067138672,2.6029999256134033
4,"0.9",0,65,"7eke",0,"B","PHE",456,"","",True,4,4,1,"98","2238;2239;2240;2241","A","B","pdbfiles/pdb7eke.ent","pdbs/7eke.A.pdb",-34.32099914550781,37.73899841308594,4.327000141143799
4,"0.9",0,66,"7ekf",0,"A","LYS",353,"","",False,4,4,1,"116","2242;2243;2244;2245","A","B","pdbfiles/pdb7ekf.ent","pdbs/7ekf.A.pdb",-33.66999816894531,19.01300048828125,0.6449999809265137
4,"0.9",0,67,"7ekh",0,"B","TYR",489,"","",True,4,4,1,"133","2265;2267;2268;2269","A","B","pdbfiles/pdb7ekh.ent","pdbs/7ekh.A.pdb",-36.92399978637695,41.27199935913086,1.4759999513626099
4,"0.9",0,68,"7fc5",0,"E","TYR",489,"","",False,4,4,1,"147","2274;2275;2276;2278","E","A","pdbfiles/pdb7fc5.ent","pdbs/7fc5.E.pdb",0.5049999952316284,-26.062000274658203,-39.5359992980957
4,"0.9",0,69,"7lo4",0,"B","TYR",489,"","",True,4,4,1,"155","2280;2282;2284;2285","A","B","pdbfiles/pdb7lo4.ent","pdbs/7lo4.A.pdb",15.130000114440918,9.932000160217285,-60.875999450683594
4,"0.9",0,70,"7sy6",0,"E","MET",82,"","",True,4,4,1,"212","2298;2299;2300;2301","B","E","pdbfiles/pdb7sy6.ent","pdbs/7sy6.B.pdb",229.14199829101562,188.0540008544922,270.4939880371094
4,"0.9",0,71,"7w9i",0,"A","THR",27,"","",False,4,4,1,"250","2307;2309;2310;2311","A","E","pdbfiles/pdb7w9i.ent","pdbs/7w9i.A.pdb",221.60000610351562,169.7519989013672,275.2449951171875
4,"0.9",0,72,"7w9i",0,"A","ASP",30,"","",False,4,4,1,"250","2306;2308;2309;2310","A","E","pdbfiles/pdb7w9i.ent","pdbs/7w9i.A.pdb",217.23199462890625,165.906005859375,273.8500061035156
4,"0.9",0,73,"7wpb",0,"A","PHE",453,"","",False,4,4,1,"297","2332;2334;2336;2337","A","D","pdbfiles/pdb7wpb.ent","pdbs/7wpb.A.pdb",211.05499267578125,182.59800720214844,259.8320007324219
4,"0.9",0,74,"7wpb",0,"A","TYR",470,"","",False,4,4,1,"297","2332;2333;2335;2336","A","D","pdbfiles/pdb7wpb.ent","pdbs/7wpb.A.pdb",215.4459991455078,184.8990020751953,259.010986328125
4,"0.9",0,75,"7wpb",0,"A","TYR",486,"","",False,4,4,1,"297","2333;2334;2335;2337","A","D","pdbfiles/pdb7wpb.ent","pdbs/7wpb.A.pdb",214.03399658203125,182.91200256347656,263.6969909667969
4,"0.9",0,76,"8dma",0,"A","TYR",489,"","",False,4,4,1,"390","2420;2421;2423;2424","A","D","pdbfiles/pdb8dma.ent","pdbs/8dma.A.pdb",228.86900329589844,182.74400329589844,264.3810119628906
4,"0.9",0,77,"7eke",0,"A","ASP",30,"","",False,2,2,1,"98","2239;2240","A","B","pdbfiles/pdb7eke.ent","pdbs/7eke.A.pdb",-32.04499816894531,36.20899963378906,1.7599999904632568
4,"0.9",0,78,"7eke",0,"B","TYR",489,"","",True,2,2,1,"98","2238;2241","A","B","pdbfiles/pdb7eke.ent","pdbs/7eke.A.pdb",-37.58300018310547,40.84000015258789,1.2400000095367432
4,"0.9",0,79,"7ekf",0,"A","TYR",41,"","",False,2,2,1,"116","2242;2244","A","B","pdbfiles/pdb7ekf.ent","pdbs/7ekf.A.pdb",-38.0099983215332,15.888999938964844,-1.1440000534057617
4,"0.9",0,80,"7sy6",0,"E","TYR",83,"","",True,2,2,1,"212","2298;2301","B","E","pdbfiles/pdb7sy6.ent","pdbs/7sy6.B.pdb",226.5070037841797,188.81100463867188,265.5539855957031
4,"0.9",0,81,"7w9i",0,"E","TYR",489,"","",True,2,2,1,"250","2307;2311","A","E","pdbfiles/pdb7w9i.ent","pdbs/7w9i.A.pdb",223.9759979248047,167.76100158691406,277.14599609375
4,"0.9",0,82,"8dm8",0,"D","TYR",41,"","",True,2,2,1,"386","2414;2418","A","D","pdbfiles/pdb8dm8.ent","pdbs/8dm8.A.pdb",226.0590057373047,160.54100036621094,258.6080017089844
4,"1.0",0,1,"7xo6",0,"D","THR",27,"","",False,20,20,1,"335","2592;2593;2594;2595;2596;2597;2598;2599;2600;2601;2602;2603;2604;2605;2606;2607;2608;2609;2610;2611","D","A","pdbfiles/pdb7xo6.ent","pdbs/7xo6.D.pdb",213.10899353027344,184.49000549316406,262.24700927734375
4,"1.0",0,2,"7xo6",0,"A","PHE",456,"","",True,18,24,1,"335","2592;2593;2594;2595;2596;2597;2599;2600;2601;2602;2603;2604;2605;2606;2608;2609;2610;2611","D","A","pdbfiles/pdb7xo6.ent","pdbs/7xo6.D.pdb",211.4290008544922,182.49300130208334,260.17332967122394
4,"1.0",0,3,"7ekg",0,"B","TYR",501,"","",True,18,22,1,"124","2472;2473;2474;2475;2476;2477;2478;2479;2480;2481;2482;2483;2484;2485;2486;2487;2488;2489","A","B","pdbfiles/pdb7ekg.ent","pdbs/7ekg.A.pdb",-36.96255577935113,17.618778016832138,2.008444454934862
4,"1.0",0,4,"7ekg",0,"A","TYR",41,"","",False,14,16,1,"124","2472;2473;2474;2476;2477;2479;2480;2482;2483;2484;2485;2487;2488;2489","A","B","pdbfiles/pdb7ekg.ent","pdbs/7ekg.A.pdb",-37.021857670375276,16.54307120186942,-1.367142881665911
4,"1.0",0,5,"7ekg",0,"A","LYS",353,"","",False,14,16,1,"124","2472;2474;2475;2476;2477;2478;2479;2480;2481;2482;2485;2486;2487;2489","A","B","pdbfiles/pdb7ekg.ent","pdbs/7ekg.A.pdb",-34.32335662841797,19.60114370073591,0.4553571439215115
4,"1.0",0,6,"7wnm",0,"A","TYR",501,"","",True,14,16,1,"278","2544;2545;2546;2547;2548;2549;2550;2551;2552;2553;2554;2555;2556;2557","B","A","pdbfiles/pdb7wnm.ent","pdbs/7wnm.B.pdb",-45.098141533987864,22.30285780770438,19.661356653485978
4,"1.0",0,7,"7xo6",0,"A","TYR",489,"","",True,14,16,1,"335","2594;2595;2596;2597;2598;2599;2601;2603;2604;2605;2606;2607;2609;2611","D","A","pdbfiles/pdb7xo6.ent","pdbs/7xo6.D.pdb",215.2115020751953,182.40650177001953,264.3680114746094
4,"1.0",0,8,"7wsh",0,"B","TYR",505,"","",True,12,20,1,"332","2580;2581;2582;2583;2584;2585;2586;2587;2588;2589;2590;2591","A","B","pdbfiles/pdb7wsh.ent","pdbs/7wsh.A.pdb",116.74941571553548,120.25266774495442,143.4296671549479
4,"1.0",0,9,"7wsh",0,"A","LYS",353,"","",False,12,16,1,"332","2580;2581;2582;2583;2584;2585;2586;2587;2588;2589;2590;2591","A","B","pdbfiles/pdb7wsh.ent","pdbs/7wsh.A.pdb",114.54100036621094,121.86466979980469,141.2786610921224
4,"1.0",0,10,"7wnm",0,"B","LYS",353,"","",False,12,14,1,"278","2545;2546;2547;2549;2550;2551;2552;2553;2554;2555;2556;2557","B","A","pdbfiles/pdb7wnm.ent","pdbs/7wnm.B.pdb",-42.96083291371664,25.03783305486043,18.469000657399494
4,"1.0",0,11,"7wsh",0,"B","PHE",456,"","",True,12,14,2,"324;326","2564;2565;2566;2568;2570;2571;2572;2574;2575;2576;2577;2579","A","B","pdbfiles/pdb7wsh.ent","pdbs/7wsh.A.pdb",124.97225125630696,135.1849161783854,147.5151621500651
4,"1.0",0,12,"7wsh",0,"B","TYR",489,"","",True,12,14,2,"324;326","2564;2565;2566;2567;2568;2569;2571;2573;2575;2577;2578;2579","A","B","pdbfiles/pdb7wsh.ent","pdbs/7wsh.A.pdb",124.8745002746582,139.70549774169922,145.83924865722656
4,"1.0",0,13,"7dhx",0,"A","THR",27,"","",False,12,12,1,"33","2438;2439;2440;2441;2442;2443;2444;2445;2446;2447;2448;2449","A","B","pdbfiles/pdb7dhx.ent","pdbs/7dhx.A.pdb",24.576000213623047,29.656999588012695,64.39099884033203
4,"1.0",0,14,"7pki",0,"A","THR",27,"","",False,12,12,1,"168","2512;2513;2514;2515;2516;2517;2518;2519;2520;2521;2522;2523","A","E","pdbfiles/pdb7pki.ent","pdbs/7pki.A.pdb",54.777000427246094,111.60900115966797,5.296000003814697
4,"1.0",0,15,"7xo9",0,"D","THR",27,"","",True,12,12,1,"343","2612;2613;2614;2615;2616;2617;2618;2619;2620;2621;2622;2623","A","D","pdbfiles/pdb7xo9.ent","pdbs/7xo9.A.pdb",213.13499450683594,183.0850067138672,261.9779968261719
4,"1.0",0,16,"7wsh",0,"A","LYS",31,"","",False,10,14,1,"326","2570;2571;2572;2573;2574;2575;2576;2577;2578;2579","A","B","pdbfiles/pdb7wsh.ent","pdbs/7wsh.A.pdb",122.88140335083008,136.30280303955078,144.34959564208984
4,"1.0",0,17,"7dhx",0,"B","PHE",456,"","",True,10,12,1,"33","2438;2439;2440;2442;2443;2444;2446;2447;2448;2449","A","B","pdbfiles/pdb7dhx.ent","pdbs/7dhx.A.pdb",25.4060001373291,26.248000144958496,64.98099899291992
4,"1.0",0,18,"7pki",0,"E","PHE",452,"","",True,10,12,1,"168","2512;2514;2515;2516;2517;2518;2519;2520;2521;2523","A","E","pdbfiles/pdb7pki.ent","pdbs/7pki.A.pdb",57.303998947143555,114.03099822998047,5.552000045776367
4,"1.0",0,19,"7pki",0,"E","TYR",485,"","",True,10,12,1,"168","2512;2513;2514;2516;2517;2518;2519;2521;2522;2523","A","E","pdbfiles/pdb7pki.ent","pdbs/7pki.A.pdb",54.48900032043457,111.05950164794922,8.776999950408936
4,"1.0",0,20,"7wnm",0,"B","TYR",41,"","",False,10,12,1,"278","2544;2545;2546;2547;2548;2549;2550;2551;2555;2557","B","A","pdbfiles/pdb7wnm.ent","pdbs/7wnm.B.pdb",-46.24399948120117,21.2185001373291,16.38350009918213
4,"1.0",0,21,"7xo9",0,"A","PHE",456,"","",False,10,12,1,"343","2613;2614;2616;2617;2618;2619;2620;2621;2622;2623","A","D","pdbfiles/pdb7xo9.ent","pdbs/7xo9.A.pdb",211.60449981689453,181.28599548339844,259.5954895019531
4,"1.0",0,22,"7xo9",0,"A","TYR",489,"","",False,10,12,1,"343","2612;2613;2614;2615;2616;2617;2618;2619;2621;2622","A","D","pdbfiles/pdb7xo9.ent","pdbs/7xo9.A.pdb",215.12149810791016,181.04949951171875,263.8419952392578
4,"1.0",0,23,"8dm8",0,"A","TYR",501,"","",False,8,14,1,"386","2638;2639;2640;2641;2642;2643;2644;2645","A","D","pdbfiles/pdb8dm8.ent","pdbs/8dm8.A.pdb",224.55299758911133,162.55375289916992,255.33925247192383
4,"1.0",0,24,"8dma",0,"A","TYR",501,"","",False,8,10,1,"394","2656;2657;2658;2659;2660;2661;2662;2663","A","D","pdbfiles/pdb8dma.ent","pdbs/8dma.A.pdb",224.71587562561035,162.92762184143066,256.1244869232178
4,"1.0",0,25,"8dm8",0,"D","HIS",353,"","",True,8,8,1,"386","2638;2639;2640;2641;2642;2643;2644;2645","A","D","pdbfiles/pdb8dm8.ent","pdbs/8dm8.A.pdb",221.85499572753906,164.21600341796875,256.9859924316406
4,"1.0",0,26,"7wa1",0,"B","TYR",505,"","",True,6,12,1,"271","2538;2539;2540;2541;2542;2543","A","B","pdbfiles/pdb7wa1.ent","pdbs/7wa1.A.pdb",116.62333424886067,124.06499989827473,94.26466878255208
4,"1.0",0,27,"7xoc",0,"A","PHE",456,"","",True,6,12,1,"353","2624;2625;2626;2627;2628;2629","D","A","pdbfiles/pdb7xoc.ent","pdbs/7xoc.D.pdb",211.60466512044272,181.43900044759116,260.5006612141927
4,"1.0",0,28,"7e3j",0,"B","PHE",456,"","",True,6,8,1,"43","2454;2455;2456;2457;2458;2459","A","B","pdbfiles/pdb7e3j.ent","pdbs/7e3j.A.pdb",-101.27149963378906,41.42700004577637,-19.118499755859375
4,"1.0",0,29,"7ekh",0,"B","PHE",456,"","",True,6,8,1,"133","2490;2491;2492;2493;2494;2495","A","B","pdbfiles/pdb7ekh.ent","pdbs/7ekh.A.pdb",-34.195499420166016,37.72999954223633,4.416999816894531
4,"1.0",0,30,"7fc5",0,"E","PHE",456,"","",False,6,8,1,"147","2500;2501;2502;2503;2504;2505","E","A","pdbfiles/pdb7fc5.ent","pdbs/7fc5.E.pdb",5.480999946594238,-28.533499717712402,-40.03499984741211
4,"1.0",0,31,"7lo4",0,"B","PHE",456,"","",True,6,8,1,"155","2506;2507;2508;2509;2510;2511","A","B","pdbfiles/pdb7lo4.ent","pdbs/7lo4.A.pdb",10.026999950408936,10.77750015258789,-62.68599891662598
4,"1.0",0,32,"7w9i",0,"E","PHE",456,"","",True,6,8,1,"250","2532;2533;2534;2535;2536;2537","A","E","pdbfiles/pdb7w9i.ent","pdbs/7w9i.A.pdb",220.47832997639975,167.07067108154297,272.78217061360675
4,"1.0",0,33,"8dma",0,"A","PHE",456,"","",False,6,8,1,"390","2646;2647;2648;2649;2650;2651","A","D","pdbfiles/pdb8dma.ent","pdbs/8dma.A.pdb",225.76950073242188,182.114501953125,260.4709930419922
4,"1.0",0,34,"8dma",0,"D","TYR",41,"","",True,6,8,1,"394","2657;2658;2659;2660;2661;2662","A","D","pdbfiles/pdb8dma.ent","pdbs/8dma.A.pdb",225.83999633789062,161.1915054321289,259.1439971923828
4,"1.0",0,35,"7dhx",0,"B","ALA",475,"","",True,6,6,1,"33","2438;2441;2444;2445;2446;2447","A","B","pdbfiles/pdb7dhx.ent","pdbs/7dhx.A.pdb",23.33099937438965,32.65999984741211,66.18499755859375
4,"1.0",0,36,"7dhx",0,"B","TYR",489,"","",True,6,6,1,"33","2439;2441;2442;2443;2445;2449","A","B","pdbfiles/pdb7dhx.ent","pdbs/7dhx.A.pdb",21.26300048828125,29.819000244140625,65.76100158691406
4,"1.0",0,37,"7e3j",0,"A","THR",27,"","",False,6,6,1,"43","2454;2455;2456;2457;2458;2459","A","B","pdbfiles/pdb7e3j.ent","pdbs/7e3j.A.pdb",-100.30000305175781,44.689998626708984,-18.329999923706055
4,"1.0",0,38,"7ekh",0,"A","THR",27,"","",False,6,6,1,"133","2490;2491;2492;2493;2494;2495","A","B","pdbfiles/pdb7ekh.ent","pdbs/7ekh.A.pdb",-33.6609992980957,40.875999450683594,2.875999927520752
4,"1.0",0,39,"7fc5",0,"A","THR",27,"","",True,6,6,1,"147","2500;2501;2502;2503;2504;2505","E","A","pdbfiles/pdb7fc5.ent","pdbs/7fc5.E.pdb",2.3369998931884766,-28.211000442504883,-41.551998138427734
4,"1.0",0,40,"7lo4",0,"A","THR",27,"","",False,6,6,1,"155","2506;2507;2508;2509;2510;2511","A","B","pdbfiles/pdb7lo4.ent","pdbs/7lo4.A.pdb",13.109000205993652,12.442000389099121,-62.52199935913086
4,"1.0",0,41,"7wa1",0,"A","LYS",353,"","",False,6,6,1,"271","2538;2539;2540;2541;2542;2543","A","B","pdbfiles/pdb7wa1.ent","pdbs/7wa1.A.pdb",114.81300354003906,122.85700225830078,97.0459976196289
4,"1.0",0,42,"7wpb",0,"D","THR",27,"","",True,6,6,1,"297","2558;2559;2560;2561;2562;2563","A","D","pdbfiles/pdb7wpb.ent","pdbs/7wpb.A.pdb",212.6929931640625,185.3350067138672,261.4419860839844
4,"1.0",0,43,"7wsh",0,"A","THR",27,"","",False,6,6,1,"324","2564;2565;2566;2567;2568;2569","A","B","pdbfiles/pdb7wsh.ent","pdbs/7wsh.A.pdb",128.4290008544922,137.1020050048828,146.54800415039062
4,"1.0",0,44,"7xoc",0,"D","THR",27,"","",False,6,6,1,"353","2624;2625;2626;2627;2628;2629","D","A","pdbfiles/pdb7xoc.ent","pdbs/7xoc.D.pdb",213.1020050048828,184.3070068359375,261.97900390625
4,"1.0",0,45,"8dma",0,"D","ASN",31,"","",True,6,6,1,"390","2646;2647;2648;2649;2650;2651","A","D","pdbfiles/pdb8dma.ent","pdbs/8dma.A.pdb",226.2949981689453,180.1280059814453,263.49798583984375
4,"1.0",0,46,"8dma",0,"D","HIS",353,"","",True,6,6,1,"394","2656;2658;2660;2661;2662;2663","A","D","pdbfiles/pdb8dma.ent","pdbs/8dma.A.pdb",221.53900146484375,164.46099853515625,257.31298828125
4,"1.0",0,47,"7dhx",0,"A","LYS",353,"","",False,4,6,1,"40","2450;2451;2452;2453","A","B","pdbfiles/pdb7dhx.ent","pdbs/7dhx.A.pdb",24.833000659942627,9.643000364303589,57.35775089263916
4,"1.0",0,48,"7dhx",0,"B","TYR",505,"","",True,4,6,1,"40","2450;2451;2452;2453","A","B","pdbfiles/pdb7dhx.ent","pdbs/7dhx.A.pdb",28.277000427246094,10.4830002784729,58.05699920654297
4,"1.0",0,49,"7ekc",0,"A","MET",82,"","",False,4,6,1,"94","2460;2461;2462;2463","A","B","pdbfiles/pdb7ekc.ent","pdbs/7ekc.A.pdb",-37.48975086212158,45.24875068664551,-9.468499898910522
4,"1.0",0,50,"7ekc",0,"B","PHE",486,"","",True,4,6,1,"94","2460;2461;2462;2463","A","B","pdbfiles/pdb7ekc.ent","pdbs/7ekc.A.pdb",-37.87225151062012,44.92199897766113,-6.141749858856201
4,"1.0",0,51,"7ekf",0,"B","TYR",501,"","",True,4,6,1,"116","2468;2469;2470;2471","A","B","pdbfiles/pdb7ekf.ent","pdbs/7ekf.A.pdb",-36.604498863220215,17.359500885009766,2.1205000281333923
4,"1.0",0,52,"7ekh",0,"A","LYS",353,"","",False,4,6,1,"142","2496;2497;2498;2499","A","B","pdbfiles/pdb7ekh.ent","pdbs/7ekh.A.pdb",-32.9317512512207,19.620500087738037,1.4842500388622284
4,"1.0",0,53,"7ekh",0,"B","TYR",505,"","",True,4,6,1,"142","2496;2497;2498;2499","A","B","pdbfiles/pdb7ekh.ent","pdbs/7ekh.A.pdb",-30.898499965667725,21.25599956512451,4.038500070571899
4,"1.0",0,54,"7sy6",0,"B","PHE",486,"","",False,4,6,1,"212","2524;2525;2526;2527","B","E","pdbfiles/pdb7sy6.ent","pdbs/7sy6.B.pdb",229.89950561523438,188.8052520751953,267.06800842285156
4,"1.0",0,55,"7v84",0,"A","PHE",486,"","",False,4,6,1,"228","2528;2529;2530;2531","A","F","pdbfiles/pdb7v84.ent","pdbs/7v84.A.pdb",181.0512466430664,202.66625213623047,172.20450592041016
4,"1.0",0,56,"7v84",0,"F","MET",82,"","",True,4,6,1,"228","2528;2529;2530;2531","A","F","pdbfiles/pdb7v84.ent","pdbs/7v84.A.pdb",182.53049850463867,203.15350341796875,169.09600067138672
4,"1.0",0,57,"7xoc",0,"A","PHE",486,"","",True,4,6,1,"361","2630;2631;2632;2633","D","A","pdbfiles/pdb7xoc.ent","pdbs/7xoc.D.pdb",217.4422492980957,184.92599868774414,271.4382553100586
4,"1.0",0,58,"7xoc",0,"D","PHE",83,"","",False,4,6,1,"361","2630;2631;2632;2633","D","A","pdbfiles/pdb7xoc.ent","pdbs/7xoc.D.pdb",215.01499557495117,187.3312530517578,270.7512512207031
4,"1.0",0,59,"8dm8",0,"A","PHE",486,"","",False,4,6,1,"383","2634;2635;2636;2637","A","D","pdbfiles/pdb8dm8.ent","pdbs/8dm8.A.pdb",227.1264991760254,185.19275283813477,271.3264923095703
4,"1.0",0,60,"8dm8",0,"D","PHE",83,"","",True,4,6,1,"383","2634;2635;2636;2637","A","D","pdbfiles/pdb8dm8.ent","pdbs/8dm8.A.pdb",223.51300048828125,184.83274459838867,271.0959930419922
4,"1.0",0,61,"8dma",0,"A","PHE",486,"","",False,4,6,1,"391","2652;2653;2654;2655","A","D","pdbfiles/pdb8dma.ent","pdbs/8dma.A.pdb",226.50749588012695,185.4727554321289,271.35125732421875
4,"1.0",0,62,"8dma",0,"D","PHE",83,"","",True,4,6,1,"391","2652;2653;2654;2655","A","D","pdbfiles/pdb8dma.ent","pdbs/8dma.A.pdb",223.02774810791016,184.82125091552734,271.31925201416016
4,"1.0",0,63,"7e3j",0,"B","TYR",489,"","",True,4,4,1,"43","2454;2455;2457;2458","A","B","pdbfiles/pdb7e3j.ent","pdbs/7e3j.A.pdb",-100.48899841308594,46.29199981689453,-21.479000091552734
4,"1.0",0,64,"7eke",0,"A","THR",27,"","",False,4,4,1,"98","2464;2465;2466;2467","A","B","pdbfiles/pdb7eke.ent","pdbs/7eke.A.pdb",-34.180999755859375,40.84600067138672,2.6029999256134033
4,"1.0",0,65,"7eke",0,"B","PHE",456,"","",True,4,4,1,"98","2464;2465;2466;2467","A","B","pdbfiles/pdb7eke.ent","pdbs/7eke.A.pdb",-34.32099914550781,37.73899841308594,4.327000141143799
4,"1.0",0,66,"7ekf",0,"A","LYS",353,"","",False,4,4,1,"116","2468;2469;2470;2471","A","B","pdbfiles/pdb7ekf.ent","pdbs/7ekf.A.pdb",-33.66999816894531,19.01300048828125,0.6449999809265137
4,"1.0",0,67,"7ekh",0,"B","TYR",489,"","",True,4,4,1,"133","2491;2493;2494;2495","A","B","pdbfiles/pdb7ekh.ent","pdbs/7ekh.A.pdb",-36.92399978637695,41.27199935913086,1.4759999513626099
4,"1.0",0,68,"7fc5",0,"E","TYR",489,"","",False,4,4,1,"147","2500;2501;2502;2504","E","A","pdbfiles/pdb7fc5.ent","pdbs/7fc5.E.pdb",0.5049999952316284,-26.062000274658203,-39.5359992980957
4,"1.0",0,69,"7lo4",0,"B","TYR",489,"","",True,4,4,1,"155","2506;2508;2510;2511","A","B","pdbfiles/pdb7lo4.ent","pdbs/7lo4.A.pdb",15.130000114440918,9.932000160217285,-60.875999450683594
4,"1.0",0,70,"7sy6",0,"E","MET",82,"","",True,4,4,1,"212","2524;2525;2526;2527","B","E","pdbfiles/pdb7sy6.ent","pdbs/7sy6.B.pdb",229.14199829101562,188.0540008544922,270.4939880371094
4,"1.0",0,71,"7w9i",0,"A","THR",27,"","",False,4,4,1,"250","2533;2535;2536;2537","A","E","pdbfiles/pdb7w9i.ent","pdbs/7w9i.A.pdb",221.60000610351562,169.7519989013672,275.2449951171875
4,"1.0",0,72,"7w9i",0,"A","ASP",30,"","",False,4,4,1,"250","2532;2534;2535;2536","A","E","pdbfiles/pdb7w9i.ent","pdbs/7w9i.A.pdb",217.23199462890625,165.906005859375,273.8500061035156
4,"1.0",0,73,"7wpb",0,"A","PHE",453,"","",False,4,4,1,"297","2558;2560;2562;2563","A","D","pdbfiles/pdb7wpb.ent","pdbs/7wpb.A.pdb",211.05499267578125,182.59800720214844,259.8320007324219
4,"1.0",0,74,"7wpb",0,"A","TYR",470,"","",False,4,4,1,"297","2558;2559;2561;2562","A","D","pdbfiles/pdb7wpb.ent","pdbs/7wpb.A.pdb",215.4459991455078,184.8990020751953,259.010986328125
4,"1.0",0,75,"7wpb",0,"A","TYR",486,"","",False,4,4,1,"297","2559;2560;2561;2563","A","D","pdbfiles/pdb7wpb.ent","pdbs/7wpb.A.pdb",214.03399658203125,182.91200256347656,263.6969909667969
4,"1.0",0,76,"8dma",0,"A","TYR",489,"","",False,4,4,1,"390","2646;2647;2649;2650","A","D","pdbfiles/pdb8dma.ent","pdbs/8dma.A.pdb",228.86900329589844,182.74400329589844,264.3810119628906
4,"1.0",0,77,"7eke",0,"A","ASP",30,"","",False,2,2,1,"98","2465;2466","A","B","pdbfiles/pdb7eke.ent","pdbs/7eke.A.pdb",-32.04499816894531,36.20899963378906,1.7599999904632568
4,"1.0",0,78,"7eke",0,"B","TYR",489,"","",True,2,2,1,"98","2464;2467","A","B","pdbfiles/pdb7eke.ent","pdbs/7eke.A.pdb",-37.58300018310547,40.84000015258789,1.2400000095367432
4,"1.0",0,79,"7ekf",0,"A","TYR",41,"","",False,2,2,1,"116","2468;2470","A","B","pdbfiles/pdb7ekf.ent","pdbs/7ekf.A.pdb",-38.0099983215332,15.888999938964844,-1.1440000534057617
4,"1.0",0,80,"7sy6",0,"E","TYR",83,"","",True,2,2,1,"212","2524;2527","B","E","pdbfiles/pdb7sy6.ent","pdbs/7sy6.B.pdb",226.5070037841797,188.81100463867188,265.5539855957031
4,"1.0",0,81,"7w9i",0,"E","TYR",489,"","",True,2,2,1,"250","2533;2537","A","E","pdbfiles/pdb7w9i.ent","pdbs/7w9i.A.pdb",223.9759979248047,167.76100158691406,277.14599609375
4,"1.0",0,82,"8dm8",0,"D","TYR",41,"","",True,2,2,1,"386","2640;2644","A","D","pdbfiles/pdb8dm8.ent","pdbs/8dm8.A.pdb",226.0590057373047,160.54100036621094,258.6080017089844
5,"0.7",0,1,"7wa1",0,"B","PHE",456,"","",True,4,6,2,"260;262","2714;2715;2716;2717","A","B","pdbfiles/pdb7wa1.ent","pdbs/7wa1.A.pdb",125.24749946594238,110.20675086975098,88.32100105285645
5,"0.7",0,2,"6m0j",0,"E","TYR",505,"","",True,2,4,1,"24","2670;2671","A","E","pdbfiles/pdb6m0j.ent","pdbs/6m0j.A.pdb",-31.57900047302246,20.9060001373291,3.958500027656555
5,"0.7",0,3,"7e3j",0,"B","TYR",505,"","",True,2,4,1,"53","2674;2675","A","B","pdbfiles/pdb7e3j.ent","pdbs/7e3j.A.pdb",-94.96099853515625,25.42449951171875,-22.449000358581543
5,"0.7",0,4,"7efp",0,"B","TYR",489,"","",True,2,4,1,"58","2676;2677","A","B","pdbfiles/pdb7efp.ent","pdbs/7efp.A.pdb",-32.68350028991699,-31.625499725341797,-13.805999755859375
5,"0.7",0,5,"7efp",0,"B","TYR",505,"","",True,2,4,1,"68","2678;2679","A","B","pdbfiles/pdb7efp.ent","pdbs/7efp.A.pdb",-37.4789981842041,-32.44000053405762,-33.80550003051758
5,"0.7",0,6,"7efr",0,"B","PHE",486,"","",True,2,4,1,"79","2680;2681","A","B","pdbfiles/pdb7efr.ent","pdbs/7efr.A.pdb",26.392499923706055,30.327500343322754,8.24750018119812
5,"0.7",0,7,"7efr",0,"B","TYR",505,"","",True,2,4,1,"84","2682;2683","A","B","pdbfiles/pdb7efr.ent","pdbs/7efr.A.pdb",32.45549964904785,37.367000579833984,33.803001403808594
5,"0.7",0,8,"7ekc",0,"B","TYR",505,"","",True,2,4,1,"96","2684;2685","A","B","pdbfiles/pdb7ekc.ent","pdbs/7ekc.A.pdb",-30.349499702453613,21.45949935913086,3.3825000524520874
5,"0.7",0,9,"7ekg",0,"B","PHE",486,"","",True,2,4,1,"127","2688;2689","A","B","pdbfiles/pdb7ekg.ent","pdbs/7ekg.A.pdb",-39.958499908447266,45.4379997253418,-6.129500150680542
5,"0.7",0,10,"7ekg",0,"B","TYR",505,"","",True,2,4,1,"130","2690;2691","A","B","pdbfiles/pdb7ekg.ent","pdbs/7ekg.A.pdb",-31.939000129699707,21.982500076293945,3.083999991416931
5,"0.7",0,11,"7fc5",0,"A","LYS",353,"","",True,2,4,1,"153","2694;2695","E","A","pdbfiles/pdb7fc5.ent","pdbs/7fc5.E.pdb",9.789999961853027,-40.542999267578125,-26.40000057220459
5,"0.7",0,12,"7fc5",0,"E","PHE",486,"","",False,2,4,1,"150","2692;2693","E","A","pdbfiles/pdb7fc5.ent","pdbs/7fc5.E.pdb",-7.788999795913696,-25.588000297546387,-40.89499855041504
5,"0.7",0,13,"7sxy",0,"B","PHE",486,"","",False,2,4,1,"192","2696;2697","B","E","pdbfiles/pdb7sxy.ent","pdbs/7sxy.B.pdb",227.97000122070312,191.90249633789062,266.41949462890625
5,"0.7",0,14,"7sxy",0,"E","LYS",353,"","",True,2,4,1,"198","2698;2699","B","E","pdbfiles/pdb7sxy.ent","pdbs/7sxy.B.pdb",222.02249908447266,167.54199981689453,253.42949676513672
5,"0.7",0,15,"7sy0",0,"B","PHE",486,"","",False,2,4,1,"204","2700;2701","B","E","pdbfiles/pdb7sy0.ent","pdbs/7sy0.B.pdb",229.0374984741211,191.63700103759766,266.42950439453125
5,"0.7",0,16,"7sy0",0,"E","LYS",353,"","",True,2,4,1,"209","2702;2703","B","E","pdbfiles/pdb7sy0.ent","pdbs/7sy0.B.pdb",222.33550262451172,167.29600524902344,253.5510025024414
5,"0.7",0,17,"7sy6",0,"B","PHE",486,"","",False,2,4,1,"211","2704;2705","B","E","pdbfiles/pdb7sy6.ent","pdbs/7sy6.B.pdb",231.30349731445312,190.05750274658203,266.70001220703125
5,"0.7",0,18,"7wpa",0,"A","PHE",483,"","",False,2,4,1,"289","2718;2719","A","D","pdbfiles/pdb7wpa.ent","pdbs/7wpa.A.pdb",215.88600158691406,174.76549530029297,271.6914978027344
5,"0.7",0,19,"7wpb",0,"A","PHE",483,"","",False,2,4,1,"299","2720;2721","A","D","pdbfiles/pdb7wpb.ent","pdbs/7wpb.A.pdb",216.75599670410156,185.34099578857422,271.0749969482422
5,"0.7",0,20,"7wpb",0,"A","TYR",486,"","",False,2,4,1,"302","2722;2723","A","D","pdbfiles/pdb7wpb.ent","pdbs/7wpb.A.pdb",214.61600494384766,180.72249603271484,264.69349670410156
5,"0.7",0,21,"7wse",0,"B","PHE",456,"","",True,2,4,1,"309","2726;2727","A","B","pdbfiles/pdb7wse.ent","pdbs/7wse.A.pdb",102.95750045776367,100.58549880981445,140.19950103759766
5,"0.7",0,22,"6lzg",0,"A","THR",27,"","",False,2,2,1,"2","2664;2665","A","B","pdbfiles/pdb6lzg.ent","pdbs/6lzg.A.pdb",-34.37099838256836,40.8380012512207,2.553999900817871
5,"0.7",0,23,"6lzg",0,"B","PHE",456,"","",True,2,2,1,"2","2664;2665","A","B","pdbfiles/pdb6lzg.ent","pdbs/6lzg.A.pdb",-34.46900177001953,37.81999969482422,4.386000156402588
5,"0.7",0,24,"6lzg",0,"B","TYR",489,"","",True,2,2,1,"2","2664;2665","A","B","pdbfiles/pdb6lzg.ent","pdbs/6lzg.A.pdb",-37.722999572753906,40.99700164794922,1.2039999961853027
5,"0.7",0,25,"6m0j",0,"A","THR",27,"","",False,2,2,1,"14","2666;2667","A","E","pdbfiles/pdb6m0j.ent","pdbs/6m0j.A.pdb",-34.29899978637695,41.03499984741211,2.755000114440918
5,"0.7",0,26,"6m0j",0,"A","MET",82,"","",False,2,2,1,"21","2668;2669","A","E","pdbfiles/pdb6m0j.ent","pdbs/6m0j.A.pdb",-38.82699966430664,45.50699996948242,-9.295999526977539
5,"0.7",0,27,"6m0j",0,"A","TYR",83,"","",False,2,2,1,"21","2668;2669","A","E","pdbfiles/pdb6m0j.ent","pdbs/6m0j.A.pdb",-36.17499923706055,43.066001892089844,-6.019000053405762
5,"0.7",0,28,"6m0j",0,"A","LYS",353,"","",False,2,2,1,"24","2670;2671","A","E","pdbfiles/pdb6m0j.ent","pdbs/6m0j.A.pdb",-33.37300109863281,19.44499969482422,1.1640000343322754
5,"0.7",0,29,"6m0j",0,"E","PHE",456,"","",True,2,2,1,"14","2666;2667","A","E","pdbfiles/pdb6m0j.ent","pdbs/6m0j.A.pdb",-34.54600143432617,38.005001068115234,4.468999862670898
5,"0.7",0,30,"6m0j",0,"E","PHE",486,"","",True,2,2,1,"21","2668;2669","A","E","pdbfiles/pdb6m0j.ent","pdbs/6m0j.A.pdb",-39.236000061035156,45.058998107910156,-5.769000053405762
5,"0.7",0,31,"6m0j",0,"E","TYR",489,"","",True,2,2,1,"14","2666;2667","A","E","pdbfiles/pdb6m0j.ent","pdbs/6m0j.A.pdb",-37.73400115966797,41.29100036621094,1.5199999809265137
5,"0.7",0,32,"7bh9",0,"A","THR",27,"","",False,2,2,1,"26","2672;2673","A","E","pdbfiles/pdb7bh9.ent","pdbs/7bh9.A.pdb",172.447998046875,170.98800659179688,210.83399963378906
5,"0.7",0,33,"7bh9",0,"E","PHE",456,"","",True,2,2,1,"26","2672;2673","A","E","pdbfiles/pdb7bh9.ent","pdbs/7bh9.A.pdb",174.5570068359375,173.65199279785156,211.76100158691406
5,"0.7",0,34,"7bh9",0,"E","TYR",489,"","",True,2,2,1,"26","2672;2673","A","E","pdbfiles/pdb7bh9.ent","pdbs/7bh9.A.pdb",174.7429962158203,168.35400390625,211.24000549316406
5,"0.7",0,35,"7e3j",0,"A","LYS",353,"","",False,2,2,1,"53","2674;2675","A","B","pdbfiles/pdb7e3j.ent","pdbs/7e3j.A.pdb",-92.375,25.506000518798828,-24.986000061035156
5,"0.7",0,36,"7efp",0,"A","LYS",31,"","",False,2,2,1,"58","2676;2677","A","B","pdbfiles/pdb7efp.ent","pdbs/7efp.A.pdb",-33.90800094604492,-31.716999053955078,-16.86199951171875
5,"0.7",0,37,"7efp",0,"A","LYS",353,"","",False,2,2,1,"68","2678;2679","A","B","pdbfiles/pdb7efp.ent","pdbs/7efp.A.pdb",-39.35499954223633,-29.43199920654297,-33.96799850463867
5,"0.7",0,38,"7efr",0,"A","MET",82,"","",False,2,2,1,"79","2680;2681","A","B","pdbfiles/pdb7efr.ent","pdbs/7efr.A.pdb",23.424999237060547,30.280000686645508,6.309999942779541
5,"0.7",0,39,"7efr",0,"A","LYS",353,"","",False,2,2,1,"84","2682;2683","A","B","pdbfiles/pdb7efr.ent","pdbs/7efr.A.pdb",29.378999710083008,39.150001525878906,33.79499816894531
5,"0.7",0,40,"7ekc",0,"A","LYS",353,"","",False,2,2,1,"96","2684;2685","A","B","pdbfiles/pdb7ekc.ent","pdbs/7ekc.A.pdb",-33.402000427246094,21.11199951171875,1.6069999933242798
5,"0.7",0,41,"7ekg",0,"A","THR",27,"","",False,2,2,1,"122","2686;2687","A","B","pdbfiles/pdb7ekg.ent","pdbs/7ekg.A.pdb",-35.08100128173828,40.99800109863281,2.0339999198913574
5,"0.7",0,42,"7ekg",0,"A","MET",82,"","",False,2,2,1,"127","2688;2689","A","B","pdbfiles/pdb7ekg.ent","pdbs/7ekg.A.pdb",-39.48400115966797,45.57099914550781,-9.550000190734863
5,"0.7",0,43,"7ekg",0,"A","LYS",353,"","",False,2,2,1,"130","2690;2691","A","B","pdbfiles/pdb7ekg.ent","pdbs/7ekg.A.pdb",-34.80500030517578,21.57900047302246,0.9290000200271606
5,"0.7",0,44,"7ekg",0,"B","PHE",456,"","",True,2,2,1,"122","2686;2687","A","B","pdbfiles/pdb7ekg.ent","pdbs/7ekg.A.pdb",-35.08100128173828,37.92499923706055,4.061999797821045
5,"0.7",0,45,"7ekg",0,"B","TYR",489,"","",True,2,2,1,"122","2686;2687","A","B","pdbfiles/pdb7ekg.ent","pdbs/7ekg.A.pdb",-38.426998138427734,41.0620002746582,0.9049999713897705
5,"0.7",0,46,"7fc5",0,"A","THR",82,"","",True,2,2,1,"150","2692;2693","E","A","pdbfiles/pdb7fc5.ent","pdbs/7fc5.E.pdb",-9.102999687194824,-28.635000228881836,-40.64799880981445
5,"0.7",0,47,"7fc5",0,"E","TYR",505,"","",False,2,2,1,"153","2694;2695","E","A","pdbfiles/pdb7fc5.ent","pdbs/7fc5.E.pdb",12.020000457763672,-39.999000549316406,-29.243000030517578
5,"0.7",0,48,"7sxy",0,"B","TYR",505,"","",False,2,2,1,"198","2698;2699","B","E","pdbfiles/pdb7sxy.ent","pdbs/7sxy.B.pdb",220.7259979248047,169.66700744628906,250.81700134277344
5,"0.7",0,49,"7sxy",0,"E","MET",82,"","",True,2,2,1,"192","2696;2697","B","E","pdbfiles/pdb7sxy.ent","pdbs/7sxy.B.pdb",229.13600158691406,190.9550018310547,269.7279968261719
5,"0.7",0,50,"7sy0",0,"B","TYR",505,"","",False,2,2,1,"209","2702;2703","B","E","pdbfiles/pdb7sy0.ent","pdbs/7sy0.B.pdb",221.1320037841797,169.51800537109375,250.9250030517578
5,"0.7",0,51,"7sy0",0,"E","MET",82,"","",True,2,2,1,"204","2700;2701","B","E","pdbfiles/pdb7sy0.ent","pdbs/7sy0.B.pdb",229.1699981689453,190.74000549316406,269.9630126953125
5,"0.7",0,52,"7sy6",0,"B","TYR",501,"","",False,2,2,1,"217","2706;2707","B","E","pdbfiles/pdb7sy6.ent","pdbs/7sy6.B.pdb",225.91400146484375,165.74400329589844,250.86599731445312
5,"0.7",0,53,"7sy6",0,"B","TYR",505,"","",False,2,2,1,"217","2706;2707","B","E","pdbfiles/pdb7sy6.ent","pdbs/7sy6.B.pdb",221.83700561523438,168.72900390625,251.05299377441406
5,"0.7",0,54,"7sy6",0,"E","MET",82,"","",True,2,2,1,"211","2704;2705","B","E","pdbfiles/pdb7sy6.ent","pdbs/7sy6.B.pdb",232.21499633789062,189.1929931640625,270.1059875488281
5,"0.7",0,55,"7sy6",0,"E","LYS",353,"","",True,2,2,1,"217","2706;2707","B","E","pdbfiles/pdb7sy6.ent","pdbs/7sy6.B.pdb",224.24400329589844,167.77999877929688,253.51400756835938
5,"0.7",0,56,"7v84",0,"A","TYR",501,"","",False,2,2,1,"232","2708;2709","A","F","pdbfiles/pdb7v84.ent","pdbs/7v84.A.pdb",202.01800537109375,188.1020050048828,186.59300231933594
5,"0.7",0,57,"7v84",0,"A","TYR",505,"","",False,2,2,1,"232","2708;2709","A","F","pdbfiles/pdb7v84.ent","pdbs/7v84.A.pdb",203.11000061035156,192.7220001220703,187.00999450683594
5,"0.7",0,58,"7v84",0,"F","LYS",353,"","",True,2,2,1,"232","2708;2709","A","F","pdbfiles/pdb7v84.ent","pdbs/7v84.A.pdb",202.00799560546875,190.63299560546875,184.1009979248047
5,"0.7",0,59,"7w6u",0,"A","THR",27,"","",False,2,2,1,"233","2710;2711","A","B","pdbfiles/pdb7w6u.ent","pdbs/7w6u.A.pdb",-2.368000030517578,69.8239974975586,6.74399995803833
5,"0.7",0,60,"7w6u",0,"B","PHE",456,"","",True,2,2,1,"233","2710;2711","A","B","pdbfiles/pdb7w6u.ent","pdbs/7w6u.A.pdb",-5.269000053405762,69.07599639892578,4.9679999351501465
5,"0.7",0,61,"7w6u",0,"B","TYR",489,"","",True,2,2,1,"233","2710;2711","A","B","pdbfiles/pdb7w6u.ent","pdbs/7w6u.A.pdb",-0.39899998903274536,71.90299987792969,4.803999900817871
5,"0.7",0,62,"7w9i",0,"A","MET",82,"","",False,2,2,1,"257","2712;2713","A","E","pdbfiles/pdb7w9i.ent","pdbs/7w9i.A.pdb",224.54400634765625,169.57200622558594,287.8689880371094
5,"0.7",0,63,"7w9i",0,"A","TYR",83,"","",False,2,2,1,"257","2712;2713","A","E","pdbfiles/pdb7w9i.ent","pdbs/7w9i.A.pdb",222.48699951171875,170.62100219726562,283.68701171875
5,"0.7",0,64,"7w9i",0,"E","PHE",486,"","",True,2,2,1,"257","2712;2713","A","E","pdbfiles/pdb7w9i.ent","pdbs/7w9i.A.pdb",225.83900451660156,169.84300231933594,284.3340148925781
5,"0.7",0,65,"7wa1",0,"A","THR",27,"","",False,2,2,1,"260","2714;2715","A","B","pdbfiles/pdb7wa1.ent","pdbs/7wa1.A.pdb",128.4239959716797,107.822998046875,88.51599884033203
5,"0.7",0,66,"7wa1",0,"A","GLU",30,"","",False,2,2,1,"260","2714;2715","A","B","pdbfiles/pdb7wa1.ent","pdbs/7wa1.A.pdb",126.44000244140625,112.68099975585938,91.20600128173828
5,"0.7",0,67,"7wa1",0,"A","LYS",31,"","",False,2,2,1,"262","2716;2717","A","B","pdbfiles/pdb7wa1.ent","pdbs/7wa1.A.pdb",122.78099822998047,108.677001953125,91.37999725341797
5,"0.7",0,68,"7wpa",0,"D","LEU",79,"","",True,2,2,1,"289","2718;2719","A","D","pdbfiles/pdb7wpa.ent","pdbs/7wpa.A.pdb",214.84300231933594,177.218994140625,274.16900634765625
5,"0.7",0,69,"7wpb",0,"A","TYR",498,"","",False,2,2,1,"305","2724;2725","A","D","pdbfiles/pdb7wpb.ent","pdbs/7wpb.A.pdb",195.63099670410156,168.80799865722656,259.9079895019531
5,"0.7",0,70,"7wpb",0,"D","LYS",31,"","",True,2,2,1,"302","2722;2723","A","D","pdbfiles/pdb7wpb.ent","pdbs/7wpb.A.pdb",211.6909942626953,178.7899932861328,265.2569885253906
5,"0.7",0,71,"7wpb",0,"D","TYR",41,"","",True,2,2,1,"305","2724;2725","A","D","pdbfiles/pdb7wpb.ent","pdbs/7wpb.A.pdb",194.50399780273438,167.1230010986328,263.0010070800781
5,"0.7",0,72,"7wpb",0,"D","MET",82,"","",True,2,2,1,"299","2720;2721","A","D","pdbfiles/pdb7wpb.ent","pdbs/7wpb.A.pdb",215.6909942626953,186.1529998779297,274.4530029296875
5,"0.7",0,73,"7wpb",0,"D","LYS",353,"","",True,2,2,1,"305","2724;2725","A","D","pdbfiles/pdb7wpb.ent","pdbs/7wpb.A.pdb",196.91700744628906,171.93699645996094,261.1600036621094
5,"0.7",0,74,"7wse",0,"A","THR",27,"","",False,2,2,1,"309","2726;2727","A","B","pdbfiles/pdb7wse.ent","pdbs/7wse.A.pdb",100.73999786376953,97.87000274658203,139.7729949951172
5,"0.8",0,1,"7wa1",0,"B","PHE",456,"","",True,4,6,2,"260;262","2778;2779;2780;2781","A","B","pdbfiles/pdb7wa1.ent","pdbs/7wa1.A.pdb",125.24749946594238,110.20675086975098,88.32100105285645
5,"0.8",0,2,"6m0j",0,"E","TYR",505,"","",True,2,4,1,"24","2734;2735","A","E","pdbfiles/pdb6m0j.ent","pdbs/6m0j.A.pdb",-31.57900047302246,20.9060001373291,3.958500027656555
5,"0.8",0,3,"7e3j",0,"B","TYR",505,"","",True,2,4,1,"53","2738;2739","A","B","pdbfiles/pdb7e3j.ent","pdbs/7e3j.A.pdb",-94.96099853515625,25.42449951171875,-22.449000358581543
5,"0.8",0,4,"7efp",0,"B","TYR",489,"","",True,2,4,1,"58","2740;2741","A","B","pdbfiles/pdb7efp.ent","pdbs/7efp.A.pdb",-32.68350028991699,-31.625499725341797,-13.805999755859375
5,"0.8",0,5,"7efp",0,"B","TYR",505,"","",True,2,4,1,"68","2742;2743","A","B","pdbfiles/pdb7efp.ent","pdbs/7efp.A.pdb",-37.4789981842041,-32.44000053405762,-33.80550003051758
5,"0.8",0,6,"7efr",0,"B","PHE",486,"","",True,2,4,1,"79","2744;2745","A","B","pdbfiles/pdb7efr.ent","pdbs/7efr.A.pdb",26.392499923706055,30.327500343322754,8.24750018119812
5,"0.8",0,7,"7efr",0,"B","TYR",505,"","",True,2,4,1,"84","2746;2747","A","B","pdbfiles/pdb7efr.ent","pdbs/7efr.A.pdb",32.45549964904785,37.367000579833984,33.803001403808594
5,"0.8",0,8,"7ekc",0,"B","TYR",505,"","",True,2,4,1,"96","2748;2749","A","B","pdbfiles/pdb7ekc.ent","pdbs/7ekc.A.pdb",-30.349499702453613,21.45949935913086,3.3825000524520874
5,"0.8",0,9,"7ekg",0,"B","PHE",486,"","",True,2,4,1,"127","2752;2753","A","B","pdbfiles/pdb7ekg.ent","pdbs/7ekg.A.pdb",-39.958499908447266,45.4379997253418,-6.129500150680542
5,"0.8",0,10,"7ekg",0,"B","TYR",505,"","",True,2,4,1,"130","2754;2755","A","B","pdbfiles/pdb7ekg.ent","pdbs/7ekg.A.pdb",-31.939000129699707,21.982500076293945,3.083999991416931
5,"0.8",0,11,"7fc5",0,"A","LYS",353,"","",True,2,4,1,"153","2758;2759","E","A","pdbfiles/pdb7fc5.ent","pdbs/7fc5.E.pdb",9.789999961853027,-40.542999267578125,-26.40000057220459
5,"0.8",0,12,"7fc5",0,"E","PHE",486,"","",False,2,4,1,"150","2756;2757","E","A","pdbfiles/pdb7fc5.ent","pdbs/7fc5.E.pdb",-7.788999795913696,-25.588000297546387,-40.89499855041504
5,"0.8",0,13,"7sxy",0,"B","PHE",486,"","",False,2,4,1,"192","2760;2761","B","E","pdbfiles/pdb7sxy.ent","pdbs/7sxy.B.pdb",227.97000122070312,191.90249633789062,266.41949462890625
5,"0.8",0,14,"7sxy",0,"E","LYS",353,"","",True,2,4,1,"198","2762;2763","B","E","pdbfiles/pdb7sxy.ent","pdbs/7sxy.B.pdb",222.02249908447266,167.54199981689453,253.42949676513672
5,"0.8",0,15,"7sy0",0,"B","PHE",486,"","",False,2,4,1,"204","2764;2765","B","E","pdbfiles/pdb7sy0.ent","pdbs/7sy0.B.pdb",229.0374984741211,191.63700103759766,266.42950439453125
5,"0.8",0,16,"7sy0",0,"E","LYS",353,"","",True,2,4,1,"209","2766;2767","B","E","pdbfiles/pdb7sy0.ent","pdbs/7sy0.B.pdb",222.33550262451172,167.29600524902344,253.5510025024414
5,"0.8",0,17,"7sy6",0,"B","PHE",486,"","",False,2,4,1,"211","2768;2769","B","E","pdbfiles/pdb7sy6.ent","pdbs/7sy6.B.pdb",231.30349731445312,190.05750274658203,266.70001220703125
5,"0.8",0,18,"7wpa",0,"A","PHE",483,"","",False,2,4,1,"289","2782;2783","A","D","pdbfiles/pdb7wpa.ent","pdbs/7wpa.A.pdb",215.88600158691406,174.76549530029297,271.6914978027344
5,"0.8",0,19,"7wpb",0,"A","PHE",483,"","",False,2,4,1,"299","2784;2785","A","D","pdbfiles/pdb7wpb.ent","pdbs/7wpb.A.pdb",216.75599670410156,185.34099578857422,271.0749969482422
5,"0.8",0,20,"7wpb",0,"A","TYR",486,"","",False,2,4,1,"302","2786;2787","A","D","pdbfiles/pdb7wpb.ent","pdbs/7wpb.A.pdb",214.61600494384766,180.72249603271484,264.69349670410156
5,"0.8",0,21,"7wse",0,"B","PHE",456,"","",True,2,4,1,"309","2790;2791","A","B","pdbfiles/pdb7wse.ent","pdbs/7wse.A.pdb",102.95750045776367,100.58549880981445,140.19950103759766
5,"0.8",0,22,"6lzg",0,"A","THR",27,"","",False,2,2,1,"2","2728;2729","A","B","pdbfiles/pdb6lzg.ent","pdbs/6lzg.A.pdb",-34.37099838256836,40.8380012512207,2.553999900817871
5,"0.8",0,23,"6lzg",0,"B","PHE",456,"","",True,2,2,1,"2","2728;2729","A","B","pdbfiles/pdb6lzg.ent","pdbs/6lzg.A.pdb",-34.46900177001953,37.81999969482422,4.386000156402588
5,"0.8",0,24,"6lzg",0,"B","TYR",489,"","",True,2,2,1,"2","2728;2729","A","B","pdbfiles/pdb6lzg.ent","pdbs/6lzg.A.pdb",-37.722999572753906,40.99700164794922,1.2039999961853027
5,"0.8",0,25,"6m0j",0,"A","THR",27,"","",False,2,2,1,"14","2730;2731","A","E","pdbfiles/pdb6m0j.ent","pdbs/6m0j.A.pdb",-34.29899978637695,41.03499984741211,2.755000114440918
5,"0.8",0,26,"6m0j",0,"A","MET",82,"","",False,2,2,1,"21","2732;2733","A","E","pdbfiles/pdb6m0j.ent","pdbs/6m0j.A.pdb",-38.82699966430664,45.50699996948242,-9.295999526977539
5,"0.8",0,27,"6m0j",0,"A","TYR",83,"","",False,2,2,1,"21","2732;2733","A","E","pdbfiles/pdb6m0j.ent","pdbs/6m0j.A.pdb",-36.17499923706055,43.066001892089844,-6.019000053405762
5,"0.8",0,28,"6m0j",0,"A","LYS",353,"","",False,2,2,1,"24","2734;2735","A","E","pdbfiles/pdb6m0j.ent","pdbs/6m0j.A.pdb",-33.37300109863281,19.44499969482422,1.1640000343322754
5,"0.8",0,29,"6m0j",0,"E","PHE",456,"","",True,2,2,1,"14","2730;2731","A","E","pdbfiles/pdb6m0j.ent","pdbs/6m0j.A.pdb",-34.54600143432617,38.005001068115234,4.468999862670898
5,"0.8",0,30,"6m0j",0,"E","PHE",486,"","",True,2,2,1,"21","2732;2733","A","E","pdbfiles/pdb6m0j.ent","pdbs/6m0j.A.pdb",-39.236000061035156,45.058998107910156,-5.769000053405762
5,"0.8",0,31,"6m0j",0,"E","TYR",489,"","",True,2,2,1,"14","2730;2731","A","E","pdbfiles/pdb6m0j.ent","pdbs/6m0j.A.pdb",-37.73400115966797,41.29100036621094,1.5199999809265137
5,"0.8",0,32,"7bh9",0,"A","THR",27,"","",False,2,2,1,"26","2736;2737","A","E","pdbfiles/pdb7bh9.ent","pdbs/7bh9.A.pdb",172.447998046875,170.98800659179688,210.83399963378906
5,"0.8",0,33,"7bh9",0,"E","PHE",456,"","",True,2,2,1,"26","2736;2737","A","E","pdbfiles/pdb7bh9.ent","pdbs/7bh9.A.pdb",174.5570068359375,173.65199279785156,211.76100158691406
5,"0.8",0,34,"7bh9",0,"E","TYR",489,"","",True,2,2,1,"26","2736;2737","A","E","pdbfiles/pdb7bh9.ent","pdbs/7bh9.A.pdb",174.7429962158203,168.35400390625,211.24000549316406
5,"0.8",0,35,"7e3j",0,"A","LYS",353,"","",False,2,2,1,"53","2738;2739","A","B","pdbfiles/pdb7e3j.ent","pdbs/7e3j.A.pdb",-92.375,25.506000518798828,-24.986000061035156
5,"0.8",0,36,"7efp",0,"A","LYS",31,"","",False,2,2,1,"58","2740;2741","A","B","pdbfiles/pdb7efp.ent","pdbs/7efp.A.pdb",-33.90800094604492,-31.716999053955078,-16.86199951171875
5,"0.8",0,37,"7efp",0,"A","LYS",353,"","",False,2,2,1,"68","2742;2743","A","B","pdbfiles/pdb7efp.ent","pdbs/7efp.A.pdb",-39.35499954223633,-29.43199920654297,-33.96799850463867
5,"0.8",0,38,"7efr",0,"A","MET",82,"","",False,2,2,1,"79","2744;2745","A","B","pdbfiles/pdb7efr.ent","pdbs/7efr.A.pdb",23.424999237060547,30.280000686645508,6.309999942779541
5,"0.8",0,39,"7efr",0,"A","LYS",353,"","",False,2,2,1,"84","2746;2747","A","B","pdbfiles/pdb7efr.ent","pdbs/7efr.A.pdb",29.378999710083008,39.150001525878906,33.79499816894531
5,"0.8",0,40,"7ekc",0,"A","LYS",353,"","",False,2,2,1,"96","2748;2749","A","B","pdbfiles/pdb7ekc.ent","pdbs/7ekc.A.pdb",-33.402000427246094,21.11199951171875,1.6069999933242798
5,"0.8",0,41,"7ekg",0,"A","THR",27,"","",False,2,2,1,"122","2750;2751","A","B","pdbfiles/pdb7ekg.ent","pdbs/7ekg.A.pdb",-35.08100128173828,40.99800109863281,2.0339999198913574
5,"0.8",0,42,"7ekg",0,"A","MET",82,"","",False,2,2,1,"127","2752;2753","A","B","pdbfiles/pdb7ekg.ent","pdbs/7ekg.A.pdb",-39.48400115966797,45.57099914550781,-9.550000190734863
5,"0.8",0,43,"7ekg",0,"A","LYS",353,"","",False,2,2,1,"130","2754;2755","A","B","pdbfiles/pdb7ekg.ent","pdbs/7ekg.A.pdb",-34.80500030517578,21.57900047302246,0.9290000200271606
5,"0.8",0,44,"7ekg",0,"B","PHE",456,"","",True,2,2,1,"122","2750;2751","A","B","pdbfiles/pdb7ekg.ent","pdbs/7ekg.A.pdb",-35.08100128173828,37.92499923706055,4.061999797821045
5,"0.8",0,45,"7ekg",0,"B","TYR",489,"","",True,2,2,1,"122","2750;2751","A","B","pdbfiles/pdb7ekg.ent","pdbs/7ekg.A.pdb",-38.426998138427734,41.0620002746582,0.9049999713897705
5,"0.8",0,46,"7fc5",0,"A","THR",82,"","",True,2,2,1,"150","2756;2757","E","A","pdbfiles/pdb7fc5.ent","pdbs/7fc5.E.pdb",-9.102999687194824,-28.635000228881836,-40.64799880981445
5,"0.8",0,47,"7fc5",0,"E","TYR",505,"","",False,2,2,1,"153","2758;2759","E","A","pdbfiles/pdb7fc5.ent","pdbs/7fc5.E.pdb",12.020000457763672,-39.999000549316406,-29.243000030517578
5,"0.8",0,48,"7sxy",0,"B","TYR",505,"","",False,2,2,1,"198","2762;2763","B","E","pdbfiles/pdb7sxy.ent","pdbs/7sxy.B.pdb",220.7259979248047,169.66700744628906,250.81700134277344
5,"0.8",0,49,"7sxy",0,"E","MET",82,"","",True,2,2,1,"192","2760;2761","B","E","pdbfiles/pdb7sxy.ent","pdbs/7sxy.B.pdb",229.13600158691406,190.9550018310547,269.7279968261719
5,"0.8",0,50,"7sy0",0,"B","TYR",505,"","",False,2,2,1,"209","2766;2767","B","E","pdbfiles/pdb7sy0.ent","pdbs/7sy0.B.pdb",221.1320037841797,169.51800537109375,250.9250030517578
5,"0.8",0,51,"7sy0",0,"E","MET",82,"","",True,2,2,1,"204","2764;2765","B","E","pdbfiles/pdb7sy0.ent","pdbs/7sy0.B.pdb",229.1699981689453,190.74000549316406,269.9630126953125
5,"0.8",0,52,"7sy6",0,"B","TYR",501,"","",False,2,2,1,"217","2770;2771","B","E","pdbfiles/pdb7sy6.ent","pdbs/7sy6.B.pdb",225.91400146484375,165.74400329589844,250.86599731445312
5,"0.8",0,53,"7sy6",0,"B","TYR",505,"","",False,2,2,1,"217","2770;2771","B","E","pdbfiles/pdb7sy6.ent","pdbs/7sy6.B.pdb",221.83700561523438,168.72900390625,251.05299377441406
5,"0.8",0,54,"7sy6",0,"E","MET",82,"","",True,2,2,1,"211","2768;2769","B","E","pdbfiles/pdb7sy6.ent","pdbs/7sy6.B.pdb",232.21499633789062,189.1929931640625,270.1059875488281
5,"0.8",0,55,"7sy6",0,"E","LYS",353,"","",True,2,2,1,"217","2770;2771","B","E","pdbfiles/pdb7sy6.ent","pdbs/7sy6.B.pdb",224.24400329589844,167.77999877929688,253.51400756835938
5,"0.8",0,56,"7v84",0,"A","TYR",501,"","",False,2,2,1,"232","2772;2773","A","F","pdbfiles/pdb7v84.ent","pdbs/7v84.A.pdb",202.01800537109375,188.1020050048828,186.59300231933594
5,"0.8",0,57,"7v84",0,"A","TYR",505,"","",False,2,2,1,"232","2772;2773","A","F","pdbfiles/pdb7v84.ent","pdbs/7v84.A.pdb",203.11000061035156,192.7220001220703,187.00999450683594
5,"0.8",0,58,"7v84",0,"F","LYS",353,"","",True,2,2,1,"232","2772;2773","A","F","pdbfiles/pdb7v84.ent","pdbs/7v84.A.pdb",202.00799560546875,190.63299560546875,184.1009979248047
5,"0.8",0,59,"7w6u",0,"A","THR",27,"","",False,2,2,1,"233","2774;2775","A","B","pdbfiles/pdb7w6u.ent","pdbs/7w6u.A.pdb",-2.368000030517578,69.8239974975586,6.74399995803833
5,"0.8",0,60,"7w6u",0,"B","PHE",456,"","",True,2,2,1,"233","2774;2775","A","B","pdbfiles/pdb7w6u.ent","pdbs/7w6u.A.pdb",-5.269000053405762,69.07599639892578,4.9679999351501465
5,"0.8",0,61,"7w6u",0,"B","TYR",489,"","",True,2,2,1,"233","2774;2775","A","B","pdbfiles/pdb7w6u.ent","pdbs/7w6u.A.pdb",-0.39899998903274536,71.90299987792969,4.803999900817871
5,"0.8",0,62,"7w9i",0,"A","MET",82,"","",False,2,2,1,"257","2776;2777","A","E","pdbfiles/pdb7w9i.ent","pdbs/7w9i.A.pdb",224.54400634765625,169.57200622558594,287.8689880371094
5,"0.8",0,63,"7w9i",0,"A","TYR",83,"","",False,2,2,1,"257","2776;2777","A","E","pdbfiles/pdb7w9i.ent","pdbs/7w9i.A.pdb",222.48699951171875,170.62100219726562,283.68701171875
5,"0.8",0,64,"7w9i",0,"E","PHE",486,"","",True,2,2,1,"257","2776;2777","A","E","pdbfiles/pdb7w9i.ent","pdbs/7w9i.A.pdb",225.83900451660156,169.84300231933594,284.3340148925781
5,"0.8",0,65,"7wa1",0,"A","THR",27,"","",False,2,2,1,"260","2778;2779","A","B","pdbfiles/pdb7wa1.ent","pdbs/7wa1.A.pdb",128.4239959716797,107.822998046875,88.51599884033203
5,"0.8",0,66,"7wa1",0,"A","GLU",30,"","",False,2,2,1,"260","2778;2779","A","B","pdbfiles/pdb7wa1.ent","pdbs/7wa1.A.pdb",126.44000244140625,112.68099975585938,91.20600128173828
5,"0.8",0,67,"7wa1",0,"A","LYS",31,"","",False,2,2,1,"262","2780;2781","A","B","pdbfiles/pdb7wa1.ent","pdbs/7wa1.A.pdb",122.78099822998047,108.677001953125,91.37999725341797
5,"0.8",0,68,"7wpa",0,"D","LEU",79,"","",True,2,2,1,"289","2782;2783","A","D","pdbfiles/pdb7wpa.ent","pdbs/7wpa.A.pdb",214.84300231933594,177.218994140625,274.16900634765625
5,"0.8",0,69,"7wpb",0,"A","TYR",498,"","",False,2,2,1,"305","2788;2789","A","D","pdbfiles/pdb7wpb.ent","pdbs/7wpb.A.pdb",195.63099670410156,168.80799865722656,259.9079895019531
5,"0.8",0,70,"7wpb",0,"D","LYS",31,"","",True,2,2,1,"302","2786;2787","A","D","pdbfiles/pdb7wpb.ent","pdbs/7wpb.A.pdb",211.6909942626953,178.7899932861328,265.2569885253906
5,"0.8",0,71,"7wpb",0,"D","TYR",41,"","",True,2,2,1,"305","2788;2789","A","D","pdbfiles/pdb7wpb.ent","pdbs/7wpb.A.pdb",194.50399780273438,167.1230010986328,263.0010070800781
5,"0.8",0,72,"7wpb",0,"D","MET",82,"","",True,2,2,1,"299","2784;2785","A","D","pdbfiles/pdb7wpb.ent","pdbs/7wpb.A.pdb",215.6909942626953,186.1529998779297,274.4530029296875
5,"0.8",0,73,"7wpb",0,"D","LYS",353,"","",True,2,2,1,"305","2788;2789","A","D","pdbfiles/pdb7wpb.ent","pdbs/7wpb.A.pdb",196.91700744628906,171.93699645996094,261.1600036621094
5,"0.8",0,74,"7wse",0,"A","THR",27,"","",False,2,2,1,"309","2790;2791","A","B","pdbfiles/pdb7wse.ent","pdbs/7wse.A.pdb",100.73999786376953,97.87000274658203,139.7729949951172
5,"0.9",0,1,"7wa1",0,"B","PHE",456,"","",True,4,6,2,"260;262","2842;2843;2844;2845","A","B","pdbfiles/pdb7wa1.ent","pdbs/7wa1.A.pdb",125.24749946594238,110.20675086975098,88.32100105285645
5,"0.9",0,2,"6m0j",0,"E","TYR",505,"","",True,2,4,1,"24","2798;2799","A","E","pdbfiles/pdb6m0j.ent","pdbs/6m0j.A.pdb",-31.57900047302246,20.9060001373291,3.958500027656555
5,"0.9",0,3,"7e3j",0,"B","TYR",505,"","",True,2,4,1,"53","2802;2803","A","B","pdbfiles/pdb7e3j.ent","pdbs/7e3j.A.pdb",-94.96099853515625,25.42449951171875,-22.449000358581543
5,"0.9",0,4,"7efp",0,"B","TYR",489,"","",True,2,4,1,"58","2804;2805","A","B","pdbfiles/pdb7efp.ent","pdbs/7efp.A.pdb",-32.68350028991699,-31.625499725341797,-13.805999755859375
5,"0.9",0,5,"7efp",0,"B","TYR",505,"","",True,2,4,1,"68","2806;2807","A","B","pdbfiles/pdb7efp.ent","pdbs/7efp.A.pdb",-37.4789981842041,-32.44000053405762,-33.80550003051758
5,"0.9",0,6,"7efr",0,"B","PHE",486,"","",True,2,4,1,"79","2808;2809","A","B","pdbfiles/pdb7efr.ent","pdbs/7efr.A.pdb",26.392499923706055,30.327500343322754,8.24750018119812
5,"0.9",0,7,"7efr",0,"B","TYR",505,"","",True,2,4,1,"84","2810;2811","A","B","pdbfiles/pdb7efr.ent","pdbs/7efr.A.pdb",32.45549964904785,37.367000579833984,33.803001403808594
5,"0.9",0,8,"7ekc",0,"B","TYR",505,"","",True,2,4,1,"96","2812;2813","A","B","pdbfiles/pdb7ekc.ent","pdbs/7ekc.A.pdb",-30.349499702453613,21.45949935913086,3.3825000524520874
5,"0.9",0,9,"7ekg",0,"B","PHE",486,"","",True,2,4,1,"127","2816;2817","A","B","pdbfiles/pdb7ekg.ent","pdbs/7ekg.A.pdb",-39.958499908447266,45.4379997253418,-6.129500150680542
5,"0.9",0,10,"7ekg",0,"B","TYR",505,"","",True,2,4,1,"130","2818;2819","A","B","pdbfiles/pdb7ekg.ent","pdbs/7ekg.A.pdb",-31.939000129699707,21.982500076293945,3.083999991416931
5,"0.9",0,11,"7fc5",0,"A","LYS",353,"","",True,2,4,1,"153","2822;2823","E","A","pdbfiles/pdb7fc5.ent","pdbs/7fc5.E.pdb",9.789999961853027,-40.542999267578125,-26.40000057220459
5,"0.9",0,12,"7fc5",0,"E","PHE",486,"","",False,2,4,1,"150","2820;2821","E","A","pdbfiles/pdb7fc5.ent","pdbs/7fc5.E.pdb",-7.788999795913696,-25.588000297546387,-40.89499855041504
5,"0.9",0,13,"7sxy",0,"B","PHE",486,"","",False,2,4,1,"192","2824;2825","B","E","pdbfiles/pdb7sxy.ent","pdbs/7sxy.B.pdb",227.97000122070312,191.90249633789062,266.41949462890625
5,"0.9",0,14,"7sxy",0,"E","LYS",353,"","",True,2,4,1,"198","2826;2827","B","E","pdbfiles/pdb7sxy.ent","pdbs/7sxy.B.pdb",222.02249908447266,167.54199981689453,253.42949676513672
5,"0.9",0,15,"7sy0",0,"B","PHE",486,"","",False,2,4,1,"204","2828;2829","B","E","pdbfiles/pdb7sy0.ent","pdbs/7sy0.B.pdb",229.0374984741211,191.63700103759766,266.42950439453125
5,"0.9",0,16,"7sy0",0,"E","LYS",353,"","",True,2,4,1,"209","2830;2831","B","E","pdbfiles/pdb7sy0.ent","pdbs/7sy0.B.pdb",222.33550262451172,167.29600524902344,253.5510025024414
5,"0.9",0,17,"7sy6",0,"B","PHE",486,"","",False,2,4,1,"211","2832;2833","B","E","pdbfiles/pdb7sy6.ent","pdbs/7sy6.B.pdb",231.30349731445312,190.05750274658203,266.70001220703125
5,"0.9",0,18,"7wpa",0,"A","PHE",483,"","",False,2,4,1,"289","2846;2847","A","D","pdbfiles/pdb7wpa.ent","pdbs/7wpa.A.pdb",215.88600158691406,174.76549530029297,271.6914978027344
5,"0.9",0,19,"7wpb",0,"A","PHE",483,"","",False,2,4,1,"299","2848;2849","A","D","pdbfiles/pdb7wpb.ent","pdbs/7wpb.A.pdb",216.75599670410156,185.34099578857422,271.0749969482422
5,"0.9",0,20,"7wpb",0,"A","TYR",486,"","",False,2,4,1,"302","2850;2851","A","D","pdbfiles/pdb7wpb.ent","pdbs/7wpb.A.pdb",214.61600494384766,180.72249603271484,264.69349670410156
5,"0.9",0,21,"7wse",0,"B","PHE",456,"","",True,2,4,1,"309","2854;2855","A","B","pdbfiles/pdb7wse.ent","pdbs/7wse.A.pdb",102.95750045776367,100.58549880981445,140.19950103759766
5,"0.9",0,22,"6lzg",0,"A","THR",27,"","",False,2,2,1,"2","2792;2793","A","B","pdbfiles/pdb6lzg.ent","pdbs/6lzg.A.pdb",-34.37099838256836,40.8380012512207,2.553999900817871
5,"0.9",0,23,"6lzg",0,"B","PHE",456,"","",True,2,2,1,"2","2792;2793","A","B","pdbfiles/pdb6lzg.ent","pdbs/6lzg.A.pdb",-34.46900177001953,37.81999969482422,4.386000156402588
5,"0.9",0,24,"6lzg",0,"B","TYR",489,"","",True,2,2,1,"2","2792;2793","A","B","pdbfiles/pdb6lzg.ent","pdbs/6lzg.A.pdb",-37.722999572753906,40.99700164794922,1.2039999961853027
5,"0.9",0,25,"6m0j",0,"A","THR",27,"","",False,2,2,1,"14","2794;2795","A","E","pdbfiles/pdb6m0j.ent","pdbs/6m0j.A.pdb",-34.29899978637695,41.03499984741211,2.755000114440918
5,"0.9",0,26,"6m0j",0,"A","MET",82,"","",False,2,2,1,"21","2796;2797","A","E","pdbfiles/pdb6m0j.ent","pdbs/6m0j.A.pdb",-38.82699966430664,45.50699996948242,-9.295999526977539
5,"0.9",0,27,"6m0j",0,"A","TYR",83,"","",False,2,2,1,"21","2796;2797","A","E","pdbfiles/pdb6m0j.ent","pdbs/6m0j.A.pdb",-36.17499923706055,43.066001892089844,-6.019000053405762
5,"0.9",0,28,"6m0j",0,"A","LYS",353,"","",False,2,2,1,"24","2798;2799","A","E","pdbfiles/pdb6m0j.ent","pdbs/6m0j.A.pdb",-33.37300109863281,19.44499969482422,1.1640000343322754
5,"0.9",0,29,"6m0j",0,"E","PHE",456,"","",True,2,2,1,"14","2794;2795","A","E","pdbfiles/pdb6m0j.ent","pdbs/6m0j.A.pdb",-34.54600143432617,38.005001068115234,4.468999862670898
5,"0.9",0,30,"6m0j",0,"E","PHE",486,"","",True,2,2,1,"21","2796;2797","A","E","pdbfiles/pdb6m0j.ent","pdbs/6m0j.A.pdb",-39.236000061035156,45.058998107910156,-5.769000053405762
5,"0.9",0,31,"6m0j",0,"E","TYR",489,"","",True,2,2,1,"14","2794;2795","A","E","pdbfiles/pdb6m0j.ent","pdbs/6m0j.A.pdb",-37.73400115966797,41.29100036621094,1.5199999809265137
5,"0.9",0,32,"7bh9",0,"A","THR",27,"","",False,2,2,1,"26","2800;2801","A","E","pdbfiles/pdb7bh9.ent","pdbs/7bh9.A.pdb",172.447998046875,170.98800659179688,210.83399963378906
5,"0.9",0,33,"7bh9",0,"E","PHE",456,"","",True,2,2,1,"26","2800;2801","A","E","pdbfiles/pdb7bh9.ent","pdbs/7bh9.A.pdb",174.5570068359375,173.65199279785156,211.76100158691406
5,"0.9",0,34,"7bh9",0,"E","TYR",489,"","",True,2,2,1,"26","2800;2801","A","E","pdbfiles/pdb7bh9.ent","pdbs/7bh9.A.pdb",174.7429962158203,168.35400390625,211.24000549316406
5,"0.9",0,35,"7e3j",0,"A","LYS",353,"","",False,2,2,1,"53","2802;2803","A","B","pdbfiles/pdb7e3j.ent","pdbs/7e3j.A.pdb",-92.375,25.506000518798828,-24.986000061035156
5,"0.9",0,36,"7efp",0,"A","LYS",31,"","",False,2,2,1,"58","2804;2805","A","B","pdbfiles/pdb7efp.ent","pdbs/7efp.A.pdb",-33.90800094604492,-31.716999053955078,-16.86199951171875
5,"0.9",0,37,"7efp",0,"A","LYS",353,"","",False,2,2,1,"68","2806;2807","A","B","pdbfiles/pdb7efp.ent","pdbs/7efp.A.pdb",-39.35499954223633,-29.43199920654297,-33.96799850463867
5,"0.9",0,38,"7efr",0,"A","MET",82,"","",False,2,2,1,"79","2808;2809","A","B","pdbfiles/pdb7efr.ent","pdbs/7efr.A.pdb",23.424999237060547,30.280000686645508,6.309999942779541
5,"0.9",0,39,"7efr",0,"A","LYS",353,"","",False,2,2,1,"84","2810;2811","A","B","pdbfiles/pdb7efr.ent","pdbs/7efr.A.pdb",29.378999710083008,39.150001525878906,33.79499816894531
5,"0.9",0,40,"7ekc",0,"A","LYS",353,"","",False,2,2,1,"96","2812;2813","A","B","pdbfiles/pdb7ekc.ent","pdbs/7ekc.A.pdb",-33.402000427246094,21.11199951171875,1.6069999933242798
5,"0.9",0,41,"7ekg",0,"A","THR",27,"","",False,2,2,1,"122","2814;2815","A","B","pdbfiles/pdb7ekg.ent","pdbs/7ekg.A.pdb",-35.08100128173828,40.99800109863281,2.0339999198913574
5,"0.9",0,42,"7ekg",0,"A","MET",82,"","",False,2,2,1,"127","2816;2817","A","B","pdbfiles/pdb7ekg.ent","pdbs/7ekg.A.pdb",-39.48400115966797,45.57099914550781,-9.550000190734863
5,"0.9",0,43,"7ekg",0,"A","LYS",353,"","",False,2,2,1,"130","2818;2819","A","B","pdbfiles/pdb7ekg.ent","pdbs/7ekg.A.pdb",-34.80500030517578,21.57900047302246,0.9290000200271606
5,"0.9",0,44,"7ekg",0,"B","PHE",456,"","",True,2,2,1,"122","2814;2815","A","B","pdbfiles/pdb7ekg.ent","pdbs/7ekg.A.pdb",-35.08100128173828,37.92499923706055,4.061999797821045
5,"0.9",0,45,"7ekg",0,"B","TYR",489,"","",True,2,2,1,"122","2814;2815","A","B","pdbfiles/pdb7ekg.ent","pdbs/7ekg.A.pdb",-38.426998138427734,41.0620002746582,0.9049999713897705
5,"0.9",0,46,"7fc5",0,"A","THR",82,"","",True,2,2,1,"150","2820;2821","E","A","pdbfiles/pdb7fc5.ent","pdbs/7fc5.E.pdb",-9.102999687194824,-28.635000228881836,-40.64799880981445
5,"0.9",0,47,"7fc5",0,"E","TYR",505,"","",False,2,2,1,"153","2822;2823","E","A","pdbfiles/pdb7fc5.ent","pdbs/7fc5.E.pdb",12.020000457763672,-39.999000549316406,-29.243000030517578
5,"0.9",0,48,"7sxy",0,"B","TYR",505,"","",False,2,2,1,"198","2826;2827","B","E","pdbfiles/pdb7sxy.ent","pdbs/7sxy.B.pdb",220.7259979248047,169.66700744628906,250.81700134277344
5,"0.9",0,49,"7sxy",0,"E","MET",82,"","",True,2,2,1,"192","2824;2825","B","E","pdbfiles/pdb7sxy.ent","pdbs/7sxy.B.pdb",229.13600158691406,190.9550018310547,269.7279968261719
5,"0.9",0,50,"7sy0",0,"B","TYR",505,"","",False,2,2,1,"209","2830;2831","B","E","pdbfiles/pdb7sy0.ent","pdbs/7sy0.B.pdb",221.1320037841797,169.51800537109375,250.9250030517578
5,"0.9",0,51,"7sy0",0,"E","MET",82,"","",True,2,2,1,"204","2828;2829","B","E","pdbfiles/pdb7sy0.ent","pdbs/7sy0.B.pdb",229.1699981689453,190.74000549316406,269.9630126953125
5,"0.9",0,52,"7sy6",0,"B","TYR",501,"","",False,2,2,1,"217","2834;2835","B","E","pdbfiles/pdb7sy6.ent","pdbs/7sy6.B.pdb",225.91400146484375,165.74400329589844,250.86599731445312
5,"0.9",0,53,"7sy6",0,"B","TYR",505,"","",False,2,2,1,"217","2834;2835","B","E","pdbfiles/pdb7sy6.ent","pdbs/7sy6.B.pdb",221.83700561523438,168.72900390625,251.05299377441406
5,"0.9",0,54,"7sy6",0,"E","MET",82,"","",True,2,2,1,"211","2832;2833","B","E","pdbfiles/pdb7sy6.ent","pdbs/7sy6.B.pdb",232.21499633789062,189.1929931640625,270.1059875488281
5,"0.9",0,55,"7sy6",0,"E","LYS",353,"","",True,2,2,1,"217","2834;2835","B","E","pdbfiles/pdb7sy6.ent","pdbs/7sy6.B.pdb",224.24400329589844,167.77999877929688,253.51400756835938
5,"0.9",0,56,"7v84",0,"A","TYR",501,"","",False,2,2,1,"232","2836;2837","A","F","pdbfiles/pdb7v84.ent","pdbs/7v84.A.pdb",202.01800537109375,188.1020050048828,186.59300231933594
5,"0.9",0,57,"7v84",0,"A","TYR",505,"","",False,2,2,1,"232","2836;2837","A","F","pdbfiles/pdb7v84.ent","pdbs/7v84.A.pdb",203.11000061035156,192.7220001220703,187.00999450683594
5,"0.9",0,58,"7v84",0,"F","LYS",353,"","",True,2,2,1,"232","2836;2837","A","F","pdbfiles/pdb7v84.ent","pdbs/7v84.A.pdb",202.00799560546875,190.63299560546875,184.1009979248047
5,"0.9",0,59,"7w6u",0,"A","THR",27,"","",False,2,2,1,"233","2838;2839","A","B","pdbfiles/pdb7w6u.ent","pdbs/7w6u.A.pdb",-2.368000030517578,69.8239974975586,6.74399995803833
5,"0.9",0,60,"7w6u",0,"B","PHE",456,"","",True,2,2,1,"233","2838;2839","A","B","pdbfiles/pdb7w6u.ent","pdbs/7w6u.A.pdb",-5.269000053405762,69.07599639892578,4.9679999351501465
5,"0.9",0,61,"7w6u",0,"B","TYR",489,"","",True,2,2,1,"233","2838;2839","A","B","pdbfiles/pdb7w6u.ent","pdbs/7w6u.A.pdb",-0.39899998903274536,71.90299987792969,4.803999900817871
5,"0.9",0,62,"7w9i",0,"A","MET",82,"","",False,2,2,1,"257","2840;2841","A","E","pdbfiles/pdb7w9i.ent","pdbs/7w9i.A.pdb",224.54400634765625,169.57200622558594,287.8689880371094
5,"0.9",0,63,"7w9i",0,"A","TYR",83,"","",False,2,2,1,"257","2840;2841","A","E","pdbfiles/pdb7w9i.ent","pdbs/7w9i.A.pdb",222.48699951171875,170.62100219726562,283.68701171875
5,"0.9",0,64,"7w9i",0,"E","PHE",486,"","",True,2,2,1,"257","2840;2841","A","E","pdbfiles/pdb7w9i.ent","pdbs/7w9i.A.pdb",225.83900451660156,169.84300231933594,284.3340148925781
5,"0.9",0,65,"7wa1",0,"A","THR",27,"","",False,2,2,1,"260","2842;2843","A","B","pdbfiles/pdb7wa1.ent","pdbs/7wa1.A.pdb",128.4239959716797,107.822998046875,88.51599884033203
5,"0.9",0,66,"7wa1",0,"A","GLU",30,"","",False,2,2,1,"260","2842;2843","A","B","pdbfiles/pdb7wa1.ent","pdbs/7wa1.A.pdb",126.44000244140625,112.68099975585938,91.20600128173828
5,"0.9",0,67,"7wa1",0,"A","LYS",31,"","",False,2,2,1,"262","2844;2845","A","B","pdbfiles/pdb7wa1.ent","pdbs/7wa1.A.pdb",122.78099822998047,108.677001953125,91.37999725341797
5,"0.9",0,68,"7wpa",0,"D","LEU",79,"","",True,2,2,1,"289","2846;2847","A","D","pdbfiles/pdb7wpa.ent","pdbs/7wpa.A.pdb",214.84300231933594,177.218994140625,274.16900634765625
5,"0.9",0,69,"7wpb",0,"A","TYR",498,"","",False,2,2,1,"305","2852;2853","A","D","pdbfiles/pdb7wpb.ent","pdbs/7wpb.A.pdb",195.63099670410156,168.80799865722656,259.9079895019531
5,"0.9",0,70,"7wpb",0,"D","LYS",31,"","",True,2,2,1,"302","2850;2851","A","D","pdbfiles/pdb7wpb.ent","pdbs/7wpb.A.pdb",211.6909942626953,178.7899932861328,265.2569885253906
5,"0.9",0,71,"7wpb",0,"D","TYR",41,"","",True,2,2,1,"305","2852;2853","A","D","pdbfiles/pdb7wpb.ent","pdbs/7wpb.A.pdb",194.50399780273438,167.1230010986328,263.0010070800781
5,"0.9",0,72,"7wpb",0,"D","MET",82,"","",True,2,2,1,"299","2848;2849","A","D","pdbfiles/pdb7wpb.ent","pdbs/7wpb.A.pdb",215.6909942626953,186.1529998779297,274.4530029296875
5,"0.9",0,73,"7wpb",0,"D","LYS",353,"","",True,2,2,1,"305","2852;2853","A","D","pdbfiles/pdb7wpb.ent","pdbs/7wpb.A.pdb",196.91700744628906,171.93699645996094,261.1600036621094
5,"0.9",0,74,"7wse",0,"A","THR",27,"","",False,2,2,1,"309","2854;2855","A","B","pdbfiles/pdb7wse.ent","pdbs/7wse.A.pdb",100.73999786376953,97.87000274658203,139.7729949951172
5,"1.0",0,1,"7wa1",0,"B","PHE",456,"","",True,4,6,2,"260;262","2906;2907;2908;2909","A","B","pdbfiles/pdb7wa1.ent","pdbs/7wa1.A.pdb",125.24749946594238,110.20675086975098,88.32100105285645
5,"1.0",0,2,"6m0j",0,"E","TYR",505,"","",True,2,4,1,"24","2862;2863","A","E","pdbfiles/pdb6m0j.ent","pdbs/6m0j.A.pdb",-31.57900047302246,20.9060001373291,3.958500027656555
5,"1.0",0,3,"7e3j",0,"B","TYR",505,"","",True,2,4,1,"53","2866;2867","A","B","pdbfiles/pdb7e3j.ent","pdbs/7e3j.A.pdb",-94.96099853515625,25.42449951171875,-22.449000358581543
5,"1.0",0,4,"7efp",0,"B","TYR",489,"","",True,2,4,1,"58","2868;2869","A","B","pdbfiles/pdb7efp.ent","pdbs/7efp.A.pdb",-32.68350028991699,-31.625499725341797,-13.805999755859375
5,"1.0",0,5,"7efp",0,"B","TYR",505,"","",True,2,4,1,"68","2870;2871","A","B","pdbfiles/pdb7efp.ent","pdbs/7efp.A.pdb",-37.4789981842041,-32.44000053405762,-33.80550003051758
5,"1.0",0,6,"7efr",0,"B","PHE",486,"","",True,2,4,1,"79","2872;2873","A","B","pdbfiles/pdb7efr.ent","pdbs/7efr.A.pdb",26.392499923706055,30.327500343322754,8.24750018119812
5,"1.0",0,7,"7efr",0,"B","TYR",505,"","",True,2,4,1,"84","2874;2875","A","B","pdbfiles/pdb7efr.ent","pdbs/7efr.A.pdb",32.45549964904785,37.367000579833984,33.803001403808594
5,"1.0",0,8,"7ekc",0,"B","TYR",505,"","",True,2,4,1,"96","2876;2877","A","B","pdbfiles/pdb7ekc.ent","pdbs/7ekc.A.pdb",-30.349499702453613,21.45949935913086,3.3825000524520874
5,"1.0",0,9,"7ekg",0,"B","PHE",486,"","",True,2,4,1,"127","2880;2881","A","B","pdbfiles/pdb7ekg.ent","pdbs/7ekg.A.pdb",-39.958499908447266,45.4379997253418,-6.129500150680542
5,"1.0",0,10,"7ekg",0,"B","TYR",505,"","",True,2,4,1,"130","2882;2883","A","B","pdbfiles/pdb7ekg.ent","pdbs/7ekg.A.pdb",-31.939000129699707,21.982500076293945,3.083999991416931
5,"1.0",0,11,"7fc5",0,"A","LYS",353,"","",True,2,4,1,"153","2886;2887","E","A","pdbfiles/pdb7fc5.ent","pdbs/7fc5.E.pdb",9.789999961853027,-40.542999267578125,-26.40000057220459
5,"1.0",0,12,"7fc5",0,"E","PHE",486,"","",False,2,4,1,"150","2884;2885","E","A","pdbfiles/pdb7fc5.ent","pdbs/7fc5.E.pdb",-7.788999795913696,-25.588000297546387,-40.89499855041504
5,"1.0",0,13,"7sxy",0,"B","PHE",486,"","",False,2,4,1,"192","2888;2889","B","E","pdbfiles/pdb7sxy.ent","pdbs/7sxy.B.pdb",227.97000122070312,191.90249633789062,266.41949462890625
5,"1.0",0,14,"7sxy",0,"E","LYS",353,"","",True,2,4,1,"198","2890;2891","B","E","pdbfiles/pdb7sxy.ent","pdbs/7sxy.B.pdb",222.02249908447266,167.54199981689453,253.42949676513672
5,"1.0",0,15,"7sy0",0,"B","PHE",486,"","",False,2,4,1,"204","2892;2893","B","E","pdbfiles/pdb7sy0.ent","pdbs/7sy0.B.pdb",229.0374984741211,191.63700103759766,266.42950439453125
5,"1.0",0,16,"7sy0",0,"E","LYS",353,"","",True,2,4,1,"209","2894;2895","B","E","pdbfiles/pdb7sy0.ent","pdbs/7sy0.B.pdb",222.33550262451172,167.29600524902344,253.5510025024414
5,"1.0",0,17,"7sy6",0,"B","PHE",486,"","",False,2,4,1,"211","2896;2897","B","E","pdbfiles/pdb7sy6.ent","pdbs/7sy6.B.pdb",231.30349731445312,190.05750274658203,266.70001220703125
5,"1.0",0,18,"7wpa",0,"A","PHE",483,"","",False,2,4,1,"289","2910;2911","A","D","pdbfiles/pdb7wpa.ent","pdbs/7wpa.A.pdb",215.88600158691406,174.76549530029297,271.6914978027344
5,"1.0",0,19,"7wpb",0,"A","PHE",483,"","",False,2,4,1,"299","2912;2913","A","D","pdbfiles/pdb7wpb.ent","pdbs/7wpb.A.pdb",216.75599670410156,185.34099578857422,271.0749969482422
5,"1.0",0,20,"7wpb",0,"A","TYR",486,"","",False,2,4,1,"302","2914;2915","A","D","pdbfiles/pdb7wpb.ent","pdbs/7wpb.A.pdb",214.61600494384766,180.72249603271484,264.69349670410156
5,"1.0",0,21,"7wse",0,"B","PHE",456,"","",True,2,4,1,"309","2918;2919","A","B","pdbfiles/pdb7wse.ent","pdbs/7wse.A.pdb",102.95750045776367,100.58549880981445,140.19950103759766
5,"1.0",0,22,"6lzg",0,"A","THR",27,"","",False,2,2,1,"2","2856;2857","A","B","pdbfiles/pdb6lzg.ent","pdbs/6lzg.A.pdb",-34.37099838256836,40.8380012512207,2.553999900817871
5,"1.0",0,23,"6lzg",0,"B","PHE",456,"","",True,2,2,1,"2","2856;2857","A","B","pdbfiles/pdb6lzg.ent","pdbs/6lzg.A.pdb",-34.46900177001953,37.81999969482422,4.386000156402588
5,"1.0",0,24,"6lzg",0,"B","TYR",489,"","",True,2,2,1,"2","2856;2857","A","B","pdbfiles/pdb6lzg.ent","pdbs/6lzg.A.pdb",-37.722999572753906,40.99700164794922,1.2039999961853027
5,"1.0",0,25,"6m0j",0,"A","THR",27,"","",False,2,2,1,"14","2858;2859","A","E","pdbfiles/pdb6m0j.ent","pdbs/6m0j.A.pdb",-34.29899978637695,41.03499984741211,2.755000114440918
5,"1.0",0,26,"6m0j",0,"A","MET",82,"","",False,2,2,1,"21","2860;2861","A","E","pdbfiles/pdb6m0j.ent","pdbs/6m0j.A.pdb",-38.82699966430664,45.50699996948242,-9.295999526977539
5,"1.0",0,27,"6m0j",0,"A","TYR",83,"","",False,2,2,1,"21","2860;2861","A","E","pdbfiles/pdb6m0j.ent","pdbs/6m0j.A.pdb",-36.17499923706055,43.066001892089844,-6.019000053405762
5,"1.0",0,28,"6m0j",0,"A","LYS",353,"","",False,2,2,1,"24","2862;2863","A","E","pdbfiles/pdb6m0j.ent","pdbs/6m0j.A.pdb",-33.37300109863281,19.44499969482422,1.1640000343322754
5,"1.0",0,29,"6m0j",0,"E","PHE",456,"","",True,2,2,1,"14","2858;2859","A","E","pdbfiles/pdb6m0j.ent","pdbs/6m0j.A.pdb",-34.54600143432617,38.005001068115234,4.468999862670898
5,"1.0",0,30,"6m0j",0,"E","PHE",486,"","",True,2,2,1,"21","2860;2861","A","E","pdbfiles/pdb6m0j.ent","pdbs/6m0j.A.pdb",-39.236000061035156,45.058998107910156,-5.769000053405762
5,"1.0",0,31,"6m0j",0,"E","TYR",489,"","",True,2,2,1,"14","2858;2859","A","E","pdbfiles/pdb6m0j.ent","pdbs/6m0j.A.pdb",-37.73400115966797,41.29100036621094,1.5199999809265137
5,"1.0",0,32,"7bh9",0,"A","THR",27,"","",False,2,2,1,"26","2864;2865","A","E","pdbfiles/pdb7bh9.ent","pdbs/7bh9.A.pdb",172.447998046875,170.98800659179688,210.83399963378906
5,"1.0",0,33,"7bh9",0,"E","PHE",456,"","",True,2,2,1,"26","2864;2865","A","E","pdbfiles/pdb7bh9.ent","pdbs/7bh9.A.pdb",174.5570068359375,173.65199279785156,211.76100158691406
5,"1.0",0,34,"7bh9",0,"E","TYR",489,"","",True,2,2,1,"26","2864;2865","A","E","pdbfiles/pdb7bh9.ent","pdbs/7bh9.A.pdb",174.7429962158203,168.35400390625,211.24000549316406
5,"1.0",0,35,"7e3j",0,"A","LYS",353,"","",False,2,2,1,"53","2866;2867","A","B","pdbfiles/pdb7e3j.ent","pdbs/7e3j.A.pdb",-92.375,25.506000518798828,-24.986000061035156
5,"1.0",0,36,"7efp",0,"A","LYS",31,"","",False,2,2,1,"58","2868;2869","A","B","pdbfiles/pdb7efp.ent","pdbs/7efp.A.pdb",-33.90800094604492,-31.716999053955078,-16.86199951171875
5,"1.0",0,37,"7efp",0,"A","LYS",353,"","",False,2,2,1,"68","2870;2871","A","B","pdbfiles/pdb7efp.ent","pdbs/7efp.A.pdb",-39.35499954223633,-29.43199920654297,-33.96799850463867
5,"1.0",0,38,"7efr",0,"A","MET",82,"","",False,2,2,1,"79","2872;2873","A","B","pdbfiles/pdb7efr.ent","pdbs/7efr.A.pdb",23.424999237060547,30.280000686645508,6.309999942779541
5,"1.0",0,39,"7efr",0,"A","LYS",353,"","",False,2,2,1,"84","2874;2875","A","B","pdbfiles/pdb7efr.ent","pdbs/7efr.A.pdb",29.378999710083008,39.150001525878906,33.79499816894531
5,"1.0",0,40,"7ekc",0,"A","LYS",353,"","",False,2,2,1,"96","2876;2877","A","B","pdbfiles/pdb7ekc.ent","pdbs/7ekc.A.pdb",-33.402000427246094,21.11199951171875,1.6069999933242798
5,"1.0",0,41,"7ekg",0,"A","THR",27,"","",False,2,2,1,"122","2878;2879","A","B","pdbfiles/pdb7ekg.ent","pdbs/7ekg.A.pdb",-35.08100128173828,40.99800109863281,2.0339999198913574
5,"1.0",0,42,"7ekg",0,"A","MET",82,"","",False,2,2,1,"127","2880;2881","A","B","pdbfiles/pdb7ekg.ent","pdbs/7ekg.A.pdb",-39.48400115966797,45.57099914550781,-9.550000190734863
5,"1.0",0,43,"7ekg",0,"A","LYS",353,"","",False,2,2,1,"130","2882;2883","A","B","pdbfiles/pdb7ekg.ent","pdbs/7ekg.A.pdb",-34.80500030517578,21.57900047302246,0.9290000200271606
5,"1.0",0,44,"7ekg",0,"B","PHE",456,"","",True,2,2,1,"122","2878;2879","A","B","pdbfiles/pdb7ekg.ent","pdbs/7ekg.A.pdb",-35.08100128173828,37.92499923706055,4.061999797821045
5,"1.0",0,45,"7ekg",0,"B","TYR",489,"","",True,2,2,1,"122","2878;2879","A","B","pdbfiles/pdb7ekg.ent","pdbs/7ekg.A.pdb",-38.426998138427734,41.0620002746582,0.9049999713897705
5,"1.0",0,46,"7fc5",0,"A","THR",82,"","",True,2,2,1,"150","2884;2885","E","A","pdbfiles/pdb7fc5.ent","pdbs/7fc5.E.pdb",-9.102999687194824,-28.635000228881836,-40.64799880981445
5,"1.0",0,47,"7fc5",0,"E","TYR",505,"","",False,2,2,1,"153","2886;2887","E","A","pdbfiles/pdb7fc5.ent","pdbs/7fc5.E.pdb",12.020000457763672,-39.999000549316406,-29.243000030517578
5,"1.0",0,48,"7sxy",0,"B","TYR",505,"","",False,2,2,1,"198","2890;2891","B","E","pdbfiles/pdb7sxy.ent","pdbs/7sxy.B.pdb",220.7259979248047,169.66700744628906,250.81700134277344
5,"1.0",0,49,"7sxy",0,"E","MET",82,"","",True,2,2,1,"192","2888;2889","B","E","pdbfiles/pdb7sxy.ent","pdbs/7sxy.B.pdb",229.13600158691406,190.9550018310547,269.7279968261719
5,"1.0",0,50,"7sy0",0,"B","TYR",505,"","",False,2,2,1,"209","2894;2895","B","E","pdbfiles/pdb7sy0.ent","pdbs/7sy0.B.pdb",221.1320037841797,169.51800537109375,250.9250030517578
5,"1.0",0,51,"7sy0",0,"E","MET",82,"","",True,2,2,1,"204","2892;2893","B","E","pdbfiles/pdb7sy0.ent","pdbs/7sy0.B.pdb",229.1699981689453,190.74000549316406,269.9630126953125
5,"1.0",0,52,"7sy6",0,"B","TYR",501,"","",False,2,2,1,"217","2898;2899","B","E","pdbfiles/pdb7sy6.ent","pdbs/7sy6.B.pdb",225.91400146484375,165.74400329589844,250.86599731445312
5,"1.0",0,53,"7sy6",0,"B","TYR",505,"","",False,2,2,1,"217","2898;2899","B","E","pdbfiles/pdb7sy6.ent","pdbs/7sy6.B.pdb",221.83700561523438,168.72900390625,251.05299377441406
5,"1.0",0,54,"7sy6",0,"E","MET",82,"","",True,2,2,1,"211","2896;2897","B","E","pdbfiles/pdb7sy6.ent","pdbs/7sy6.B.pdb",232.21499633789062,189.1929931640625,270.1059875488281
5,"1.0",0,55,"7sy6",0,"E","LYS",353,"","",True,2,2,1,"217","2898;2899","B","E","pdbfiles/pdb7sy6.ent","pdbs/7sy6.B.pdb",224.24400329589844,167.77999877929688,253.51400756835938
5,"1.0",0,56,"7v84",0,"A","TYR",501,"","",False,2,2,1,"232","2900;2901","A","F","pdbfiles/pdb7v84.ent","pdbs/7v84.A.pdb",202.01800537109375,188.1020050048828,186.59300231933594
5,"1.0",0,57,"7v84",0,"A","TYR",505,"","",False,2,2,1,"232","2900;2901","A","F","pdbfiles/pdb7v84.ent","pdbs/7v84.A.pdb",203.11000061035156,192.7220001220703,187.00999450683594
5,"1.0",0,58,"7v84",0,"F","LYS",353,"","",True,2,2,1,"232","2900;2901","A","F","pdbfiles/pdb7v84.ent","pdbs/7v84.A.pdb",202.00799560546875,190.63299560546875,184.1009979248047
5,"1.0",0,59,"7w6u",0,"A","THR",27,"","",False,2,2,1,"233","2902;2903","A","B","pdbfiles/pdb7w6u.ent","pdbs/7w6u.A.pdb",-2.368000030517578,69.8239974975586,6.74399995803833
5,"1.0",0,60,"7w6u",0,"B","PHE",456,"","",True,2,2,1,"233","2902;2903","A","B","pdbfiles/pdb7w6u.ent","pdbs/7w6u.A.pdb",-5.269000053405762,69.07599639892578,4.9679999351501465
5,"1.0",0,61,"7w6u",0,"B","TYR",489,"","",True,2,2,1,"233","2902;2903","A","B","pdbfiles/pdb7w6u.ent","pdbs/7w6u.A.pdb",-0.39899998903274536,71.90299987792969,4.803999900817871
5,"1.0",0,62,"7w9i",0,"A","MET",82,"","",False,2,2,1,"257","2904;2905","A","E","pdbfiles/pdb7w9i.ent","pdbs/7w9i.A.pdb",224.54400634765625,169.57200622558594,287.8689880371094
5,"1.0",0,63,"7w9i",0,"A","TYR",83,"","",False,2,2,1,"257","2904;2905","A","E","pdbfiles/pdb7w9i.ent","pdbs/7w9i.A.pdb",222.48699951171875,170.62100219726562,283.68701171875
5,"1.0",0,64,"7w9i",0,"E","PHE",486,"","",True,2,2,1,"257","2904;2905","A","E","pdbfiles/pdb7w9i.ent","pdbs/7w9i.A.pdb",225.83900451660156,169.84300231933594,284.3340148925781
5,"1.0",0,65,"7wa1",0,"A","THR",27,"","",False,2,2,1,"260","2906;2907","A","B","pdbfiles/pdb7wa1.ent","pdbs/7wa1.A.pdb",128.4239959716797,107.822998046875,88.51599884033203
5,"1.0",0,66,"7wa1",0,"A","GLU",30,"","",False,2,2,1,"260","2906;2907","A","B","pdbfiles/pdb7wa1.ent","pdbs/7wa1.A.pdb",126.44000244140625,112.68099975585938,91.20600128173828
5,"1.0",0,67,"7wa1",0,"A","LYS",31,"","",False,2,2,1,"262","2908;2909","A","B","pdbfiles/pdb7wa1.ent","pdbs/7wa1.A.pdb",122.78099822998047,108.677001953125,91.37999725341797
5,"1.0",0,68,"7wpa",0,"D","LEU",79,"","",True,2,2,1,"289","2910;2911","A","D","pdbfiles/pdb7wpa.ent","pdbs/7wpa.A.pdb",214.84300231933594,177.218994140625,274.16900634765625
5,"1.0",0,69,"7wpb",0,"A","TYR",498,"","",False,2,2,1,"305","2916;2917","A","D","pdbfiles/pdb7wpb.ent","pdbs/7wpb.A.pdb",195.63099670410156,168.80799865722656,259.9079895019531
5,"1.0",0,70,"7wpb",0,"D","LYS",31,"","",True,2,2,1,"302","2914;2915","A","D","pdbfiles/pdb7wpb.ent","pdbs/7wpb.A.pdb",211.6909942626953,178.7899932861328,265.2569885253906
5,"1.0",0,71,"7wpb",0,"D","TYR",41,"","",True,2,2,1,"305","2916;2917","A","D","pdbfiles/pdb7wpb.ent","pdbs/7wpb.A.pdb",194.50399780273438,167.1230010986328,263.0010070800781
5,"1.0",0,72,"7wpb",0,"D","MET",82,"","",True,2,2,1,"299","2912;2913","A","D","pdbfiles/pdb7wpb.ent","pdbs/7wpb.A.pdb",215.6909942626953,186.1529998779297,274.4530029296875
5,"1.0",0,73,"7wpb",0,"D","LYS",353,"","",True,2,2,1,"305","2916;2917","A","D","pdbfiles/pdb7wpb.ent","pdbs/7wpb.A.pdb",196.91700744628906,171.93699645996094,261.1600036621094
5,"1.0",0,74,"7wse",0,"A","THR",27,"","",False,2,2,1,"309","2918;2919","A","B","pdbfiles/pdb7wse.ent","pdbs/7wse.A.pdb",100.73999786376953,97.87000274658203,139.7729949951172
